"Date","Price","Open","High","Low","Vol.","Change %"
"01/29/2025","206.35","208.84","211.45","202.77","32.53M","-0.49%"
"01/28/2025","207.36","208.01","209.95","198.89","50.32M","2.59%"
"01/27/2025","202.13","213.40","218.43","196.23","90.57M","-17.40%"
"01/24/2025","244.70","244.70","249.59","241.91","25.39M","1.84%"
"01/23/2025","240.28","238.41","240.40","236.12","17.65M","-0.26%"
"01/22/2025","240.91","246.75","246.99","240.69","29.61M","0.25%"
"01/21/2025","240.31","241.50","242.75","237.40","30.90M","1.21%"
"01/17/2025","237.44","237.08","238.10","232.66","31.20M","3.50%"
"01/16/2025","229.41","235.22","238.60","229.21","23.47M","0.62%"
"01/15/2025","228.00","228.55","230.34","225.58","21.75M","1.47%"
"01/14/2025","224.70","226.57","230.26","223.10","18.14M","-0.26%"
"01/13/2025","225.29","219.99","229.26","219.51","23.77M","0.44%"
"01/10/2025","224.31","227.30","227.83","221.25","23.86M","-2.18%"
"01/08/2025","229.31","229.70","232.47","226.06","18.76M","0.29%"
"01/07/2025","228.64","239.50","239.50","227.60","25.93M","-3.29%"
"01/06/2025","236.41","236.50","241.75","233.30","34.03M","1.66%"
"01/03/2025","232.55","233.59","236.49","229.00","24.97M","0.25%"
"01/02/2025","231.98","236.15","239.50","230.24","31.53M","0.06%"
"12/31/2024","231.84","235.88","237.46","231.31","17.93M","-1.59%"
"12/30/2024","235.58","234.70","238.77","231.62","27.32M","-2.55%"
"12/27/2024","241.75","245.64","245.78","236.35","29.28M","-1.47%"
"12/26/2024","245.36","240.00","247.28","237.60","28.54M","2.37%"
"12/24/2024","239.68","240.12","240.23","234.80","22.83M","3.15%"
"12/23/2024","232.35","226.69","233.40","225.13","40.64M","5.24%"
"12/20/2024","220.79","220.36","230.29","218.91","131.91M","1.13%"
"12/19/2024","218.32","227.91","228.05","217.58","40.85M","-2.37%"
"12/18/2024","223.62","239.41","239.85","219.22","53.96M","-6.91%"
"12/17/2024","240.23","240.65","242.47","233.80","70.38M","-3.91%"
"12/16/2024","250.00","231.79","251.88","230.81","111.62M","11.21%"
"12/13/2024","224.80","213.90","228.70","211.11","121.34M","24.43%"
"12/12/2024","180.66","180.93","182.00","175.99","46.97M","-1.39%"
"12/11/2024","183.20","180.01","184.87","176.43","41.30M","6.63%"
"12/10/2024","171.81","177.81","178.50","169.73","27.76M","-3.98%"
"12/09/2024","178.94","178.95","180.79","176.02","20.89M","-0.33%"
"12/06/2024","179.53","170.10","180.68","169.33","27.83M","5.31%"
"12/05/2024","170.47","170.75","172.40","169.20","18.49M","-0.05%"
"12/04/2024","170.56","173.44","175.39","168.56","32.75M","1.43%"
"12/03/2024","168.15","164.48","168.27","164.03","17.02M","0.98%"
"12/02/2024","166.51","162.95","168.38","162.75","21.47M","2.73%"
"11/29/2024","162.08","159.57","162.69","159.08","11.02M","1.51%"
"11/27/2024","159.67","163.20","163.20","157.54","19.72M","-3.08%"
"11/26/2024","164.74","164.60","166.37","162.69","16.31M","-0.05%"
"11/25/2024","164.82","165.40","167.23","162.89","26.85M","0.36%"
"11/22/2024","164.23","164.30","164.91","162.40","17.33M","0.18%"
"11/21/2024","163.94","166.25","166.34","160.60","24.84M","0.42%"
"11/20/2024","163.25","165.54","165.54","160.86","17.20M","-1.27%"
"11/19/2024","165.35","166.66","166.80","164.31","18.00M","-0.19%"
"11/18/2024","165.67","165.66","166.35","162.22","17.87M","0.50%"
"11/15/2024","164.84","168.47","169.13","163.43","20.84M","-3.25%"
"11/14/2024","170.38","174.77","175.57","169.87","20.64M","-1.84%"
"11/13/2024","173.58","174.71","175.59","172.60","17.47M","-1.50%"
"11/12/2024","176.22","178.90","179.56","173.20","15.86M","-1.50%"
"11/11/2024","178.91","183.40","183.63","176.82","17.04M","-2.58%"
"11/08/2024","183.64","182.99","185.05","181.83","13.50M","-0.09%"
"11/07/2024","183.81","181.99","184.87","181.79","18.97M","2.37%"
"11/06/2024","179.55","179.63","180.21","175.96","24.30M","3.25%"
"11/05/2024","173.90","170.05","174.40","170.05","13.44M","3.17%"
"11/04/2024","168.55","169.28","172.45","168.42","13.62M","-0.22%"
"11/01/2024","168.92","168.26","171.33","167.50","17.85M","-0.50%"
"10/31/2024","169.77","174.45","174.45","167.38","26.09M","-3.89%"
"10/30/2024","176.64","177.47","179.19","175.62","17.91M","-1.45%"
"10/29/2024","179.24","172.43","180.23","171.21","23.70M","4.20%"
"10/28/2024","172.02","173.00","173.97","171.35","13.20M","-0.57%"
"10/25/2024","173.00","174.19","176.80","172.72","19.98M","0.96%"
"10/24/2024","171.35","174.26","174.30","169.50","20.49M","-1.24%"
"10/23/2024","173.51","177.59","178.98","172.57","19.51M","-3.27%"
"10/22/2024","179.38","178.66","180.69","177.41","12.06M","-0.34%"
"10/21/2024","179.99","179.38","181.72","178.25","13.70M","0.06%"
"10/18/2024","179.89","182.32","182.71","178.68","17.84M","-0.90%"
"10/17/2024","181.53","181.37","185.51","180.69","25.23M","2.66%"
"10/16/2024","176.82","178.51","179.25","175.33","15.29M","0.48%"
"10/15/2024","175.98","180.79","181.70","173.37","27.66M","-3.47%"
"10/14/2024","182.31","183.30","184.95","180.13","17.20M","0.46%"
"10/11/2024","181.48","181.14","182.59","177.40","23.07M","-2.27%"
"10/10/2024","185.69","183.56","186.31","182.53","16.32M","-0.14%"
"10/09/2024","185.95","179.24","186.42","176.42","25.50M","2.89%"
"10/08/2024","180.73","175.42","181.60","174.89","20.77M","3.23%"
"10/07/2024","175.08","174.82","178.31","173.86","15.59M","-0.88%"
"10/04/2024","176.64","176.30","176.90","172.60","17.94M","2.76%"
"10/03/2024","171.89","169.62","174.94","169.19","13.07M","0.72%"
"10/02/2024","170.66","167.55","172.84","167.02","14.32M","1.90%"
"10/01/2024","167.47","172.16","172.25","165.80","23.77M","-2.92%"
"09/30/2024","172.50","171.87","172.92","169.63","16.90M","-0.11%"
"09/27/2024","172.69","178.17","178.47","171.76","20.58M","-3.03%"
"09/26/2024","178.09","178.50","180.25","175.00","24.34M","1.46%"
"09/25/2024","175.52","174.65","177.14","173.76","16.61M","0.39%"
"09/24/2024","174.84","172.81","175.99","171.68","34.22M","1.10%"
"09/23/2024","172.94","172.00","173.32","168.35","29.43M","1.08%"
"09/20/2024","171.10","167.18","172.02","166.47","91.76M","2.20%"
"09/19/2024","167.42","167.68","170.00","165.66","32.45M","3.56%"
"09/18/2024","161.67","163.77","167.47","161.36","26.56M","-0.49%"
"09/17/2024","162.47","165.49","166.02","160.70","19.84M","-0.95%"
"09/16/2024","164.02","165.19","165.50","160.41","26.13M","-2.19%"
"09/13/2024","167.69","166.74","168.08","164.04","29.85M","1.90%"
"09/12/2024","164.56","158.10","166.32","156.83","43.58M","3.97%"
"09/11/2024","158.27","148.39","158.87","145.04","39.70M","6.79%"
"09/10/2024","148.21","141.22","149.86","141.04","36.07M","5.25%"
"09/09/2024","140.82","139.11","141.59","134.90","39.52M","2.79%"
"09/06/2024","136.99","143.25","143.50","136.60","76.63M","-10.36%"
"09/05/2024","152.82","150.57","156.36","150.11","31.55M","-0.84%"
"09/04/2024","154.12","150.30","157.79","149.15","20.32M","0.87%"
"09/03/2024","152.79","160.38","160.74","151.38","37.18M","-6.16%"
"08/30/2024","162.82","161.12","163.24","158.71","25.16M","3.75%"
"08/29/2024","156.93","158.49","163.20","155.41","23.52M","-0.79%"
"08/28/2024","158.18","160.08","162.28","156.25","18.06M","-1.99%"
"08/27/2024","161.39","157.60","162.03","155.83","16.68M","1.11%"
"08/26/2024","159.62","164.96","165.70","158.66","18.52M","-4.05%"
"08/23/2024","166.36","165.02","168.28","163.46","18.85M","2.48%"
"08/22/2024","162.34","170.84","172.42","161.49","30.04M","-2.08%"
"08/21/2024","165.78","165.12","166.47","162.88","16.10M","-0.10%"
"08/20/2024","165.95","167.05","168.37","164.15","19.42M","-1.05%"
"08/19/2024","167.71","164.86","167.83","160.42","20.44M","1.20%"
"08/16/2024","165.72","164.47","166.09","162.68","19.30M","-0.25%"
"08/15/2024","166.13","161.20","166.67","160.34","27.94M","5.35%"
"08/14/2024","157.69","158.02","160.25","154.72","20.18M","0.98%"
"08/13/2024","156.16","151.55","156.38","149.81","22.05M","5.07%"
"08/12/2024","148.62","148.08","151.13","146.37","17.78M","0.24%"
"08/09/2024","148.26","144.20","149.55","144.11","18.44M","1.73%"
"08/08/2024","145.74","141.20","146.27","138.40","27.58M","6.95%"
"08/07/2024","136.27","148.25","150.10","135.83","29.75M","-5.32%"
"08/06/2024","143.92","141.73","148.91","140.25","24.75M","1.30%"
"08/05/2024","142.08","129.61","145.42","128.50","41.31M","-1.21%"
"08/02/2024","143.82","141.93","145.35","139.60","33.75M","-2.18%"
"08/01/2024","147.02","157.50","158.91","146.17","40.32M","-8.50%"
"07/31/2024","160.68","151.47","161.33","151.00","45.83M","11.96%"
"07/30/2024","143.52","153.28","153.47","143.35","31.10M","-4.46%"
"07/29/2024","150.22","152.02","155.00","149.15","16.63M","-0.93%"
"07/26/2024","151.63","153.50","153.58","149.92","20.84M","1.59%"
"07/25/2024","149.26","151.26","153.55","145.52","30.87M","-1.37%"
"07/24/2024","151.34","160.35","161.40","151.10","37.16M","-7.59%"
"07/23/2024","163.77","160.40","165.33","159.90","21.57M","1.68%"
"07/22/2024","161.06","160.23","162.99","157.90","28.81M","2.36%"
"07/19/2024","157.35","161.84","163.95","157.12","26.31M","-1.97%"
"07/18/2024","160.52","158.89","161.51","153.90","37.97M","2.91%"
"07/17/2024","155.98","162.31","162.84","155.61","43.34M","-7.91%"
"07/16/2024","169.38","172.40","172.81","166.40","22.24M","-1.19%"
"07/15/2024","171.42","170.00","173.51","169.26","23.00M","0.80%"
"07/12/2024","170.07","171.10","172.59","169.13","30.45M","-0.31%"
"07/11/2024","170.60","176.47","176.49","166.85","51.11M","-2.22%"
"07/10/2024","174.47","174.60","176.65","172.64","41.07M","0.66%"
"07/09/2024","173.33","175.66","177.10","170.56","37.92M","-0.72%"
"07/08/2024","174.59","170.50","175.69","170.50","36.40M","2.50%"
"07/05/2024","170.33","175.56","176.55","169.60","45.24M","-1.50%"
"07/03/2024","172.92","167.00","172.92","166.45","39.95M","4.33%"
"07/02/2024","165.75","164.08","165.92","162.20","32.54M","1.02%"
"07/01/2024","164.08","160.82","164.88","159.35","47.62M","2.20%"
"06/28/2024","160.55","159.59","163.92","158.60","69.38M","1.19%"
"06/27/2024","158.67","159.20","160.56","157.10","31.65M","-0.34%"
"06/26/2024","159.20","159.76","161.82","157.36","46.48M","0.71%"
"06/25/2024","158.08","160.01","160.60","156.40","56.81M","-0.72%"
"06/24/2024","159.22","164.21","166.10","159.07","58.58M","-4.00%"
"06/21/2024","165.86","169.57","171.40","165.14","100.00M","-4.38%"
"06/20/2024","173.46","180.35","180.48","172.22","68.16M","-3.77%"
"06/18/2024","180.25","183.96","185.16","178.50","86.80M","-1.44%"
"06/17/2024","182.89","180.00","184.30","177.86","87.53M","5.41%"
"06/14/2024","173.50","168.69","174.72","168.21","69.70M","3.34%"
"06/13/2024","167.90","171.00","173.59","165.25","89.06M","12.27%"
"06/12/2024","149.55","150.00","150.58","147.64","56.70M","2.36%"
"06/11/2024","146.10","143.82","146.50","141.62","34.84M","1.43%"
"06/10/2024","144.05","140.98","144.90","140.91","31.08M","2.41%"
"06/07/2024","140.66","140.78","142.50","139.70","17.86M","0.38%"
"06/06/2024","140.13","142.19","142.27","138.82","20.17M","-0.84%"
"06/05/2024","141.31","134.60","141.43","134.05","32.95M","6.18%"
"06/04/2024","133.08","132.04","133.20","130.70","23.05M","0.67%"
"06/03/2024","132.19","135.27","135.30","130.25","26.28M","-0.50%"
"05/31/2024","132.85","136.14","136.26","130.73","73.09M","-2.60%"
"05/30/2024","136.41","137.90","138.28","135.56","21.73M","-1.91%"
"05/29/2024","139.07","139.91","139.91","138.30","26.86M","-1.54%"
"05/28/2024","141.24","141.00","141.72","139.25","22.92M","0.33%"
"05/24/2024","140.78","139.98","141.36","139.20","16.73M","1.04%"
"05/23/2024","139.33","142.84","142.90","137.80","31.04M","0.08%"
"05/22/2024","139.22","139.60","140.50","138.42","21.00M","-0.50%"
"05/21/2024","139.92","139.87","140.94","139.35","15.33M","-1.05%"
"05/20/2024","141.40","139.60","141.69","139.32","27.17M","1.34%"
"05/17/2024","139.53","141.24","141.95","138.18","18.17M","-1.19%"
"05/16/2024","141.21","142.60","144.54","140.51","28.40M","-1.67%"
"05/15/2024","143.62","138.00","143.90","137.00","32.76M","4.07%"
"05/14/2024","138.00","133.23","138.20","132.58","19.42M","3.18%"
"05/13/2024","133.75","134.80","135.84","133.01","18.51M","0.35%"
"05/10/2024","133.28","131.53","134.40","131.53","16.30M","2.08%"
"05/09/2024","130.57","131.78","132.16","130.20","12.17M","-1.49%"
"05/08/2024","132.54","129.35","133.79","128.85","13.92M","1.71%"
"05/07/2024","130.31","131.64","131.90","129.68","12.41M","-0.55%"
"05/06/2024","131.03","128.62","131.08","127.51","16.29M","2.52%"
"05/03/2024","127.81","125.90","128.39","124.71","24.90M","3.19%"
"05/02/2024","123.86","125.63","126.44","122.33","29.48M","-0.35%"
"05/01/2024","124.29","127.83","129.24","124.13","30.96M","-4.42%"
"04/30/2024","130.03","132.89","134.84","129.90","22.11M","-2.86%"
"04/29/2024","133.86","134.41","135.30","132.57","13.37M","-0.41%"
"04/26/2024","134.41","131.00","135.58","130.31","24.10M","3.84%"
"04/25/2024","129.44","127.25","130.80","125.70","30.41M","2.99%"
"04/24/2024","125.68","126.39","128.56","124.50","20.11M","0.61%"
"04/23/2024","124.92","122.82","125.79","122.80","22.03M","2.02%"
"04/22/2024","122.45","122.45","123.32","120.05","25.16M","1.64%"
"04/19/2024","120.47","125.90","126.00","119.76","44.80M","-4.31%"
"04/18/2024","125.90","128.80","129.26","125.55","24.89M","-1.84%"
"04/17/2024","128.26","134.31","134.70","128.14","24.72M","-3.49%"
"04/16/2024","132.91","131.54","133.63","131.10","18.92M","1.40%"
"04/15/2024","131.07","137.00","137.00","130.60","24.37M","-2.48%"
"04/12/2024","134.41","135.20","136.65","133.66","27.82M","-2.78%"
"04/11/2024","138.25","133.27","139.19","132.37","31.71M","4.54%"
"04/10/2024","132.24","132.30","133.57","131.55","17.47M","-0.88%"
"04/09/2024","133.41","135.74","135.95","130.86","18.01M","-0.15%"
"04/08/2024","133.61","133.37","134.25","131.58","17.14M","-0.25%"
"04/05/2024","133.94","132.60","136.12","131.42","19.44M","1.66%"
"04/04/2024","131.75","138.53","140.40","131.50","27.01M","-3.35%"
"04/03/2024","136.32","132.80","137.68","132.53","28.65M","1.83%"
"04/02/2024","133.88","131.58","134.24","130.34","24.69M","-0.85%"
"04/01/2024","135.03","132.57","136.30","132.54","17.25M","1.87%"
"03/28/2024","132.54","131.79","133.01","131.15","19.86M","0.51%"
"03/27/2024","131.87","135.00","135.00","129.60","25.58M","-0.96%"
"03/26/2024","133.15","136.47","137.99","133.05","23.52M","-1.49%"
"03/25/2024","135.16","134.50","135.84","133.75","21.24M","-0.14%"
"03/22/2024","135.35","135.00","137.62","134.62","38.62M","0.41%"
"03/21/2024","134.80","132.83","140.36","131.60","72.47M","5.64%"
"03/20/2024","127.60","123.90","128.80","122.66","40.95M","3.07%"
"03/19/2024","123.80","121.69","124.03","120.40","24.49M","0.06%"
"03/18/2024","123.72","125.40","126.29","123.17","25.74M","0.14%"
"03/15/2024","123.55","125.35","126.74","123.01","88.82M","-2.12%"
"03/14/2024","126.23","126.25","127.31","124.77","38.03M","0.35%"
"03/13/2024","125.79","128.29","128.29","125.24","37.84M","-2.63%"
"03/12/2024","129.19","130.70","130.78","125.93","42.79M","-0.10%"
"03/11/2024","129.31","127.79","129.90","125.26","31.11M","-1.19%"
"03/08/2024","130.87","139.43","141.30","130.16","74.02M","-6.99%"
"03/07/2024","140.70","138.20","141.43","137.29","62.83M","4.22%"
"03/06/2024","135.00","139.16","139.48","134.71","43.20M","0.54%"
"03/05/2024","134.27","139.50","139.50","133.24","36.04M","-4.24%"
"03/04/2024","140.23","140.32","143.82","138.52","34.85M","0.22%"
"03/01/2024","139.92","132.59","140.78","132.00","44.49M","7.59%"
"02/29/2024","130.05","130.33","130.84","128.73","27.54M","0.86%"
"02/28/2024","128.94","129.30","129.85","128.30","10.97M","-0.53%"
"02/27/2024","129.62","130.91","131.19","129.22","12.13M","-0.99%"
"02/26/2024","130.91","131.00","131.88","130.15","16.28M","0.98%"
"02/23/2024","129.64","130.84","131.96","128.88","23.11M","-0.65%"
"02/22/2024","130.49","128.17","131.10","127.65","40.82M","6.31%"
"02/21/2024","122.75","121.80","122.81","120.26","20.64M","0.07%"
"02/20/2024","122.65","123.59","123.77","121.26","26.33M","-1.52%"
"02/16/2024","124.55","125.90","127.57","124.24","21.27M","-1.55%"
"02/15/2024","126.51","128.00","128.00","124.49","21.87M","0.23%"
"02/14/2024","126.22","126.92","127.30","124.13","27.31M","0.84%"
"02/13/2024","125.17","123.51","125.59","122.71","31.91M","-1.06%"
"02/12/2024","126.50","129.00","129.01","125.90","24.78M","-1.44%"
"02/09/2024","128.34","125.20","128.57","124.90","26.29M","0.68%"
"02/08/2024","127.48","126.70","129.60","126.50","29.33M","1.41%"
"02/07/2024","125.71","123.40","125.95","122.67","25.77M","2.81%"
"02/06/2024","122.26","126.36","127.21","121.19","25.35M","-1.65%"
"02/05/2024","124.31","122.70","124.78","122.21","22.04M","1.53%"
"02/02/2024","122.43","120.88","123.47","120.51","26.69M","2.03%"
"02/01/2024","120.00","118.74","120.31","117.91","19.41M","1.70%"
"01/31/2024","118.00","118.94","119.72","117.43","27.40M","-2.33%"
"01/30/2024","120.82","121.68","122.80","120.43","20.68M","-0.79%"
"01/29/2024","121.78","121.49","122.37","120.50","21.53M","1.07%"
"01/26/2024","120.49","121.97","122.12","120.02","25.82M","-2.04%"
"01/25/2024","123.00","128.10","128.10","122.88","36.36M","-1.90%"
"01/24/2024","125.39","124.23","128.45","123.10","34.80M","2.25%"
"01/23/2024","122.63","122.10","122.70","120.35","16.95M","0.48%"
"01/22/2024","122.05","121.63","123.13","120.82","31.22M","0.77%"
"01/19/2024","121.12","115.73","121.70","115.60","53.08M","5.88%"
"01/18/2024","114.39","112.49","114.65","112.19","32.23M","3.65%"
"01/17/2024","110.37","110.63","111.31","109.02","18.31M","-1.01%"
"01/16/2024","111.50","111.23","112.62","109.86","26.15M","0.66%"
"01/12/2024","110.77","111.21","111.57","110.00","26.88M","0.70%"
"01/11/2024","110.00","108.43","110.13","107.45","25.76M","1.80%"
"01/10/2024","108.06","108.04","108.30","106.26","17.64M","-0.18%"
"01/09/2024","108.25","106.56","108.85","106.47","23.23M","0.71%"
"01/08/2024","107.49","105.65","107.80","105.20","33.11M","2.44%"
"01/05/2024","104.93","105.16","105.55","104.15","22.47M","0.03%"
"01/04/2024","104.90","105.80","106.95","104.74","25.66M","-0.90%"
"01/03/2024","105.86","107.02","107.50","105.53","34.74M","-2.47%"
"01/02/2024","108.54","109.21","110.20","107.71","28.83M","-2.77%"
"12/29/2023","111.63","112.15","112.44","111.47","20.56M","-0.55%"
"12/28/2023","112.24","113.17","113.22","111.90","21.25M","-0.33%"
"12/27/2023","112.62","113.60","113.96","112.30","20.06M","-0.51%"
"12/26/2023","113.19","112.42","113.55","112.30","16.79M","0.88%"
"12/22/2023","112.20","112.80","113.20","111.35","19.09M","-0.47%"
"12/21/2023","112.73","113.26","113.54","111.50","24.11M","1.52%"
"12/20/2023","111.04","113.27","114.14","110.93","34.52M","-2.56%"
"12/19/2023","113.96","114.20","115.05","113.25","36.02M","-0.65%"
"12/18/2023","114.70","112.08","115.18","111.86","54.74M","1.53%"
"12/15/2023","112.97","109.52","114.99","109.46","118.54M","2.10%"
"12/14/2023","110.65","109.22","112.15","109.03","66.96M","1.54%"
"12/13/2023","108.97","106.80","109.98","106.25","71.65M","1.62%"
"12/12/2023","107.23","102.80","107.94","102.46","90.24M","4.18%"
"12/11/2023","102.92","95.70","103.95","95.61","101.18M","9.00%"
"12/08/2023","94.43","92.78","95.07","91.05","69.67M","2.39%"
"12/07/2023","92.23","90.55","92.41","90.36","43.52M","2.06%"
"12/06/2023","90.36","92.04","92.10","90.31","24.81M","-1.04%"
"12/05/2023","91.31","91.16","91.73","90.58","37.07M","-1.17%"
"12/04/2023","92.40","92.06","93.10","91.64","25.01M","-0.65%"
"12/01/2023","93.00","92.25","93.39","90.80","29.61M","0.46%"
"11/30/2023","92.57","94.10","94.24","91.84","49.57M","-1.60%"
"11/29/2023","94.08","94.83","95.94","93.94","34.84M","-0.58%"
"11/28/2023","94.64","93.99","95.09","93.42","39.02M","-0.41%"
"11/27/2023","95.02","97.61","98.10","94.93","96.96M","-2.92%"
"11/24/2023","97.89","97.50","97.99","96.68","23.16M","0.71%"
"11/22/2023","97.20","98.37","98.80","97.10","33.75M","-0.94%"
"11/21/2023","98.12","97.50","99.10","97.16","43.34M","-1.46%"
"11/20/2023","99.57","97.30","99.99","97.30","18.68M","1.84%"
"11/17/2023","97.77","95.82","98.39","95.10","19.79M","1.89%"
"11/16/2023","95.96","96.40","96.87","95.05","26.20M","-1.62%"
"11/15/2023","97.54","97.95","98.18","96.69","16.10M","0.25%"
"11/14/2023","97.30","96.23","97.68","95.53","23.89M","2.75%"
"11/13/2023","94.69","95.00","95.24","94.05","16.89M","-1.11%"
"11/10/2023","95.75","92.17","95.89","91.82","36.29M","5.06%"
"11/09/2023","91.14","91.25","92.98","90.86","24.49M","0.03%"
"11/08/2023","91.11","90.00","91.29","89.90","15.28M","1.48%"
"11/07/2023","89.78","88.23","90.18","87.62","19.37M","1.93%"
"11/06/2023","88.08","88.16","88.59","87.12","12.87M","-0.21%"
"11/03/2023","88.27","87.75","88.75","87.11","18.04M","1.31%"
"11/02/2023","87.13","86.20","88.05","86.00","18.76M","2.15%"
"11/01/2023","85.29","84.20","85.38","83.56","18.68M","1.38%"
"10/31/2023","84.14","84.39","84.55","83.26","14.75M","0.01%"
"10/30/2023","84.13","84.11","84.94","82.71","20.89M","0.34%"
"10/27/2023","83.84","83.00","84.02","82.85","18.24M","1.40%"
"10/26/2023","82.68","84.79","85.44","81.83","27.92M","-2.69%"
"10/25/2023","84.96","87.71","87.87","84.61","21.43M","-3.57%"
"10/24/2023","88.11","86.40","88.30","86.31","14.97M","2.19%"
"10/23/2023","86.22","85.80","87.36","84.28","16.46M","1.01%"
"10/20/2023","85.36","87.49","87.49","85.18","26.95M","-1.64%"
"10/19/2023","86.78","88.70","88.95","86.57","26.62M","-2.16%"
"10/18/2023","88.70","87.99","89.56","87.52","20.40M","0.30%"
"10/17/2023","88.44","88.51","89.30","86.60","33.01M","-2.01%"
"10/16/2023","90.26","89.10","91.58","89.10","21.15M","2.20%"
"10/13/2023","88.32","90.90","92.59","88.21","28.33M","-2.48%"
"10/12/2023","90.56","87.64","91.79","87.64","43.87M","3.55%"
"10/11/2023","87.46","85.97","87.53","85.65","14.33M","1.88%"
"10/10/2023","85.84","85.71","87.25","85.57","14.72M","0.30%"
"10/09/2023","85.59","84.05","85.66","83.78","15.76M","1.26%"
"10/06/2023","84.53","81.94","84.84","81.17","21.10M","2.60%"
"10/05/2023","82.39","82.01","82.86","81.55","11.47M","0.01%"
"10/04/2023","82.38","82.03","83.06","81.63","16.42M","1.10%"
"10/03/2023","81.48","82.70","83.57","80.89","18.76M","-2.41%"
"10/02/2023","83.50","82.91","83.86","82.35","14.68M","0.53%"
"09/29/2023","83.06","83.64","84.40","82.29","16.48M","-0.17%"
"09/28/2023","83.20","82.02","83.89","81.47","16.18M","1.86%"
"09/27/2023","81.68","81.93","82.37","80.44","15.35M","0.08%"
"09/26/2023","81.62","82.92","83.03","81.12","17.64M","-2.12%"
"09/25/2023","83.39","82.80","83.86","82.30","15.65M","0.58%"
"09/22/2023","82.91","81.12","83.06","81.04","27.80M","2.56%"
"09/21/2023","80.84","79.51","82.25","79.51","53.67M","-2.67%"
"09/20/2023","83.06","85.00","85.00","83.04","13.70M","-2.19%"
"09/19/2023","84.92","84.60","85.10","83.85","13.13M","-0.09%"
"09/18/2023","85.00","84.26","85.63","84.00","16.54M","-0.20%"
"09/15/2023","85.17","86.82","86.82","84.29","50.19M","-2.29%"
"09/14/2023","87.16","85.90","87.67","85.50","19.65M","2.19%"
"09/13/2023","85.29","84.72","85.91","84.42","17.41M","1.00%"
"09/12/2023","84.45","85.02","85.83","84.17","16.68M","-1.70%"
"09/11/2023","85.91","86.88","86.90","84.57","15.71M","0.19%"
"09/08/2023","85.75","85.50","86.08","85.01","16.82M","0.06%"
"09/07/2023","85.70","85.95","86.17","84.05","27.79M","-1.75%"
"09/06/2023","87.23","87.25","87.74","86.67","20.14M","0.01%"
"09/05/2023","87.22","86.95","88.30","86.70","24.81M","-0.04%"
"09/01/2023","87.25","90.19","90.19","86.47","65.02M","-5.46%"
"08/31/2023","92.29","89.80","92.37","89.38","55.20M","3.43%"
"08/30/2023","89.23","89.24","89.87","87.91","23.23M","0.26%"
"08/29/2023","88.99","85.84","89.28","85.64","27.82M","3.35%"
"08/28/2023","86.11","85.64","86.41","84.71","14.31M","1.09%"
"08/25/2023","85.18","85.70","86.94","83.77","24.18M","-0.31%"
"08/24/2023","85.45","90.24","90.99","85.25","30.93M","-2.52%"
"08/23/2023","87.66","85.08","87.82","85.00","19.69M","2.43%"
"08/22/2023","85.58","87.34","87.47","85.09","17.08M","-1.08%"
"08/21/2023","86.51","83.41","86.73","83.18","30.01M","4.76%"
"08/18/2023","82.58","82.00","82.82","81.20","17.76M","-0.15%"
"08/17/2023","82.71","83.65","83.94","82.70","19.23M","-0.71%"
"08/16/2023","83.30","84.78","85.45","83.20","16.00M","-1.13%"
"08/15/2023","84.25","84.92","85.46","83.65","14.04M","-1.36%"
"08/14/2023","85.41","83.11","85.42","82.74","17.69M","2.93%"
"08/11/2023","82.98","83.40","83.64","82.35","20.33M","-1.56%"
"08/10/2023","84.29","85.31","86.15","83.71","20.19M","-0.92%"
"08/09/2023","85.07","88.27","88.35","84.87","24.67M","-3.67%"
"08/08/2023","88.32","89.01","89.06","87.34","14.08M","-1.55%"
"08/07/2023","89.71","88.77","89.74","88.53","11.15M","1.75%"
"08/04/2023","88.17","88.50","89.36","87.34","21.16M","-0.38%"
"08/03/2023","88.50","88.66","89.53","88.11","18.29M","-0.82%"
"08/02/2023","89.23","91.23","91.30","89.03","26.89M","-3.01%"
"08/01/2023","92.00","89.90","92.06","89.77","19.71M","2.38%"
"07/31/2023","89.86","89.75","90.10","89.10","14.97M","-0.13%"
"07/28/2023","89.98","89.93","90.36","89.39","18.79M","0.70%"
"07/27/2023","89.35","90.85","90.99","88.60","21.92M","0.05%"
"07/26/2023","89.31","90.90","91.06","88.76","19.88M","-2.71%"
"07/25/2023","91.80","90.06","92.32","90.06","20.04M","1.82%"
"07/24/2023","90.16","90.08","90.54","89.42","19.99M","0.54%"
"07/21/2023","89.68","90.45","91.11","89.38","74.29M","0.95%"
"07/20/2023","88.83","89.25","90.70","88.60","28.27M","-1.45%"
"07/19/2023","90.14","89.73","90.60","88.56","24.12M","-0.23%"
"07/18/2023","90.34","90.60","90.99","89.83","24.52M","-0.76%"
"07/17/2023","91.04","89.10","91.32","88.98","26.83M","2.45%"
"07/14/2023","88.86","88.62","90.33","88.62","18.51M","-0.20%"
"07/13/2023","89.04","89.89","89.89","87.83","25.91M","0.05%"
"07/12/2023","89.00","88.90","89.76","88.20","28.20M","0.90%"
"07/11/2023","88.21","88.11","88.30","86.46","25.50M","0.49%"
"07/10/2023","87.77","84.83","87.92","84.83","30.62M","3.66%"
"07/07/2023","84.68","85.04","85.80","84.47","19.41M","-0.15%"
"07/06/2023","84.80","84.50","85.39","84.43","23.95M","-1.61%"
"07/05/2023","86.19","86.74","87.69","86.18","14.45M","-1.66%"
"07/03/2023","87.64","86.86","87.67","86.49","9.04M","1.04%"
"06/30/2023","86.74","86.85","87.46","86.43","23.15M","0.56%"
"06/29/2023","86.26","85.44","86.28","84.64","23.39M","1.73%"
"06/28/2023","84.79","83.87","85.85","83.71","19.44M","-0.05%"
"06/27/2023","84.84","82.87","85.00","82.10","24.92M","3.26%"
"06/26/2023","82.16","82.50","83.70","82.02","21.37M","-0.06%"
"06/23/2023","82.21","83.40","83.60","81.89","37.41M","-2.41%"
"06/22/2023","84.24","84.51","84.89","83.53","23.47M","-0.62%"
"06/21/2023","84.77","86.00","86.60","84.46","23.23M","-2.35%"
"06/20/2023","86.80","86.27","87.71","86.10","27.54M","-0.01%"
"06/16/2023","86.81","88.93","89.00","86.54","68.30M","-1.73%"
"06/15/2023","88.34","88.44","88.80","87.10","33.81M","-0.31%"
"06/14/2023","88.62","85.59","88.85","84.72","43.52M","4.12%"
"06/13/2023","85.11","86.11","86.33","84.10","38.99M","-0.50%"
"06/12/2023","85.54","81.11","85.80","81.11","51.10M","6.31%"
"06/09/2023","80.46","80.58","81.77","80.39","19.25M","0.05%"
"06/08/2023","80.42","79.49","80.50","78.88","21.92M","1.46%"
"06/07/2023","79.26","78.98","80.54","78.75","28.96M","0.33%"
"06/06/2023","79.00","80.20","80.20","77.64","37.82M","-1.53%"
"06/05/2023","80.23","80.92","80.92","79.45","26.22M","-1.19%"
"06/02/2023","81.20","79.06","82.38","78.72","62.81M","2.79%"
"06/01/2023","79.00","80.06","80.58","78.52","80.79M","-2.23%"
"05/31/2023","80.80","79.49","82.17","79.01","90.00M","0.58%"
"05/30/2023","80.33","83.51","92.18","79.88","116.91M","-1.16%"
"05/26/2023","81.27","74.74","81.50","74.70","82.50M","11.52%"
"05/25/2023","72.88","69.94","73.24","69.08","49.26M","7.25%"
"05/24/2023","67.95","68.14","68.43","67.61","23.02M","-1.02%"
"05/23/2023","68.65","69.06","69.90","68.20","36.09M","1.20%"
"05/22/2023","67.84","68.14","68.47","67.41","17.80M","-0.57%"
"05/19/2023","68.22","68.00","68.50","67.84","22.97M","0.64%"
"05/18/2023","67.79","65.60","67.94","65.60","26.39M","3.11%"
"05/17/2023","65.75","64.74","66.09","64.46","24.13M","2.50%"
"05/16/2023","64.14","64.05","64.69","63.87","14.97M","0.26%"
"05/15/2023","63.98","63.19","64.00","62.85","14.61M","1.37%"
"05/12/2023","63.12","62.84","63.27","62.42","11.94M","0.55%"
"05/11/2023","62.77","62.66","62.85","61.80","14.43M","0.22%"
"05/10/2023","62.63","62.21","62.80","61.83","19.18M","1.25%"
"05/09/2023","61.85","62.27","62.41","61.59","16.99M","-1.68%"
"05/08/2023","62.91","62.98","63.07","62.06","13.94M","-0.17%"
"05/05/2023","63.01","61.60","63.15","61.34","24.88M","3.27%"
"05/04/2023","61.02","61.00","61.40","60.13","17.68M","-0.50%"
"05/03/2023","61.32","61.69","62.19","61.24","19.82M","0.14%"
"05/02/2023","61.23","62.58","62.65","60.50","28.36M","-4.01%"
"05/01/2023","63.79","62.65","63.90","62.62","17.03M","1.83%"
"04/28/2023","62.65","61.91","62.68","61.46","16.18M","1.31%"
"04/27/2023","61.84","61.62","62.01","60.32","18.25M","0.36%"
"04/26/2023","61.62","62.00","62.31","61.35","17.18M","-0.94%"
"04/25/2023","62.20","63.40","63.60","62.17","23.67M","-1.97%"
"04/24/2023","63.45","63.36","63.88","63.18","12.34M","0.26%"
"04/21/2023","63.29","63.06","63.38","62.20","14.81M","-0.02%"
"04/20/2023","63.30","62.79","64.27","62.71","20.24M","-0.23%"
"04/19/2023","63.45","62.68","63.68","62.56","19.06M","0.34%"
"04/18/2023","63.23","63.16","63.55","62.71","16.81M","0.79%"
"04/17/2023","62.74","61.86","62.83","61.78","13.20M","1.26%"
"04/14/2023","61.95","62.05","62.80","61.52","17.47M","-0.75%"
"04/13/2023","62.42","61.91","62.65","61.71","17.26M","1.22%"
"04/12/2023","61.67","62.73","62.75","61.63","14.11M","-0.78%"
"04/11/2023","62.16","63.08","63.09","62.08","16.52M","-0.93%"
"04/10/2023","62.74","61.81","62.79","61.65","15.40M","0.76%"
"04/06/2023","62.26","62.42","62.84","61.90","14.49M","-1.01%"
"04/05/2023","62.90","63.11","63.17","62.57","16.91M","-0.85%"
"04/04/2023","63.44","64.32","64.42","63.20","13.43M","-1.25%"
"04/03/2023","64.25","63.90","64.39","63.64","15.68M","0.14%"
"03/31/2023","64.15","63.05","64.22","62.59","22.10M","1.23%"
"03/30/2023","63.38","63.27","63.60","62.93","21.52M","1.32%"
"03/29/2023","62.55","63.28","63.40","62.46","26.40M","0.13%"
"03/28/2023","62.47","62.52","62.65","61.89","12.44M","-0.34%"
"03/27/2023","62.68","63.90","63.91","62.60","14.71M","-1.47%"
"03/24/2023","63.62","63.80","63.93","62.86","17.23M","-0.48%"
"03/23/2023","63.92","63.89","64.82","63.15","27.16M","1.32%"
"03/22/2023","63.09","63.69","64.85","63.07","25.80M","-0.92%"
"03/21/2023","63.67","64.31","64.66","63.43","25.00M","-1.08%"
"03/20/2023","64.37","63.27","64.47","63.16","25.86M","2.02%"
"03/17/2023","63.10","63.65","63.96","62.71","79.30M","-0.87%"
"03/16/2023","63.65","62.19","63.71","61.78","31.72M","1.67%"
"03/15/2023","62.60","62.77","63.01","61.62","22.96M","-1.02%"
"03/14/2023","63.25","62.34","63.34","61.85","25.89M","2.59%"
"03/13/2023","61.65","60.71","62.44","60.69","22.36M","0.27%"
"03/10/2023","61.48","62.82","63.02","61.28","26.10M","-1.24%"
"03/09/2023","62.25","63.01","64.24","62.19","21.78M","-1.54%"
"03/08/2023","63.23","62.78","63.27","62.37","20.91M","1.14%"
"03/07/2023","62.51","63.49","63.58","62.35","19.34M","-1.23%"
"03/06/2023","63.29","63.50","64.40","63.17","24.98M","0.03%"
"03/03/2023","63.28","61.77","63.57","61.58","46.09M","5.70%"
"03/02/2023","59.87","58.94","60.09","58.61","27.66M","0.86%"
"03/01/2023","59.36","59.40","59.82","59.03","15.48M","-0.12%"
"02/28/2023","59.43","58.56","59.86","58.22","27.82M","1.51%"
"02/27/2023","58.54","58.59","58.98","58.43","18.32M","1.33%"
"02/24/2023","57.78","57.75","58.02","57.36","15.35M","-1.04%"
"02/23/2023","58.38","58.58","58.59","57.37","18.94M","1.32%"
"02/22/2023","57.62","58.22","58.31","57.21","23.48M","-0.92%"
"02/21/2023","58.15","59.00","59.31","57.98","22.74M","-2.36%"
"02/17/2023","59.56","60.00","60.08","59.24","14.22M","-0.82%"
"02/16/2023","60.05","60.08","60.89","59.96","17.45M","-1.18%"
"02/15/2023","60.77","59.89","60.83","59.67","12.69M","0.89%"
"02/14/2023","60.23","59.42","60.56","59.33","17.57M","0.20%"
"02/13/2023","60.11","59.50","60.15","59.35","19.85M","1.33%"
"02/10/2023","59.33","59.63","59.85","58.96","21.03M","-1.03%"
"02/09/2023","59.94","61.26","61.49","59.55","18.84M","-0.38%"
"02/08/2023","60.17","60.67","61.02","60.06","15.29M","-2.07%"
"02/07/2023","61.44","60.07","61.70","59.97","24.02M","2.19%"
"02/06/2023","60.13","59.33","60.32","59.23","18.71M","0.62%"
"02/03/2023","59.76","59.80","60.80","59.63","19.09M","-1.35%"
"02/02/2023","60.58","60.76","61.31","59.97","24.19M","0.50%"
"02/01/2023","60.28","58.36","60.83","58.27","26.55M","3.03%"
"01/31/2023","58.50","58.21","58.72","58.07","23.72M","0.61%"
"01/30/2023","58.15","58.30","58.96","57.98","16.98M","-1.61%"
"01/27/2023","59.10","59.33","59.92","59.02","19.34M","-1.27%"
"01/26/2023","59.86","59.04","60.06","58.63","24.52M","2.20%"
"01/25/2023","58.57","57.77","58.70","57.60","13.77M","0.11%"
"01/24/2023","58.50","57.84","58.67","57.56","13.82M","0.58%"
"01/23/2023","58.16","57.20","58.48","56.98","23.43M","1.90%"
"01/20/2023","57.08","56.30","57.14","55.91","22.95M","1.34%"
"01/19/2023","56.32","56.91","57.01","56.03","22.69M","-1.93%"
"01/18/2023","57.43","58.32","58.76","57.37","15.70M","-0.85%"
"01/17/2023","57.92","57.49","58.54","57.45","15.84M","0.04%"
"01/13/2023","57.90","57.72","58.19","57.67","19.65M","-0.51%"
"01/12/2023","58.19","57.56","58.51","57.38","19.51M","0.66%"
"01/11/2023","57.81","57.30","57.83","56.69","22.50M","0.56%"
"01/10/2023","57.49","57.20","57.51","55.00","44.64M","-0.34%"
"01/09/2023","57.69","59.23","60.17","56.06","37.74M","-1.96%"
"01/06/2023","58.84","56.31","59.10","56.23","35.26M","6.02%"
"01/05/2023","55.50","55.57","55.98","55.11","16.28M","-0.93%"
"01/04/2023","56.02","56.30","56.82","55.60","17.07M","1.22%"
"01/03/2023","55.35","56.50","56.76","55.08","20.17M","-1.01%"
"12/30/2022","55.91","55.18","55.97","54.80","14.38M","0.24%"
"12/29/2022","55.78","55.19","56.26","55.05","18.18M","2.37%"
"12/28/2022","54.49","55.16","55.78","54.24","15.41M","-1.56%"
"12/27/2022","55.35","55.15","55.81","54.69","16.68M","0.20%"
"12/23/2022","55.24","55.00","55.36","54.74","13.76M","-0.12%"
"12/22/2022","55.31","55.33","55.49","54.72","27.55M","-1.45%"
"12/21/2022","56.12","54.77","56.19","54.69","25.62M","3.16%"
"12/20/2022","54.40","54.52","54.90","54.09","29.83M","-1.02%"
"12/19/2022","54.96","55.40","55.65","54.57","25.09M","-1.13%"
"12/16/2022","55.59","55.74","55.98","55.09","49.55M","-0.37%"
"12/15/2022","55.80","56.38","56.65","55.77","36.90M","-2.86%"
"12/14/2022","57.44","56.85","58.56","56.77","35.22M","0.60%"
"12/13/2022","57.10","57.58","58.18","56.50","40.42M","2.59%"
"12/12/2022","55.66","54.47","55.69","54.22","23.42M","2.19%"
"12/09/2022","54.47","55.09","55.26","54.10","37.03M","2.57%"
"12/08/2022","53.11","52.08","53.24","52.04","27.51M","2.43%"
"12/07/2022","51.85","51.96","52.50","51.60","16.52M","-1.39%"
"12/06/2022","52.58","53.06","53.36","52.17","19.66M","-0.91%"
"12/05/2022","53.06","53.78","53.95","52.55","18.55M","-1.88%"
"12/02/2022","54.08","53.71","54.27","53.61","19.32M","-1.81%"
"12/01/2022","55.08","55.10","55.24","54.20","23.01M","-0.05%"
"11/30/2022","55.10","52.41","55.17","51.78","47.35M","5.68%"
"11/29/2022","52.14","52.30","52.58","51.48","12.70M","-0.16%"
"11/28/2022","52.22","52.52","52.88","51.62","23.51M","-1.45%"
"11/25/2022","52.99","53.07","53.46","52.95","7.46M","-0.70%"
"11/23/2022","53.36","53.03","54.15","52.88","13.97M","0.68%"
"11/22/2022","53.01","52.30","53.03","51.90","18.92M","2.44%"
"11/21/2022","51.74","51.29","52.08","51.11","18.62M","0.44%"
"11/18/2022","51.52","51.69","51.77","51.10","14.54M","0.60%"
"11/17/2022","51.21","50.50","51.27","50.31","20.39M","0.07%"
"11/16/2022","51.17","51.67","51.85","51.03","25.41M","-2.42%"
"11/15/2022","52.44","53.00","53.26","51.59","23.32M","2.18%"
"11/14/2022","51.32","51.54","52.50","51.30","21.60M","-0.94%"
"11/11/2022","51.81","50.48","51.90","50.20","26.73M","2.27%"
"11/10/2022","50.66","49.10","50.72","48.72","33.97M","7.90%"
"11/09/2022","46.95","47.85","47.90","46.90","23.70M","-2.62%"
"11/08/2022","48.21","48.12","48.88","47.35","20.74M","1.45%"
"11/07/2022","47.52","46.68","47.77","46.16","17.69M","2.13%"
"11/04/2022","46.53","45.69","46.89","45.33","28.89M","4.77%"
"11/03/2022","44.41","45.09","45.29","44.14","23.89M","-2.61%"
"11/02/2022","45.60","47.03","48.04","45.57","21.09M","-2.54%"
"11/01/2022","46.79","47.58","47.68","46.32","16.32M","-0.47%"
"10/31/2022","47.01","46.69","47.28","46.50","19.26M","-0.59%"
"10/28/2022","47.29","45.70","47.43","45.56","23.10M","3.84%"
"10/27/2022","45.54","46.60","47.08","45.49","18.51M","-1.25%"
"10/26/2022","46.12","45.80","47.18","45.53","29.32M","0.24%"
"10/25/2022","46.01","45.80","46.43","45.68","18.25M","0.78%"
"10/24/2022","45.65","45.27","45.88","45.11","25.29M","1.51%"
"10/21/2022","44.97","43.21","45.07","42.92","26.98M","4.52%"
"10/20/2022","43.03","43.51","44.22","42.81","23.40M","-1.15%"
"10/19/2022","43.53","43.32","43.83","43.09","12.70M","0.11%"
"10/18/2022","43.48","44.82","44.85","43.02","20.34M","-0.12%"
"10/17/2022","43.54","43.96","44.12","43.34","24.12M","1.94%"
"10/14/2022","42.71","44.33","44.40","42.64","22.82M","-2.48%"
"10/13/2022","43.80","41.74","44.38","41.51","27.98M","1.72%"
"10/12/2022","43.06","43.22","43.57","42.80","15.05M","-0.04%"
"10/11/2022","43.08","43.52","43.87","42.56","28.05M","-1.59%"
"10/10/2022","43.77","46.00","46.01","43.18","33.45M","-4.95%"
"10/07/2022","46.05","47.24","47.33","45.90","28.43M","-3.97%"
"10/06/2022","47.95","48.38","48.97","47.87","17.25M","-1.09%"
"10/05/2022","48.48","47.26","48.81","47.15","18.49M","1.03%"
"10/04/2022","47.99","46.85","48.02","46.59","27.28M","5.05%"
"10/03/2022","45.68","44.92","46.10","44.70","21.48M","2.88%"
"09/30/2022","44.40","44.91","45.78","44.36","27.20M","-1.36%"
"09/29/2022","45.01","46.09","46.14","44.49","40.00M","-3.40%"
"09/28/2022","46.60","46.13","46.88","45.63","27.61M","0.26%"
"09/27/2022","46.47","46.96","46.99","45.65","17.85M","0.54%"
"09/26/2022","46.23","46.90","47.33","46.13","19.36M","-1.37%"
"09/23/2022","46.87","47.49","47.80","46.20","29.65M","-1.87%"
"09/22/2022","47.76","48.24","48.32","47.30","23.54M","-0.94%"
"09/21/2022","48.21","49.10","49.99","48.18","20.67M","-2.21%"
"09/20/2022","49.31","49.60","49.88","48.97","17.13M","-1.75%"
"09/19/2022","50.18","49.44","50.34","49.44","17.95M","-0.13%"
"09/16/2022","50.25","49.77","50.37","48.99","59.01M","0.47%"
"09/15/2022","50.01","50.89","51.16","49.73","36.57M","-2.08%"
"09/14/2022","51.08","50.71","51.30","50.28","20.60M","1.41%"
"09/13/2022","50.37","51.38","51.83","50.17","35.14M","-4.80%"
"09/12/2022","52.91","52.67","53.13","52.46","18.16M","1.27%"
"09/09/2022","52.24","51.54","52.60","51.54","23.02M","2.05%"
"09/08/2022","51.19","50.26","51.27","49.87","22.53M","1.35%"
"09/07/2022","50.51","50.29","50.94","49.91","20.44M","1.39%"
"09/06/2022","49.82","49.85","50.40","49.04","24.74M","-0.40%"
"09/02/2022","50.02","51.80","51.98","49.83","40.43M","1.67%"
"09/01/2022","49.20","49.15","49.33","48.08","31.93M","-1.42%"
"08/31/2022","49.91","51.02","51.02","49.65","32.44M","-1.44%"
"08/30/2022","50.64","51.68","51.79","50.14","18.28M","-1.52%"
"08/29/2022","51.42","52.00","52.27","51.20","16.58M","-1.28%"
"08/26/2022","52.09","54.88","55.10","52.00","25.68M","-5.32%"
"08/25/2022","55.01","53.35","55.05","53.23","17.35M","3.63%"
"08/24/2022","53.08","52.96","53.13","52.34","11.88M","0.20%"
"08/23/2022","52.98","53.38","53.76","52.89","9.00M","0.19%"
"08/22/2022","52.88","54.26","54.31","52.71","18.56M","-3.59%"
"08/19/2022","54.84","55.09","55.56","54.79","16.92M","-1.79%"
"08/18/2022","55.85","54.34","56.06","54.16","23.46M","3.69%"
"08/17/2022","53.86","54.44","54.47","53.10","19.02M","-2.37%"
"08/16/2022","55.17","55.75","55.79","54.60","14.78M","-1.31%"
"08/15/2022","55.90","55.42","55.98","55.05","14.33M","0.13%"
"08/12/2022","55.82","54.78","55.84","54.56","18.40M","2.35%"
"08/11/2022","54.54","55.40","55.78","54.42","14.27M","-0.90%"
"08/10/2022","55.04","54.61","55.10","53.92","19.52M","3.31%"
"08/09/2022","53.28","53.91","53.94","52.78","20.07M","-2.33%"
"08/08/2022","54.55","54.94","55.30","53.87","13.73M","-1.07%"
"08/05/2022","55.14","54.49","55.20","54.33","14.36M","-0.25%"
"08/04/2022","55.28","54.84","55.31","54.50","16.29M","1.11%"
"08/03/2022","54.67","53.53","54.80","53.41","19.23M","2.92%"
"08/02/2022","53.12","53.32","53.92","52.72","13.07M","-0.96%"
"08/01/2022","53.64","53.14","53.98","53.04","11.49M","0.17%"
"07/29/2022","53.55","53.20","53.78","53.03","18.48M","0.35%"
"07/28/2022","53.36","52.86","53.65","52.06","14.87M","1.10%"
"07/27/2022","52.78","51.82","53.02","51.69","25.53M","3.27%"
"07/26/2022","51.11","51.46","51.68","50.89","17.96M","-0.39%"
"07/25/2022","51.31","51.05","51.33","50.65","15.06M","0.12%"
"07/22/2022","51.25","51.88","51.98","50.67","17.87M","-1.00%"
"07/21/2022","51.77","51.26","51.78","50.60","13.91M","1.15%"
"07/20/2022","51.18","50.95","51.76","50.45","27.41M","0.54%"
"07/19/2022","50.90","49.68","51.13","49.59","27.26M","3.65%"
"07/18/2022","49.11","50.02","50.24","48.82","18.04M","-0.69%"
"07/15/2022","49.45","49.08","49.47","48.61","18.71M","2.03%"
"07/14/2022","48.46","48.24","48.67","47.34","19.96M","0.60%"
"07/13/2022","48.17","47.50","48.56","47.23","17.67M","0.07%"
"07/12/2022","48.14","48.78","49.26","48.01","21.16M","-0.31%"
"07/11/2022","48.29","48.95","49.16","48.10","21.48M","-3.17%"
"07/08/2022","49.87","49.30","49.96","49.00","12.71M","0.03%"
"07/07/2022","49.85","48.81","50.14","48.81","21.32M","3.30%"
"07/06/2022","48.26","48.05","48.71","47.55","22.98M","1.32%"
"07/05/2022","47.63","47.20","47.69","46.39","20.72M","-0.32%"
"07/01/2022","47.78","47.94","48.43","46.94","21.32M","-1.64%"
"06/30/2022","48.58","48.80","49.37","48.07","18.89M","-0.94%"
"06/29/2022","49.04","49.55","49.59","48.67","14.44M","-1.61%"
"06/28/2022","49.85","51.26","51.42","49.81","15.67M","-1.44%"
"06/27/2022","50.57","51.38","51.40","50.28","13.21M","-0.66%"
"06/24/2022","50.91","50.50","51.18","50.14","21.20M","2.52%"
"06/23/2022","49.66","50.17","50.17","49.10","16.71M","0.10%"
"06/22/2022","49.61","49.63","50.38","49.42","24.72M","-1.52%"
"06/21/2022","50.38","50.41","51.09","50.29","21.90M","1.03%"
"06/17/2022","49.87","49.50","50.04","48.79","43.50M","0.29%"
"06/16/2022","49.72","51.20","51.44","49.23","37.24M","-5.60%"
"06/15/2022","52.67","52.91","53.38","51.55","19.14M","1.25%"
"06/14/2022","52.02","52.50","52.50","51.46","24.38M","0.50%"
"06/13/2022","51.76","52.68","53.30","51.60","31.62M","-4.38%"
"06/10/2022","54.13","55.01","55.10","53.97","24.02M","-2.68%"
"06/09/2022","55.62","56.12","57.36","55.59","18.79M","-1.63%"
"06/08/2022","56.54","57.18","57.63","56.21","24.01M","-1.33%"
"06/07/2022","57.30","56.05","57.45","55.75","15.89M","2.10%"
"06/06/2022","56.12","57.15","57.27","55.75","14.56M","-0.37%"
"06/03/2022","56.33","56.89","56.96","56.10","20.56M","-2.32%"
"06/02/2022","57.67","57.77","57.78","56.81","29.49M","0.54%"
"06/01/2022","57.36","58.76","59.09","56.84","18.34M","-1.12%"
"05/31/2022","58.01","58.45","58.70","57.60","30.01M","-0.55%"
"05/27/2022","58.33","56.21","58.55","56.00","37.30M","5.92%"
"05/26/2022","55.07","53.15","55.46","52.77","39.74M","3.59%"
"05/25/2022","53.16","52.39","53.74","52.39","17.84M","1.41%"
"05/24/2022","52.42","52.67","52.89","51.62","25.06M","-0.42%"
"05/23/2022","52.64","52.40","53.56","51.43","58.59M","-3.09%"
"05/20/2022","54.32","55.39","55.50","51.24","40.28M","-0.55%"
"05/19/2022","54.62","55.80","56.08","53.90","34.88M","-4.28%"
"05/18/2022","57.06","60.00","60.07","56.62","35.02M","-6.17%"
"05/17/2022","60.81","59.55","60.90","59.36","24.68M","4.36%"
"05/16/2022","58.27","58.44","58.91","57.77","14.19M","-0.94%"
"05/13/2022","58.82","57.70","59.16","57.35","19.45M","2.90%"
"05/12/2022","57.16","56.34","57.36","55.83","25.52M","0.79%"
"05/11/2022","56.71","57.46","58.47","56.59","26.66M","-2.46%"
"05/10/2022","58.14","58.05","59.12","57.18","29.27M","3.29%"
"05/09/2022","56.29","57.29","57.80","56.03","30.07M","-2.97%"
"05/06/2022","58.01","57.49","59.00","56.94","20.75M","0.02%"
"05/05/2022","58.00","59.42","59.79","57.43","32.81M","-3.93%"
"05/04/2022","60.37","58.18","60.41","57.40","23.90M","3.87%"
"05/03/2022","58.12","57.60","58.67","57.18","17.06M","0.85%"
"05/02/2022","57.63","55.71","57.76","55.64","26.72M","3.95%"
"04/29/2022","55.44","57.26","57.83","55.34","26.11M","-4.23%"
"04/28/2022","57.89","56.59","58.50","55.80","22.33M","3.47%"
"04/27/2022","55.95","55.58","57.01","55.50","19.31M","-0.11%"
"04/26/2022","56.01","58.38","58.55","55.97","35.81M","-4.73%"
"04/25/2022","58.79","58.15","58.88","57.11","26.96M","0.15%"
"04/22/2022","58.70","59.01","59.87","58.63","21.07M","-0.96%"
"04/21/2022","59.27","60.55","61.59","59.07","20.35M","-0.84%"
"04/20/2022","59.77","60.42","61.34","59.51","13.92M","0.02%"
"04/19/2022","59.76","57.94","59.87","57.94","16.58M","1.89%"
"04/18/2022","58.65","57.28","59.12","57.28","21.37M","2.21%"
"04/14/2022","57.38","59.50","59.71","57.29","27.38M","-3.16%"
"04/13/2022","59.25","58.85","59.67","58.60","20.27M","1.26%"
"04/12/2022","58.51","58.91","59.86","58.22","17.35M","0.78%"
"04/11/2022","58.06","58.26","58.93","57.94","23.51M","-1.09%"
"04/08/2022","58.70","59.74","59.86","58.60","20.46M","-2.65%"
"04/07/2022","60.30","59.98","60.76","59.32","16.58M","0.17%"
"04/06/2022","60.20","60.21","61.16","59.38","23.74M","-1.97%"
"04/05/2022","61.41","62.95","63.23","61.30","19.78M","-3.26%"
"04/04/2022","63.48","62.64","63.67","62.45","16.49M","1.24%"
"04/01/2022","62.70","63.17","63.46","61.87","16.27M","-0.43%"
"03/31/2022","62.97","63.05","63.90","62.80","21.73M","-0.22%"
"03/30/2022","63.11","63.89","64.43","62.73","18.63M","-1.62%"
"03/29/2022","64.15","64.00","64.53","63.00","23.00M","1.36%"
"03/28/2022","63.29","62.59","63.33","61.58","14.43M","0.64%"
"03/25/2022","62.89","62.71","63.04","62.01","14.54M","0.40%"
"03/24/2022","62.64","60.66","62.72","60.20","26.02M","4.50%"
"03/23/2022","59.94","60.80","61.14","59.92","13.84M","-1.95%"
"03/22/2022","61.13","60.17","61.35","59.93","19.26M","1.66%"
"03/21/2022","60.13","60.56","60.56","58.89","25.79M","-1.49%"
"03/18/2022","61.04","60.40","61.32","59.60","41.54M","1.28%"
"03/17/2022","60.27","60.47","60.70","59.76","18.17M","-0.72%"
"03/16/2022","60.71","59.66","60.77","58.41","29.45M","2.41%"
"03/15/2022","59.28","57.73","59.68","57.50","28.26M","4.40%"
"03/14/2022","56.78","57.70","58.00","56.48","25.23M","-1.73%"
"03/11/2022","57.78","59.20","59.44","57.71","19.82M","-1.68%"
"03/10/2022","58.77","58.56","59.00","57.64","19.32M","-1.56%"
"03/09/2022","59.70","58.88","60.16","58.70","22.56M","3.66%"
"03/08/2022","57.59","57.22","59.60","56.36","26.99M","0.91%"
"03/07/2022","57.07","59.71","59.88","57.00","26.49M","-4.24%"
"03/04/2022","59.60","59.28","60.59","58.40","44.76M","3.01%"
"03/03/2022","57.86","59.37","59.37","57.43","26.45M","-1.23%"
"03/02/2022","58.58","57.45","59.05","57.36","21.77M","2.75%"
"03/01/2022","57.01","58.48","58.76","56.53","24.90M","-2.95%"
"02/28/2022","58.74","58.10","59.23","57.64","25.00M","-0.10%"
"02/25/2022","58.80","57.98","58.94","57.40","22.38M","1.38%"
"02/24/2022","58.00","55.16","58.57","54.90","35.32M","2.62%"
"02/23/2022","56.52","58.02","58.51","56.47","22.42M","-2.13%"
"02/22/2022","57.75","58.00","59.02","56.98","20.20M","-0.43%"
"02/18/2022","58.00","58.09","58.77","57.33","19.71M","0.17%"
"02/17/2022","57.90","58.97","59.16","57.89","21.42M","-3.05%"
"02/16/2022","59.72","59.41","60.08","58.72","22.93M","-0.93%"
"02/15/2022","60.28","58.90","60.60","58.83","34.28M","4.18%"
"02/14/2022","57.86","57.50","58.28","57.01","19.29M","0.91%"
"02/11/2022","57.34","59.14","59.98","56.91","27.28M","-3.04%"
"02/10/2022","59.14","59.53","61.46","58.86","24.92M","-3.26%"
"02/09/2022","61.13","60.74","61.17","60.16","22.00M","1.85%"
"02/08/2022","60.02","58.84","60.19","58.70","14.57M","2.14%"
"02/07/2022","58.76","59.02","60.16","58.42","18.67M","-0.44%"
"02/04/2022","59.02","57.64","59.65","57.61","20.55M","1.60%"
"02/03/2022","58.09","59.57","59.90","58.01","30.60M","-3.73%"
"02/02/2022","60.34","59.90","60.48","59.36","24.44M","1.81%"
"02/01/2022","59.27","58.59","59.39","57.58","25.72M","1.16%"
"01/31/2022","58.59","55.94","58.64","55.60","40.29M","4.61%"
"01/28/2022","56.01","54.34","56.05","53.24","30.25M","3.28%"
"01/27/2022","54.23","56.97","57.03","54.10","34.21M","-2.66%"
"01/26/2022","55.71","55.20","57.42","55.01","49.71M","4.31%"
"01/25/2022","53.41","52.80","54.54","52.42","38.16M","-1.38%"
"01/24/2022","54.16","53.09","54.35","51.34","54.27M","1.58%"
"01/21/2022","53.32","54.66","55.54","53.13","38.01M","-2.65%"
"01/20/2022","54.77","56.80","57.01","54.68","25.22M","-2.89%"
"01/19/2022","56.40","58.16","58.47","56.33","22.69M","-2.39%"
"01/18/2022","57.78","58.83","59.10","57.60","35.84M","-3.12%"
"01/14/2022","59.64","59.58","60.04","59.20","25.66M","-0.13%"
"01/13/2022","59.72","62.75","62.79","59.41","30.05M","-3.99%"
"01/12/2022","62.20","62.75","63.10","61.97","18.81M","0.00%"
"01/11/2022","62.20","61.55","62.80","61.46","19.04M","0.13%"
"01/10/2022","62.12","60.89","62.20","60.36","29.79M","0.34%"
"01/07/2022","61.91","63.59","63.99","61.85","27.83M","-2.81%"
"01/06/2022","63.70","64.02","64.86","63.44","28.58M","-0.93%"
"01/05/2022","64.30","67.12","67.12","64.20","34.96M","-4.16%"
"01/04/2022","67.09","66.29","67.22","65.72","21.10M","1.15%"
"01/03/2022","66.33","66.63","67.17","66.12","22.60M","-0.32%"
"12/31/2021","66.54","66.70","67.13","66.33","12.05M","0.05%"
"12/30/2021","66.51","67.31","67.57","66.38","11.47M","-1.12%"
"12/29/2021","67.26","66.98","67.70","66.91","14.80M","0.54%"
"12/28/2021","66.90","67.75","67.78","66.70","17.25M","-0.79%"
"12/27/2021","67.43","66.48","67.63","66.45","19.45M","1.43%"
"12/23/2021","66.48","65.61","67.07","65.61","23.60M","1.47%"
"12/22/2021","65.52","64.33","65.72","63.93","28.38M","1.39%"
"12/21/2021","64.62","64.81","64.95","63.33","36.53M","0.19%"
"12/20/2021","64.50","62.63","64.61","62.51","32.77M","1.57%"
"12/17/2021","63.50","61.75","64.00","61.51","50.75M","2.30%"
"12/16/2021","62.07","63.74","64.07","61.15","42.75M","-3.00%"
"12/15/2021","63.99","61.56","64.09","61.03","29.09M","4.07%"
"12/14/2021","61.49","61.78","61.86","60.56","35.96M","-1.09%"
"12/13/2021","62.17","63.40","63.44","62.12","26.90M","-1.58%"
"12/10/2021","63.17","62.40","64.47","61.86","57.09M","8.28%"
"12/09/2021","58.34","58.24","59.02","58.24","29.08M","-0.88%"
"12/08/2021","58.86","59.09","59.09","58.24","18.00M","-0.30%"
"12/07/2021","59.04","57.20","59.31","57.20","29.56M","4.50%"
"12/06/2021","56.50","56.46","56.84","55.59","22.48M","1.24%"
"12/03/2021","55.81","56.49","56.90","55.04","20.31M","1.03%"
"12/02/2021","55.24","54.61","55.91","54.40","22.62M","-0.43%"
"12/01/2021","55.48","56.35","56.85","55.33","21.98M","0.20%"
"11/30/2021","55.37","56.33","56.50","55.20","22.58M","-1.88%"
"11/29/2021","56.43","55.62","56.76","55.37","18.70M","3.24%"
"11/26/2021","54.66","55.18","55.73","54.33","14.22M","-2.17%"
"11/24/2021","55.87","55.32","55.91","54.74","12.09M","0.65%"
"11/23/2021","55.51","55.24","55.59","54.85","17.11M","0.33%"
"11/22/2021","55.33","57.17","57.20","55.25","25.90M","-2.71%"
"11/19/2021","56.87","57.63","57.72","56.59","19.63M","-1.06%"
"11/18/2021","57.48","57.11","57.67","56.96","12.71M","0.91%"
"11/17/2021","56.96","56.81","57.14","56.41","12.53M","0.14%"
"11/16/2021","56.88","56.41","56.95","56.27","13.19M","0.53%"
"11/15/2021","56.58","56.77","56.77","55.98","13.97M","0.46%"
"11/12/2021","56.32","55.84","56.58","55.46","13.59M","1.40%"
"11/11/2021","55.54","55.27","55.71","54.88","14.16M","1.20%"
"11/10/2021","54.88","55.43","56.09","54.80","18.45M","-1.61%"
"11/09/2021","55.78","55.92","56.19","55.51","15.84M","-0.21%"
"11/08/2021","55.90","56.20","56.39","55.81","17.23M","0.02%"
"11/05/2021","55.89","55.00","55.97","54.98","18.67M","1.88%"
"11/04/2021","54.86","54.38","54.91","54.09","15.96M","1.14%"
"11/03/2021","54.24","53.91","54.38","53.38","14.04M","0.99%"
"11/02/2021","53.71","52.74","54.08","52.67","16.26M","1.72%"
"11/01/2021","52.80","53.03","53.26","52.49","16.90M","-0.70%"
"10/29/2021","53.17","52.35","53.22","52.35","15.56M","0.40%"
"10/28/2021","52.96","52.41","52.99","52.34","11.88M","1.24%"
"10/27/2021","52.31","53.18","53.61","52.19","23.50M","-2.02%"
"10/26/2021","53.39","52.52","53.50","52.40","24.04M","2.26%"
"10/25/2021","52.21","51.75","52.45","51.52","12.42M","1.30%"
"10/22/2021","51.54","51.47","52.14","51.30","15.37M","0.25%"
"10/21/2021","51.41","50.94","51.48","50.86","11.79M","0.92%"
"10/20/2021","50.94","51.10","51.34","50.84","13.46M","-0.20%"
"10/19/2021","51.04","50.43","51.09","50.18","16.38M","1.39%"
"10/18/2021","50.34","50.04","50.40","49.87","16.04M","0.02%"
"10/15/2021","50.33","50.44","50.59","50.11","25.10M","1.15%"
"10/14/2021","49.76","49.19","49.91","49.08","19.23M","2.60%"
"10/13/2021","48.50","48.12","48.54","47.95","16.43M","-0.06%"
"10/12/2021","48.53","49.58","49.67","48.20","20.99M","-1.42%"
"10/11/2021","49.23","49.12","49.96","49.09","11.19M","-0.10%"
"10/08/2021","49.28","49.68","49.80","49.13","10.28M","-0.22%"
"10/07/2021","49.39","49.26","49.99","49.26","13.26M","1.04%"
"10/06/2021","48.88","48.31","48.94","47.97","12.04M","0.70%"
"10/05/2021","48.54","47.59","48.98","47.53","16.56M","2.00%"
"10/04/2021","47.59","48.49","48.66","47.28","20.09M","-2.34%"
"10/01/2021","48.73","48.78","48.87","47.75","16.05M","0.49%"
"09/30/2021","48.49","49.45","49.45","48.45","15.74M","-0.94%"
"09/29/2021","48.95","49.36","49.43","48.77","15.78M","-0.31%"
"09/28/2021","49.10","49.70","50.15","49.05","20.12M","-2.73%"
"09/27/2021","50.48","49.98","50.58","49.74","9.83M","-0.02%"
"09/24/2021","50.49","50.23","50.55","50.08","10.61M","0.12%"
"09/23/2021","50.43","50.25","50.73","50.06","18.37M","0.74%"
"09/22/2021","50.06","49.42","50.30","49.22","20.61M","1.96%"
"09/21/2021","49.10","49.35","49.38","48.70","16.94M","-0.77%"
"09/20/2021","49.48","49.90","50.30","48.84","30.11M","-2.21%"
"09/17/2021","50.60","50.40","50.76","50.10","34.47M","-0.26%"
"09/16/2021","50.73","50.52","50.91","50.02","17.57M","-0.47%"
"09/15/2021","50.97","50.21","51.07","49.94","23.35M","1.55%"
"09/14/2021","50.19","50.20","50.54","49.84","14.13M","0.58%"
"09/13/2021","49.90","50.20","50.25","49.33","14.93M","0.18%"
"09/10/2021","49.81","49.70","50.60","49.65","16.11M","0.93%"
"09/09/2021","49.35","49.28","49.87","49.28","13.18M","-0.18%"
"09/08/2021","49.44","49.96","49.99","48.81","13.99M","-0.44%"
"09/07/2021","49.66","49.76","49.76","49.10","12.40M","-0.22%"
"09/03/2021","49.77","49.59","50.60","49.50","25.20M","1.18%"
"09/02/2021","49.19","49.58","49.60","49.02","17.12M","-0.26%"
"09/01/2021","49.32","49.63","49.92","49.29","12.59M","-0.80%"
"08/31/2021","49.72","50.13","50.13","49.27","17.38M","-0.34%"
"08/30/2021","49.89","50.00","50.78","49.83","19.61M","0.60%"
"08/27/2021","49.59","48.80","49.64","48.66","16.46M","2.10%"
"08/26/2021","48.57","48.30","48.81","48.06","10.84M","0.48%"
"08/25/2021","48.34","48.16","48.63","48.16","10.02M","0.42%"
"08/24/2021","48.14","48.24","48.30","48.02","9.43M","-0.21%"
"08/23/2021","48.24","47.63","48.62","47.57","15.71M","1.52%"
"08/20/2021","47.52","47.28","47.62","47.04","10.01M","0.36%"
"08/19/2021","47.35","46.63","47.58","46.27","14.04M","0.96%"
"08/18/2021","46.90","47.66","47.71","46.83","15.62M","-2.03%"
"08/17/2021","47.87","48.56","48.62","47.45","16.50M","-1.93%"
"08/16/2021","48.81","48.48","48.89","48.44","9.19M","0.39%"
"08/13/2021","48.62","48.26","48.90","48.21","8.58M","0.39%"
"08/12/2021","48.43","48.23","48.50","47.67","8.70M","0.17%"
"08/11/2021","48.35","48.48","48.60","47.98","9.82M","0.25%"
"08/10/2021","48.23","48.59","48.65","47.78","9.32M","-0.50%"
"08/09/2021","48.47","48.65","48.68","48.10","5.95M","-0.14%"
"08/06/2021","48.54","48.51","48.81","48.40","9.96M","-0.47%"
"08/05/2021","48.77","49.04","49.04","48.49","8.37M","-0.02%"
"08/04/2021","48.78","48.85","49.00","48.40","12.12M","0.21%"
"08/03/2021","48.68","48.55","48.78","48.00","11.13M","0.43%"
"08/02/2021","48.47","48.91","49.46","48.35","15.62M","-0.14%"
"07/30/2021","48.54","48.20","48.63","47.96","11.55M","0.27%"
"07/29/2021","48.41","47.85","48.58","47.74","9.16M","1.34%"
"07/28/2021","47.77","47.67","47.91","47.43","8.36M","0.48%"
"07/27/2021","47.54","48.08","48.18","46.78","14.72M","-1.41%"
"07/26/2021","48.22","48.22","48.36","47.97","11.16M","-0.19%"
"07/23/2021","48.31","48.00","48.36","47.68","13.49M","1.43%"
"07/22/2021","47.63","47.66","47.90","47.45","12.58M","-0.56%"
"07/21/2021","47.90","46.96","47.93","46.85","13.66M","2.22%"
"07/20/2021","46.86","46.79","47.23","46.33","20.73M","0.62%"
"07/19/2021","46.57","46.35","46.60","45.76","14.94M","-0.51%"
"07/16/2021","46.81","47.91","48.03","46.73","13.98M","-1.93%"
"07/15/2021","47.73","48.33","48.45","47.31","12.62M","-0.89%"
"07/14/2021","48.16","48.92","49.20","48.07","14.02M","-0.50%"
"07/13/2021","48.40","48.53","48.75","48.20","11.81M","-0.37%"
"07/12/2021","48.58","48.13","49.40","47.33","33.14M","1.17%"
"07/09/2021","48.02","46.96","48.09","46.80","16.78M","2.06%"
"07/08/2021","47.05","46.44","47.11","46.16","16.01M","0.21%"
"07/07/2021","46.95","47.50","47.54","46.64","12.58M","-0.80%"
"07/06/2021","47.33","47.04","47.67","46.83","13.87M","1.09%"
"07/02/2021","46.82","47.68","47.86","45.57","37.06M","-0.30%"
"07/01/2021","46.96","47.78","47.78","46.89","11.15M","-1.51%"
"06/30/2021","47.68","47.81","47.86","47.25","15.38M","-0.08%"
"06/29/2021","47.72","47.24","47.73","47.07","14.18M","0.93%"
"06/28/2021","47.28","46.60","47.63","46.55","13.99M","2.29%"
"06/25/2021","46.22","47.13","47.24","46.00","19.10M","-1.68%"
"06/24/2021","47.01","46.99","47.37","46.86","12.50M","0.73%"
"06/23/2021","46.67","46.39","46.79","46.30","17.67M","0.47%"
"06/22/2021","46.45","46.66","46.86","46.13","13.72M","-0.02%"
"06/21/2021","46.46","46.12","46.54","45.84","18.59M","0.24%"
"06/18/2021","46.35","46.73","46.98","46.05","28.54M","-1.63%"
"06/17/2021","47.12","46.49","47.52","46.39","20.88M","1.16%"
"06/16/2021","46.58","47.03","47.11","46.15","20.44M","-1.04%"
"06/15/2021","47.07","47.66","47.66","46.85","11.13M","-1.07%"
"06/14/2021","47.58","47.05","47.59","46.61","14.68M","1.08%"
"06/11/2021","47.07","46.84","47.21","46.71","14.51M","0.43%"
"06/10/2021","46.87","46.55","46.95","46.02","15.42M","1.03%"
"06/09/2021","46.39","46.72","46.72","46.17","12.13M","0.09%"
"06/08/2021","46.35","46.80","47.24","46.35","16.62M","-0.06%"
"06/07/2021","46.38","47.30","47.45","46.25","24.14M","-2.36%"
"06/04/2021","47.50","47.05","47.84","46.95","23.87M","2.19%"
"06/03/2021","46.48","46.88","46.98","46.33","20.39M","-1.88%"
"06/02/2021","47.37","47.18","47.77","46.95","13.29M","1.15%"
"06/01/2021","46.83","47.54","47.80","46.72","16.28M","-0.85%"
"05/28/2021","47.23","47.00","47.46","46.77","19.95M","0.98%"
"05/27/2021","46.77","46.00","46.84","45.96","19.10M","1.56%"
"05/26/2021","46.05","46.08","46.21","45.55","9.87M","0.22%"
"05/25/2021","45.95","46.19","46.30","45.65","9.60M","0.07%"
"05/24/2021","45.92","45.69","46.24","45.64","14.42M","1.77%"
"05/21/2021","45.12","45.80","45.80","44.93","13.22M","-0.84%"
"05/20/2021","45.50","44.58","45.93","44.53","21.89M","3.01%"
"05/19/2021","44.17","42.60","44.25","42.57","21.37M","1.84%"
"05/18/2021","43.37","44.39","44.44","43.33","17.82M","-1.41%"
"05/17/2021","43.99","44.21","44.21","43.28","15.73M","-0.38%"
"05/14/2021","44.16","43.64","44.51","43.20","16.97M","2.55%"
"05/13/2021","43.06","42.99","43.48","42.56","21.84M","1.94%"
"05/12/2021","42.24","42.93","43.09","41.91","29.94M","-4.02%"
"05/11/2021","44.01","42.50","44.18","42.30","17.89M","0.92%"
"05/10/2021","43.61","44.84","44.85","43.58","25.24M","-3.65%"
"05/07/2021","45.26","45.46","45.84","44.92","11.71M","0.89%"
"05/06/2021","44.86","44.38","44.91","43.98","13.50M","1.08%"
"05/05/2021","44.38","45.04","45.14","44.24","16.39M","-0.16%"
"05/04/2021","44.45","44.72","44.77","43.73","23.50M","-1.24%"
"05/03/2021","45.01","45.98","45.98","44.83","15.10M","-1.34%"
"04/30/2021","45.62","45.97","46.07","45.38","19.37M","-2.17%"
"04/29/2021","46.63","46.97","46.97","45.90","14.65M","1.55%"
"04/28/2021","45.92","46.54","46.60","45.60","15.94M","-1.52%"
"04/27/2021","46.63","47.37","47.43","46.51","13.27M","-1.19%"
"04/26/2021","47.19","46.70","47.38","46.36","18.27M","1.24%"
"04/23/2021","46.61","45.85","46.78","45.75","22.89M","2.42%"
"04/22/2021","45.51","45.51","46.11","44.90","27.06M","-1.02%"
"04/21/2021","45.98","45.52","46.03","45.26","25.95M","0.55%"
"04/20/2021","45.73","46.00","46.20","45.45","19.13M","-1.02%"
"04/19/2021","46.20","47.65","47.68","46.01","26.32M","-3.51%"
"04/16/2021","47.88","48.05","48.18","47.68","16.26M","-0.25%"
"04/15/2021","48.00","48.16","48.23","47.68","18.37M","0.57%"
"04/14/2021","47.73","48.25","48.92","47.52","18.22M","-1.59%"
"04/13/2021","48.50","48.50","48.82","48.03","15.28M","0.27%"
"04/12/2021","48.37","48.19","48.54","47.86","23.25M","-0.29%"
"04/09/2021","48.51","48.00","48.53","47.65","16.62M","-0.08%"
"04/08/2021","48.55","48.80","48.80","48.01","18.12M","0.62%"
"04/07/2021","48.25","48.00","48.39","47.80","12.07M","-0.29%"
"04/06/2021","48.39","48.31","48.82","47.77","18.06M","-0.94%"
"04/05/2021","48.85","48.03","48.96","47.68","22.97M","2.65%"
"04/01/2021","47.59","47.21","47.66","46.92","23.53M","2.63%"
"03/31/2021","46.37","45.90","46.71","45.24","28.68M","1.64%"
"03/30/2021","45.62","46.39","46.40","45.16","27.94M","-3.47%"
"03/29/2021","47.26","48.04","48.12","46.83","28.41M","-1.95%"
"03/26/2021","48.20","45.66","48.30","45.66","28.92M","4.40%"
"03/25/2021","46.17","45.50","46.40","44.93","17.54M","0.96%"
"03/24/2021","45.73","46.95","47.00","45.69","20.88M","-1.47%"
"03/23/2021","46.41","47.38","47.54","46.27","24.71M","-2.36%"
"03/22/2021","47.53","47.29","48.13","47.17","31.81M","0.17%"
"03/19/2021","47.45","45.70","47.67","45.41","108.60M","2.24%"
"03/18/2021","46.41","47.46","48.34","46.38","28.74M","-4.03%"
"03/17/2021","48.36","47.03","48.73","47.00","23.75M","1.13%"
"03/16/2021","47.82","47.13","48.40","46.74","31.19M","1.57%"
"03/15/2021","47.08","45.52","47.12","45.32","31.30M","4.34%"
"03/12/2021","45.12","44.54","45.35","44.45","18.91M","-0.55%"
"03/11/2021","45.37","44.90","45.74","44.21","26.17M","3.68%"
"03/10/2021","43.76","44.73","45.40","43.51","19.91M","-1.35%"
"03/09/2021","44.36","43.57","44.69","43.06","37.88M","5.32%"
"03/08/2021","42.12","44.68","44.80","41.93","45.24M","-6.42%"
"03/05/2021","45.01","45.42","45.60","43.30","42.41M","1.47%"
"03/04/2021","44.36","46.17","46.70","44.14","34.57M","-4.21%"
"03/03/2021","46.31","47.80","48.14","46.20","23.99M","-3.62%"
"03/02/2021","48.05","49.04","49.09","47.96","18.55M","-1.86%"
"03/01/2021","48.96","47.97","49.00","47.39","24.68M","4.19%"
"02/26/2021","46.99","46.75","47.58","46.07","22.64M","2.78%"
"02/25/2021","45.72","47.48","47.94","45.52","23.15M","-4.93%"
"02/24/2021","48.09","46.77","48.14","46.27","15.13M","1.91%"
"02/23/2021","47.19","47.11","47.46","45.61","21.31M","-0.94%"
"02/22/2021","47.64","48.40","48.66","47.53","16.97M","-2.78%"
"02/19/2021","49.00","48.73","49.51","48.68","17.99M","1.39%"
"02/18/2021","48.33","48.02","48.54","47.51","16.71M","0.17%"
"02/17/2021","48.25","48.42","48.61","47.51","14.09M","-1.35%"
"02/16/2021","48.91","49.09","49.48","48.70","15.16M","0.58%"
"02/12/2021","48.63","47.84","48.70","47.49","13.55M","1.65%"
"02/11/2021","47.84","47.37","47.94","46.92","17.12M","1.77%"
"02/10/2021","47.01","47.72","47.75","46.55","14.59M","-0.95%"
"02/09/2021","47.46","47.20","47.52","46.86","12.76M","0.40%"
"02/08/2021","47.27","46.88","47.34","46.56","17.61M","1.44%"
"02/05/2021","46.60","47.43","47.69","46.54","12.49M","-0.98%"
"02/04/2021","47.06","46.00","47.12","45.75","15.24M","1.16%"
"02/03/2021","46.52","47.69","47.85","46.46","17.86M","-2.45%"
"02/02/2021","47.69","46.98","47.70","46.80","16.14M","2.19%"
"02/01/2021","46.67","45.59","46.93","45.36","17.03M","3.60%"
"01/29/2021","45.05","44.99","45.81","44.76","22.07M","-0.27%"
"01/28/2021","45.17","45.55","45.85","44.70","16.95M","1.57%"
"01/27/2021","44.47","45.55","45.70","44.15","21.86M","-4.14%"
"01/26/2021","46.39","46.27","46.70","46.19","10.74M","-0.19%"
"01/25/2021","46.48","46.96","47.00","45.61","14.69M","-0.04%"
"01/22/2021","46.50","46.37","46.76","46.24","16.25M","-0.39%"
"01/21/2021","46.68","46.21","46.95","46.04","15.75M","1.06%"
"01/20/2021","46.19","45.95","46.58","45.50","14.71M","0.57%"
"01/19/2021","45.93","44.83","45.95","44.83","18.82M","3.01%"
"01/15/2021","44.59","44.82","45.00","44.07","18.17M","-1.37%"
"01/14/2021","45.21","45.35","45.85","45.13","19.69M","0.20%"
"01/13/2021","45.12","45.03","45.35","44.81","13.12M","0.40%"
"01/12/2021","44.94","44.78","45.48","44.56","13.85M","0.81%"
"01/11/2021","44.58","44.06","44.88","44.04","11.66M","0.04%"
"01/08/2021","44.56","44.70","45.00","43.86","15.27M","0.50%"
"01/07/2021","44.34","43.21","44.46","43.06","21.27M","4.21%"
"01/06/2021","42.55","42.33","43.46","42.05","17.23M","-0.61%"
"01/05/2021","42.81","42.51","42.94","42.24","15.07M","0.68%"
"01/04/2021","42.52","43.93","44.22","42.12","24.17M","-2.88%"
"12/31/2020","43.78","43.63","43.85","43.30","10.21M","0.69%"
"12/30/2020","43.48","43.17","43.80","43.01","10.55M","1.35%"
"12/29/2020","42.90","43.58","43.58","42.68","9.59M","-0.67%"
"12/28/2020","43.19","43.43","43.73","43.12","10.63M","0.09%"
"12/24/2020","43.15","42.85","43.20","42.76","4.12M","1.41%"
"12/23/2020","42.55","43.50","43.60","42.51","10.53M","-1.75%"
"12/22/2020","43.31","42.89","43.35","42.80","17.94M","0.98%"
"12/21/2020","42.89","42.81","43.20","42.37","19.10M","-1.31%"
"12/18/2020","43.46","42.48","43.56","42.20","45.24M","1.99%"
"12/17/2020","42.61","42.65","43.00","42.45","17.15M","0.28%"
"12/16/2020","42.49","41.80","42.71","41.70","23.16M","1.63%"
"12/15/2020","41.81","41.53","41.94","41.30","21.22M","1.53%"
"12/14/2020","41.18","40.65","41.43","40.60","26.12M","1.48%"
"12/11/2020","40.58","40.40","40.70","39.83","26.67M","-1.02%"
"12/10/2020","41.00","41.14","41.52","40.80","26.24M","-1.49%"
"12/09/2020","41.62","41.95","42.61","41.37","20.91M","-1.70%"
"12/08/2020","42.34","41.93","42.67","41.82","18.12M","0.59%"
"12/07/2020","42.09","41.64","42.28","41.33","19.71M","2.23%"
"12/04/2020","41.17","40.24","41.24","40.24","20.08M","2.98%"
"12/03/2020","39.98","40.45","40.66","39.81","16.12M","-0.97%"
"12/02/2020","40.37","40.47","40.54","40.11","10.03M","-0.22%"
"12/01/2020","40.46","40.35","40.67","40.01","18.18M","0.75%"
"11/30/2020","40.16","39.40","40.22","39.27","15.45M","1.70%"
"11/27/2020","39.49","39.31","39.92","39.30","6.85M","1.05%"
"11/25/2020","39.08","39.28","39.55","38.90","11.79M","-0.36%"
"11/24/2020","39.22","38.86","39.28","38.62","13.46M","1.34%"
"11/23/2020","38.70","38.54","38.91","38.30","12.22M","0.97%"
"11/20/2020","38.33","38.43","38.88","38.27","16.15M","-0.26%"
"11/19/2020","38.43","37.77","38.48","37.44","14.56M","0.97%"
"11/18/2020","38.06","37.99","38.49","37.96","13.52M","0.00%"
"11/17/2020","38.06","37.87","38.24","37.70","11.95M","-0.05%"
"11/16/2020","38.08","37.48","38.14","37.40","12.10M","1.95%"
"11/13/2020","37.35","37.50","37.73","37.16","11.00M","0.89%"
"11/12/2020","37.02","37.72","37.86","36.83","12.17M","-1.52%"
"11/11/2020","37.59","37.09","37.71","36.85","15.13M","3.53%"
"11/10/2020","36.31","37.03","37.32","36.04","26.78M","-3.30%"
"11/09/2020","37.55","38.91","39.39","37.50","24.09M","-1.34%"
"11/06/2020","38.06","38.01","38.37","37.72","13.55M","-0.08%"
"11/05/2020","38.09","37.24","38.27","37.20","21.78M","4.47%"
"11/04/2020","36.46","36.05","36.90","35.71","21.28M","3.05%"
"11/03/2020","35.38","35.59","35.92","34.67","15.46M","0.74%"
"11/02/2020","35.12","35.50","35.54","34.83","11.76M","0.46%"
"10/30/2020","34.96","34.94","35.30","34.44","18.53M","-1.52%"
"10/29/2020","35.50","34.73","35.94","34.54","15.70M","2.25%"
"10/28/2020","34.72","35.40","35.49","34.55","22.33M","-3.45%"
"10/27/2020","35.96","36.52","36.52","35.92","9.62M","-0.94%"
"10/26/2020","36.30","36.96","37.00","35.76","15.51M","-2.60%"
"10/23/2020","37.27","37.33","37.39","37.08","8.87M","-0.19%"
"10/22/2020","37.34","37.11","37.43","36.71","13.55M","0.38%"
"10/21/2020","37.20","37.58","37.69","37.03","11.90M","-1.33%"
"10/20/2020","37.70","37.70","38.11","37.56","13.30M","0.32%"
"10/19/2020","37.58","38.12","38.36","37.52","14.80M","-0.77%"
"10/16/2020","37.87","38.33","38.33","37.81","10.30M","-0.32%"
"10/15/2020","37.99","37.51","38.05","37.50","14.37M","-0.11%"
"10/14/2020","38.03","38.35","38.37","37.78","17.30M","-0.31%"
"10/13/2020","38.15","38.44","38.78","37.86","16.73M","-0.24%"
"10/12/2020","38.24","38.18","38.51","37.98","18.84M","1.51%"
"10/09/2020","37.67","37.59","38.00","37.40","17.26M","0.91%"
"10/08/2020","37.33","36.99","37.43","36.83","17.05M","1.80%"
"10/07/2020","36.67","36.84","36.99","36.61","12.75M","0.74%"
"10/06/2020","36.40","36.61","37.20","36.20","16.67M","-0.57%"
"10/05/2020","36.61","36.08","36.69","35.99","18.92M","2.61%"
"10/02/2020","35.68","36.00","36.49","35.62","17.10M","-3.20%"
"10/01/2020","36.86","36.90","37.07","36.48","16.02M","1.18%"
"09/30/2020","36.43","36.30","37.10","36.17","22.40M","0.00%"
"09/29/2020","36.43","36.75","37.08","36.40","13.83M","-0.82%"
"09/28/2020","36.73","36.17","36.84","35.90","22.19M","2.94%"
"09/25/2020","35.68","35.20","35.77","34.83","18.18M","1.22%"
"09/24/2020","35.25","35.02","35.76","34.91","13.61M","0.26%"
"09/23/2020","35.16","36.02","36.12","35.00","15.55M","-2.77%"
"09/22/2020","36.16","35.64","36.18","35.30","19.50M","2.79%"
"09/21/2020","35.18","35.00","35.20","34.35","24.20M","-2.20%"
"09/18/2020","35.97","36.71","36.78","35.51","35.29M","-1.69%"
"09/17/2020","36.59","35.50","37.01","35.50","22.86M","-0.30%"
"09/16/2020","36.70","36.82","37.20","36.63","18.51M","0.03%"
"09/15/2020","36.69","36.63","37.11","36.53","16.62M","1.30%"
"09/14/2020","36.22","36.44","36.59","35.93","16.45M","0.70%"
"09/11/2020","35.97","36.05","36.43","35.47","17.36M","0.73%"
"09/10/2020","35.71","36.21","36.78","35.44","22.85M","-0.81%"
"09/09/2020","36.00","35.62","36.19","35.11","26.27M","2.71%"
"09/08/2020","35.05","35.27","36.27","35.00","26.69M","-3.44%"
"09/04/2020","36.30","36.10","37.25","35.35","58.51M","3.10%"
"09/03/2020","35.21","36.60","36.89","35.02","41.79M","-6.11%"
"09/02/2020","37.50","36.59","37.90","36.36","37.05M","4.31%"
"09/01/2020","35.95","35.00","36.21","34.74","29.26M","3.54%"
"08/31/2020","34.72","34.35","35.06","34.35","22.23M","0.70%"
"08/28/2020","34.48","33.90","34.48","33.77","14.59M","1.68%"
"08/27/2020","33.91","34.05","34.13","33.61","12.55M","-0.18%"
"08/26/2020","33.97","33.47","34.15","33.35","14.84M","1.07%"
"08/25/2020","33.61","33.50","33.71","33.30","11.14M","0.63%"
"08/24/2020","33.40","33.20","33.62","33.11","12.00M","1.21%"
"08/21/2020","33.00","32.83","33.05","32.50","11.51M","0.36%"
"08/20/2020","32.88","32.77","33.00","32.61","8.91M","-0.12%"
"08/19/2020","32.92","32.95","33.31","32.82","11.27M","0.18%"
"08/18/2020","32.86","33.19","33.32","32.81","8.86M","-0.51%"
"08/17/2020","33.03","32.95","33.18","32.90","10.59M","0.76%"
"08/14/2020","32.78","32.80","32.98","32.60","10.14M","-0.49%"
"08/13/2020","32.94","33.22","33.34","32.78","15.10M","-1.26%"
"08/12/2020","33.36","32.59","33.59","32.54","18.48M","2.96%"
"08/11/2020","32.40","32.76","33.33","32.28","19.32M","-1.04%"
"08/10/2020","32.74","32.42","32.93","32.41","11.99M","0.46%"
"08/07/2020","32.59","32.84","32.97","32.15","14.19M","-1.00%"
"08/06/2020","32.92","32.78","33.09","32.54","14.19M","-0.09%"
"08/05/2020","32.95","32.83","33.16","32.58","22.30M","0.33%"
"08/04/2020","32.84","32.05","32.86","32.04","25.26M","2.24%"
"08/03/2020","32.12","31.80","32.35","31.73","20.80M","1.39%"
"07/31/2020","31.68","31.47","31.84","31.14","24.72M","1.51%"
"07/30/2020","31.21","30.60","31.29","30.60","21.26M","1.04%"
"07/29/2020","30.89","30.85","31.12","30.74","16.56M","0.52%"
"07/28/2020","30.73","31.12","31.21","30.62","13.98M","-1.73%"
"07/27/2020","31.27","30.83","31.30","30.75","20.65M","2.26%"
"07/24/2020","30.58","30.66","31.09","30.42","15.63M","-1.26%"
"07/23/2020","30.97","31.34","31.61","30.84","19.42M","-1.31%"
"07/22/2020","31.38","31.50","31.57","31.04","14.40M","-0.16%"
"07/21/2020","31.43","31.92","31.92","31.27","14.35M","-0.88%"
"07/20/2020","31.71","31.18","31.77","31.03","14.33M","1.41%"
"07/17/2020","31.27","31.41","31.52","31.00","13.36M","0.45%"
"07/16/2020","31.13","31.06","31.39","30.93","12.93M","-0.80%"
"07/15/2020","31.38","31.59","31.78","31.02","15.25M","-0.41%"
"07/14/2020","31.51","30.90","31.62","30.52","18.36M","1.22%"
"07/13/2020","31.13","32.17","32.35","31.06","21.55M","-2.54%"
"07/10/2020","31.94","32.19","32.30","31.54","13.28M","-0.65%"
"07/09/2020","32.15","32.00","32.43","31.52","25.23M","0.59%"
"07/08/2020","31.96","31.61","31.98","31.41","18.02M","2.08%"
"07/07/2020","31.31","31.73","31.82","31.25","16.15M","-1.79%"
"07/06/2020","31.88","32.00","32.10","31.73","17.56M","1.05%"
"07/02/2020","31.55","31.77","31.94","31.47","16.64M","0.90%"
"07/01/2020","31.27","31.51","31.68","31.19","15.66M","-0.92%"
"06/30/2020","31.56","31.00","31.71","30.68","25.13M","1.87%"
"06/29/2020","30.98","30.81","31.04","30.45","14.52M","0.78%"
"06/26/2020","30.74","31.36","31.58","30.32","31.43M","-0.49%"
"06/25/2020","30.89","30.61","30.95","30.30","15.03M","0.62%"
"06/24/2020","30.70","30.92","31.10","30.45","19.10M","-1.38%"
"06/23/2020","31.13","31.51","31.74","31.13","22.42M","-0.70%"
"06/22/2020","31.35","30.55","31.42","30.35","27.19M","3.53%"
"06/19/2020","30.28","31.77","31.81","30.28","58.46M","-4.99%"
"06/18/2020","31.87","31.21","31.91","31.15","33.62M","1.69%"
"06/17/2020","31.34","31.34","31.67","31.18","20.28M","0.87%"
"06/16/2020","31.07","31.00","31.45","30.40","30.40M","2.17%"
"06/15/2020","30.41","29.50","30.68","29.24","29.87M","1.30%"
"06/12/2020","30.02","30.28","30.39","29.27","39.44M","2.18%"
"06/11/2020","29.38","30.76","30.86","29.34","45.11M","-6.73%"
"06/10/2020","31.50","31.66","31.92","31.47","25.91M","-0.10%"
"06/09/2020","31.53","31.20","31.89","31.16","22.33M","-0.69%"
"06/08/2020","31.75","31.75","31.88","31.34","23.92M","0.13%"
"06/05/2020","31.71","31.97","32.81","31.51","50.96M","2.65%"
"06/04/2020","30.89","30.57","31.30","30.21","35.00M","-0.19%"
"06/03/2020","30.95","30.11","31.09","30.05","31.93M","3.82%"
"06/02/2020","29.81","29.10","29.83","29.01","31.85M","2.79%"
"06/01/2020","29.00","29.04","29.11","28.74","18.45M","-0.45%"
"05/29/2020","29.13","28.29","29.20","28.19","27.32M","2.90%"
"05/28/2020","28.31","28.50","28.93","28.24","18.56M","-1.56%"
"05/27/2020","28.76","28.30","28.78","28.00","22.81M","1.99%"
"05/26/2020","28.20","28.50","28.71","28.14","23.57M","1.95%"
"05/22/2020","27.66","27.37","27.73","27.05","17.45M","0.66%"
"05/21/2020","27.48","27.89","27.95","27.46","14.85M","-1.40%"
"05/20/2020","27.87","27.70","28.13","27.61","18.61M","2.46%"
"05/19/2020","27.20","27.35","27.60","27.16","18.70M","-0.55%"
"05/18/2020","27.35","26.86","27.67","26.80","26.54M","5.03%"
"05/15/2020","26.04","25.94","26.41","25.68","21.65M","-2.33%"
"05/14/2020","26.66","26.10","26.70","25.48","19.91M","1.29%"
"05/13/2020","26.32","27.01","27.03","25.94","21.93M","-1.94%"
"05/12/2020","26.84","27.66","27.77","26.82","18.76M","-2.54%"
"05/11/2020","27.54","27.34","27.67","27.18","20.85M","0.15%"
"05/08/2020","27.50","27.22","27.55","27.00","16.77M","2.73%"
"05/07/2020","26.77","27.00","27.05","26.60","18.25M","1.32%"
"05/06/2020","26.42","26.83","27.05","26.36","22.73M","-0.26%"
"05/05/2020","26.49","26.66","26.89","26.37","26.46M","0.99%"
"05/04/2020","26.23","25.92","26.24","25.53","17.05M","1.00%"
"05/01/2020","25.97","26.60","26.79","25.82","26.84M","-4.38%"
"04/30/2020","27.16","27.35","27.41","26.88","23.38M","-1.59%"
"04/29/2020","27.60","27.11","27.70","26.92","28.87M","4.27%"
"04/28/2020","26.47","27.42","27.64","26.41","18.99M","-1.38%"
"04/27/2020","26.84","26.43","27.12","26.43","16.59M","1.36%"
"04/24/2020","26.48","25.98","26.51","25.89","23.43M","2.28%"
"04/23/2020","25.89","26.02","26.52","25.85","21.66M","-0.42%"
"04/22/2020","26.00","25.48","26.22","25.07","35.44M","4.97%"
"04/21/2020","24.77","25.46","25.48","24.68","29.14M","-4.10%"
"04/20/2020","25.83","26.00","26.53","25.79","23.80M","-2.86%"
"04/17/2020","26.59","26.32","26.74","25.89","34.09M","2.94%"
"04/16/2020","25.83","26.18","26.18","25.41","26.90M","0.35%"
"04/15/2020","25.74","26.10","26.23","25.62","25.93M","-3.81%"
"04/14/2020","26.76","26.61","26.84","26.23","23.10M","2.96%"
"04/13/2020","25.99","25.35","26.15","25.28","25.73M","2.20%"
"04/09/2020","25.43","26.58","26.75","25.13","34.83M","-2.60%"
"04/08/2020","26.11","25.68","26.22","25.36","27.57M","3.08%"
"04/07/2020","25.33","26.18","26.55","25.25","45.89M","0.36%"
"04/06/2020","25.24","24.46","25.34","24.36","38.87M","7.73%"
"04/03/2020","23.43","23.66","24.25","23.05","28.96M","-1.18%"
"04/02/2020","23.71","22.24","23.80","22.14","45.05M","6.04%"
"04/01/2020","22.36","22.80","23.44","21.97","41.86M","-5.69%"
"03/31/2020","23.71","23.80","25.27","23.61","50.22M","-1.25%"
"03/30/2020","24.01","23.22","24.14","22.84","52.34M","4.07%"
"03/27/2020","23.07","23.30","24.21","23.00","39.45M","-5.14%"
"03/26/2020","24.32","22.60","24.48","22.60","60.23M","11.82%"
"03/25/2020","21.75","21.22","24.40","20.92","64.44M","2.21%"
"03/24/2020","21.28","20.56","21.87","20.13","62.97M","9.97%"
"03/23/2020","19.35","19.29","19.60","17.77","46.92M","0.68%"
"03/20/2020","19.22","20.20","20.87","18.79","74.04M","-1.18%"
"03/19/2020","19.45","16.76","20.75","16.50","74.44M","15.84%"
"03/18/2020","16.79","18.57","18.75","15.57","98.99M","-15.84%"
"03/17/2020","19.95","19.18","20.00","18.15","70.66M","6.34%"
"03/16/2020","18.76","20.82","21.88","18.02","76.94M","-19.90%"
"03/13/2020","23.42","22.55","23.45","20.12","84.71M","7.04%"
"03/12/2020","21.88","22.70","24.28","21.63","64.28M","-11.06%"
"03/11/2020","24.60","25.39","25.65","24.25","36.04M","-6.43%"
"03/10/2020","26.29","25.66","26.37","24.34","55.08M","6.14%"
"03/09/2020","24.77","25.11","26.03","24.42","43.93M","-8.09%"
"03/06/2020","26.95","26.70","27.09","26.25","30.17M","-1.64%"
"03/05/2020","27.40","27.73","28.31","27.25","24.37M","-4.03%"
"03/04/2020","28.55","27.75","28.57","27.48","23.48M","4.08%"
"03/03/2020","27.43","28.46","28.85","27.16","29.93M","-3.75%"
"03/02/2020","28.50","27.68","28.54","27.12","31.98M","4.55%"
"02/28/2020","27.26","26.33","27.41","26.27","44.60M","-0.47%"
"02/27/2020","27.39","28.03","28.53","27.35","34.84M","-4.20%"
"02/26/2020","28.59","28.43","28.82","28.40","23.09M","1.13%"
"02/25/2020","28.27","29.41","29.57","28.11","31.89M","-3.05%"
"02/24/2020","29.16","29.42","29.88","29.01","36.85M","-4.24%"
"02/21/2020","30.45","30.85","30.95","30.23","24.53M","-1.52%"
"02/20/2020","30.92","31.40","31.57","30.61","25.52M","-2.06%"
"02/19/2020","31.57","31.30","31.68","31.17","20.53M","1.61%"
"02/18/2020","31.07","31.50","31.50","30.80","26.70M","-2.23%"
"02/14/2020","31.78","32.48","32.57","31.71","19.14M","-1.91%"
"02/13/2020","32.40","32.15","32.55","32.09","13.86M","-0.22%"
"02/12/2020","32.47","32.20","32.51","32.16","15.31M","1.41%"
"02/11/2020","32.02","31.66","32.08","31.60","15.53M","1.91%"
"02/10/2020","31.42","31.24","31.46","31.03","19.22M","-0.32%"
"02/07/2020","31.52","31.83","31.85","31.49","15.88M","-1.41%"
"02/06/2020","31.97","31.88","31.99","31.42","22.68M","0.72%"
"02/05/2020","31.74","31.75","31.98","31.59","24.82M","1.86%"
"02/04/2020","31.16","31.18","31.46","30.97","22.56M","2.10%"
"02/03/2020","30.52","30.56","30.66","30.36","21.29M","0.00%"
"01/31/2020","30.52","31.42","31.46","30.36","22.12M","-3.17%"
"01/30/2020","31.52","31.43","31.55","30.86","21.13M","-0.72%"
"01/29/2020","31.75","32.08","32.54","31.71","23.67M","-0.25%"
"01/28/2020","31.83","31.35","31.92","31.28","23.17M","3.01%"
"01/27/2020","30.90","31.64","31.99","30.86","38.84M","-4.63%"
"01/24/2020","32.40","33.05","33.16","32.08","55.78M","1.38%"
"01/23/2020","31.96","31.52","31.98","31.08","30.27M","2.14%"
"01/22/2020","31.29","31.08","31.79","31.05","29.26M","1.56%"
"01/21/2020","30.81","30.78","30.95","30.63","21.97M","-0.23%"
"01/17/2020","30.88","30.87","30.89","30.41","26.90M","0.59%"
"01/16/2020","30.70","30.50","30.79","30.42","21.51M","1.29%"
"01/15/2020","30.31","30.73","30.79","30.07","22.73M","-1.65%"
"01/14/2020","30.82","30.20","30.91","30.16","28.91M","2.32%"
"01/13/2020","30.12","30.00","30.38","29.97","22.05M","0.67%"
"01/10/2020","29.92","30.55","30.55","29.88","40.71M","-2.32%"
"01/09/2020","30.63","31.23","31.30","30.30","42.45M","-0.78%"
"01/08/2020","30.87","31.30","31.35","30.84","32.08M","-1.25%"
"01/07/2020","31.26","31.52","31.66","31.23","18.63M","-0.35%"
"01/06/2020","31.37","31.08","31.39","30.96","20.81M","-0.16%"
"01/03/2020","31.42","31.75","32.00","31.41","22.88M","-2.54%"
"01/02/2020","32.24","31.93","32.25","31.73","19.66M","2.03%"
"12/31/2019","31.60","31.31","31.64","31.28","12.49M","0.80%"
"12/30/2019","31.35","31.65","31.73","31.27","13.10M","-0.95%"
"12/27/2019","31.65","31.93","31.93","31.52","14.49M","-0.47%"
"12/26/2019","31.80","32.13","32.17","31.68","15.86M","-0.78%"
"12/24/2019","32.05","32.00","32.07","31.90","7.02M","0.31%"
"12/23/2019","31.95","32.05","32.23","31.76","20.25M","0.16%"
"12/20/2019","31.90","32.25","32.25","31.69","50.54M","-1.57%"
"12/19/2019","32.41","32.92","32.93","32.37","31.80M","-1.01%"
"12/18/2019","32.74","32.44","33.12","32.35","35.18M","1.11%"
"12/17/2019","32.38","32.37","32.49","32.17","20.25M","0.22%"
"12/16/2019","32.31","31.80","32.76","31.75","37.93M","2.44%"
"12/13/2019","31.54","31.81","31.98","31.06","70.99M","-3.78%"
"12/12/2019","32.78","31.97","33.02","31.94","39.19M","2.53%"
"12/11/2019","31.97","31.52","32.13","31.52","20.85M","1.46%"
"12/10/2019","31.51","31.51","31.59","31.32","14.57M","0.22%"
"12/09/2019","31.44","31.60","31.71","31.39","24.79M","-0.54%"
"12/06/2019","31.61","31.46","31.63","31.21","16.94M","1.57%"
"12/05/2019","31.12","31.06","31.25","30.91","15.49M","0.48%"
"12/04/2019","30.97","30.98","31.14","30.71","14.44M","1.04%"
"12/03/2019","30.65","30.58","30.90","30.31","19.12M","-1.35%"
"12/02/2019","31.07","31.77","31.79","31.06","23.18M","-1.74%"
"11/29/2019","31.62","31.68","31.78","31.50","9.23M","-0.69%"
"11/27/2019","31.84","31.79","31.99","31.65","20.18M","0.66%"
"11/26/2019","31.63","31.90","32.02","31.61","30.80M","-1.03%"
"11/25/2019","31.96","31.66","32.02","31.63","19.64M","1.49%"
"11/22/2019","31.49","31.66","31.95","31.37","13.22M","-0.10%"
"11/21/2019","31.52","31.11","31.57","30.98","19.32M","1.12%"
"11/20/2019","31.17","31.59","31.68","30.90","19.95M","-1.89%"
"11/19/2019","31.77","31.66","32.57","31.66","31.75M","2.12%"
"11/18/2019","31.11","31.18","31.34","30.80","15.85M","-0.58%"
"11/15/2019","31.29","31.23","31.31","31.01","18.12M","1.26%"
"11/14/2019","30.90","31.07","31.18","30.61","17.27M","-1.50%"
"11/13/2019","31.37","31.25","31.57","31.20","13.35M","-0.57%"
"11/12/2019","31.55","31.40","31.64","31.33","16.88M","0.90%"
"11/11/2019","31.27","31.12","31.32","31.08","9.15M","-0.22%"
"11/08/2019","31.34","30.99","31.36","30.51","17.83M","0.55%"
"11/07/2019","31.17","31.56","31.95","31.07","23.98M","-0.48%"
"11/06/2019","31.32","31.21","31.43","30.87","18.08M","-0.25%"
"11/05/2019","31.40","30.50","31.68","30.45","38.71M","2.95%"
"11/04/2019","30.50","29.95","30.55","29.91","34.08M","2.83%"
"11/01/2019","29.66","29.30","29.66","29.21","21.23M","1.26%"
"10/31/2019","29.29","28.98","29.41","28.78","27.88M","0.93%"
"10/30/2019","29.02","29.00","29.10","28.65","17.28M","0.69%"
"10/29/2019","28.82","29.23","29.37","28.81","13.27M","-1.17%"
"10/28/2019","29.16","29.12","29.25","28.83","13.00M","0.62%"
"10/25/2019","28.98","28.33","29.14","28.32","20.87M","2.66%"
"10/24/2019","28.23","28.29","28.35","27.87","17.16M","0.71%"
"10/23/2019","28.03","28.30","28.35","27.88","21.00M","-2.50%"
"10/22/2019","28.75","28.96","29.09","28.72","13.44M","-0.73%"
"10/21/2019","28.96","28.84","29.19","28.71","13.75M","1.01%"
"10/18/2019","28.67","28.95","28.99","28.40","16.98M","-0.93%"
"10/17/2019","28.94","29.01","29.17","28.83","13.62M","0.31%"
"10/16/2019","28.85","28.90","29.01","28.65","20.77M","-0.62%"
"10/15/2019","29.03","28.26","29.06","28.22","21.50M","3.05%"
"10/14/2019","28.17","28.04","28.27","27.99","13.37M","0.28%"
"10/11/2019","28.09","27.95","28.41","27.91","23.89M","2.33%"
"10/10/2019","27.45","27.46","27.88","27.37","18.11M","0.48%"
"10/09/2019","27.32","27.37","27.49","27.20","16.67M","1.07%"
"10/08/2019","27.03","27.41","27.49","26.89","23.07M","-2.10%"
"10/07/2019","27.61","28.00","28.10","27.57","19.10M","-1.88%"
"10/04/2019","28.14","27.85","28.17","27.52","25.92M","2.55%"
"10/03/2019","27.44","27.00","27.45","26.72","19.02M","1.59%"
"10/02/2019","27.01","27.35","27.38","26.83","20.00M","-1.71%"
"10/01/2019","27.48","27.83","27.96","27.34","19.59M","-0.47%"
"09/30/2019","27.61","27.58","27.67","27.25","20.20M","0.73%"
"09/27/2019","27.41","27.66","28.13","27.30","28.94M","-1.01%"
"09/26/2019","27.69","27.53","27.87","27.27","27.65M","0.40%"
"09/25/2019","27.58","27.18","27.72","27.00","55.96M","-2.30%"
"09/24/2019","28.23","28.73","28.89","27.98","21.04M","-1.12%"
"09/23/2019","28.55","28.36","28.72","28.21","15.58M","0.42%"
"09/20/2019","28.43","28.77","28.84","28.18","36.89M","-2.17%"
"09/19/2019","29.06","28.85","29.19","28.72","19.78M","1.01%"
"09/18/2019","28.77","28.85","29.08","28.39","17.37M","-0.38%"
"09/17/2019","28.88","28.80","28.93","28.38","22.03M","0.03%"
"09/16/2019","28.87","28.68","29.03","28.57","22.18M","-0.55%"
"09/13/2019","29.03","29.77","29.80","28.39","62.56M","-3.43%"
"09/12/2019","30.06","30.14","30.23","29.65","33.11M","0.87%"
"09/11/2019","29.80","29.63","29.88","29.45","19.26M","1.22%"
"09/10/2019","29.44","29.14","29.45","28.88","20.85M","0.62%"
"09/09/2019","29.26","29.50","29.72","29.04","21.69M","0.24%"
"09/06/2019","29.19","29.18","29.33","28.93","13.75M","0.31%"
"09/05/2019","29.10","28.84","29.37","28.84","20.94M","2.83%"
"09/04/2019","28.30","27.88","28.43","27.82","19.87M","3.25%"
"09/03/2019","27.41","28.00","28.09","27.09","22.21M","-3.01%"
"08/30/2019","28.26","28.54","28.59","27.99","16.72M","-0.28%"
"08/29/2019","28.34","28.15","28.55","28.11","16.43M","2.64%"
"08/28/2019","27.61","27.43","27.64","27.05","17.20M","0.18%"
"08/27/2019","27.56","27.91","28.02","27.49","14.30M","-0.58%"
"08/26/2019","27.72","27.70","27.80","27.50","14.25M","1.87%"
"08/23/2019","27.21","28.40","28.55","27.11","25.76M","-5.39%"
"08/22/2019","28.76","28.84","28.94","28.45","12.30M","0.03%"
"08/21/2019","28.75","28.46","28.83","28.41","19.38M","2.53%"
"08/20/2019","28.04","27.82","28.50","27.70","17.92M","0.57%"
"08/19/2019","27.88","27.95","28.01","27.56","17.49M","1.83%"
"08/16/2019","27.38","27.21","27.57","27.20","18.20M","1.94%"
"08/15/2019","26.86","27.20","27.28","26.48","20.14M","-1.10%"
"08/14/2019","27.16","27.88","28.02","27.04","27.11M","-4.27%"
"08/13/2019","28.37","27.53","28.55","27.20","22.94M","2.94%"
"08/12/2019","27.56","27.34","27.82","27.25","20.04M","-0.04%"
"08/09/2019","27.57","26.96","28.05","26.96","30.73M","1.73%"
"08/08/2019","27.10","27.04","27.26","26.25","29.16M","0.37%"
"08/07/2019","27.00","26.40","27.27","26.30","22.24M","1.35%"
"08/06/2019","26.64","27.01","27.22","26.46","22.20M","-0.49%"
"08/05/2019","26.77","27.20","27.22","26.41","27.76M","-3.88%"
"08/02/2019","27.85","28.21","28.38","27.59","20.08M","-2.38%"
"08/01/2019","28.53","28.91","29.78","28.23","21.91M","-1.62%"
"07/31/2019","29.00","30.00","30.08","28.67","20.82M","-3.20%"
"07/30/2019","29.96","29.91","30.09","29.71","11.16M","-0.70%"
"07/29/2019","30.17","30.12","30.25","29.70","12.07M","0.27%"
"07/26/2019","30.09","30.16","30.30","30.05","15.00M","0.17%"
"07/25/2019","30.04","30.21","30.21","29.94","15.74M","-1.12%"
"07/24/2019","30.38","30.12","30.49","30.05","19.01M","1.00%"
"07/23/2019","30.08","29.95","30.24","29.92","19.69M","1.59%"
"07/22/2019","29.61","29.30","30.00","29.22","33.91M","2.10%"
"07/19/2019","29.00","29.18","29.32","28.95","22.05M","0.07%"
"07/18/2019","28.98","28.62","29.03","28.38","19.37M","1.65%"
"07/17/2019","28.51","28.56","28.73","28.32","15.45M","0.35%"
"07/16/2019","28.41","28.70","28.78","28.24","14.62M","-1.46%"
"07/15/2019","28.83","29.11","29.45","28.73","30.34M","1.02%"
"07/12/2019","28.54","27.64","28.59","27.64","21.97M","3.37%"
"07/11/2019","27.61","27.52","27.75","27.30","20.71M","0.58%"
"07/10/2019","27.45","27.79","27.88","27.40","30.13M","-0.36%"
"07/09/2019","27.55","27.34","27.60","27.24","26.13M","0.18%"
"07/08/2019","27.50","28.00","28.12","27.44","34.29M","-2.72%"
"07/05/2019","28.27","28.36","28.54","28.20","24.57M","-0.77%"
"07/03/2019","28.49","28.37","28.88","28.30","49.41M","-3.52%"
"07/02/2019","29.53","29.89","30.07","29.39","19.01M","-1.70%"
"07/01/2019","30.04","30.17","30.57","29.63","44.96M","4.34%"
"06/28/2019","28.79","28.79","28.93","28.48","49.26M","0.77%"
"06/27/2019","28.57","28.29","28.84","28.22","21.81M","1.53%"
"06/26/2019","28.14","27.86","28.40","27.81","24.77M","1.77%"
"06/25/2019","27.65","27.92","28.29","27.60","24.44M","-0.97%"
"06/24/2019","27.92","27.55","27.95","27.50","20.51M","1.90%"
"06/21/2019","27.40","27.66","28.10","27.40","45.40M","-1.83%"
"06/20/2019","27.91","28.25","28.55","27.72","57.29M","0.58%"
"06/19/2019","27.75","27.88","27.91","27.37","28.92M","-0.18%"
"06/18/2019","27.80","26.82","28.30","26.65","54.92M","4.51%"
"06/17/2019","26.60","26.48","26.87","26.13","35.79M","0.04%"
"06/14/2019","26.59","25.81","26.81","25.75","100.80M","-5.58%"
"06/13/2019","28.16","28.15","28.29","27.74","37.73M","0.68%"
"06/12/2019","27.97","28.17","28.32","27.74","27.06M","-1.34%"
"06/11/2019","28.35","29.05","29.18","27.94","37.11M","1.18%"
"06/10/2019","28.02","27.67","28.48","27.67","23.28M","1.93%"
"06/07/2019","27.49","27.48","27.79","27.33","25.97M","0.77%"
"06/06/2019","27.28","26.70","27.50","26.53","32.69M","2.67%"
"06/05/2019","26.57","26.90","27.15","26.24","23.65M","0.00%"
"06/04/2019","26.57","25.70","26.60","25.58","36.81M","4.94%"
"06/03/2019","25.32","25.25","25.83","25.12","28.91M","0.64%"
"05/31/2019","25.16","25.30","25.57","25.10","22.19M","-1.95%"
"05/30/2019","25.66","25.47","25.73","25.41","17.31M","0.98%"
"05/29/2019","25.41","25.27","25.64","25.16","28.13M","-0.16%"
"05/28/2019","25.45","25.66","25.77","25.01","61.97M","-0.55%"
"05/24/2019","25.59","26.27","26.57","25.57","27.96M","-1.61%"
"05/23/2019","26.01","26.46","26.55","25.82","46.61M","-3.38%"
"05/22/2019","26.92","27.05","27.51","26.90","31.81M","-2.22%"
"05/21/2019","27.53","27.71","27.98","27.46","25.06M","0.99%"
"05/20/2019","27.26","27.80","28.00","26.86","65.16M","-5.97%"
"05/17/2019","28.99","29.28","29.36","28.84","39.09M","-2.49%"
"05/16/2019","29.73","29.98","30.31","29.47","34.23M","-2.33%"
"05/15/2019","30.44","30.03","30.78","29.86","18.17M","0.79%"
"05/14/2019","30.20","29.57","30.46","29.55","34.28M","2.93%"
"05/13/2019","29.34","29.38","29.57","28.82","37.86M","-3.49%"
"05/10/2019","30.40","30.32","30.54","29.67","21.02M","-0.03%"
"05/09/2019","30.41","30.00","30.59","29.69","22.28M","0.23%"
"05/08/2019","30.34","30.53","30.77","30.31","15.10M","-1.27%"
"05/07/2019","30.73","30.86","30.96","30.37","21.73M","-1.38%"
"05/06/2019","31.16","30.68","31.19","30.54","14.37M","-1.30%"
"05/03/2019","31.57","31.50","31.66","31.07","19.21M","-0.03%"
"05/02/2019","31.58","32.00","32.22","31.42","20.43M","-0.97%"
"05/01/2019","31.89","32.05","32.32","31.87","18.16M","0.16%"
"04/30/2019","31.84","31.33","31.84","31.25","18.95M","1.82%"
"04/29/2019","31.27","31.12","31.47","31.04","13.40M","0.74%"
"04/26/2019","31.04","30.91","31.09","30.51","16.40M","-0.45%"
"04/25/2019","31.18","31.30","31.30","30.66","26.74M","-0.80%"
"04/24/2019","31.43","31.46","31.70","31.32","23.33M","-0.41%"
"04/23/2019","31.56","31.68","31.81","31.42","19.78M","0.19%"
"04/22/2019","31.50","31.73","31.79","31.42","13.51M","-1.13%"
"04/18/2019","31.86","32.10","32.24","31.82","26.55M","-0.59%"
"04/17/2019","32.05","32.02","32.09","31.78","18.14M","0.63%"
"04/16/2019","31.85","32.00","32.00","31.61","21.12M","0.66%"
"04/15/2019","31.64","31.70","31.75","31.32","16.22M","-0.19%"
"04/12/2019","31.70","31.14","31.74","31.06","30.09M","2.46%"
"04/11/2019","30.94","30.82","31.02","30.62","16.67M","0.62%"
"04/10/2019","30.75","30.36","30.78","30.30","14.99M","1.35%"
"04/09/2019","30.34","30.26","30.41","30.03","11.62M","-0.36%"
"04/08/2019","30.45","30.41","30.53","30.20","13.90M","0.07%"
"04/05/2019","30.43","30.40","30.44","30.18","18.88M","0.76%"
"04/04/2019","30.20","30.48","30.60","30.17","15.23M","-0.72%"
"04/03/2019","30.42","30.62","30.74","30.18","23.15M","0.40%"
"04/02/2019","30.30","30.62","30.73","30.26","22.86M","-0.92%"
"04/01/2019","30.58","30.31","30.68","29.98","27.04M","1.70%"
"03/29/2019","30.07","30.12","30.27","29.83","24.49M","0.53%"
"03/28/2019","29.91","29.71","30.33","29.57","33.03M","1.05%"
"03/27/2019","29.60","29.76","29.87","29.25","21.86M","-0.34%"
"03/26/2019","29.70","29.44","29.95","29.42","28.01M","1.64%"
"03/25/2019","29.22","29.22","29.42","28.90","23.88M","-0.17%"
"03/22/2019","29.27","29.59","29.64","29.14","23.31M","-1.38%"
"03/21/2019","29.68","29.19","29.94","29.10","27.38M","1.99%"
"03/20/2019","29.10","29.80","29.90","29.03","41.27M","-2.77%"
"03/19/2019","29.93","29.42","30.10","29.41","51.56M","1.87%"
"03/18/2019","29.38","29.02","29.70","29.02","56.75M","1.21%"
"03/15/2019","29.03","28.65","29.95","28.35","144.07M","8.24%"
"03/14/2019","26.82","27.21","27.23","26.79","43.09M","-1.11%"
"03/13/2019","27.12","27.05","27.31","26.90","32.09M","0.59%"
"03/12/2019","26.96","26.98","27.00","26.43","23.32M","0.19%"
"03/11/2019","26.91","26.49","27.05","26.41","27.16M","1.85%"
"03/08/2019","26.42","26.16","26.48","25.92","22.17M","-0.49%"
"03/07/2019","26.55","27.02","27.03","26.41","25.41M","-2.17%"
"03/06/2019","27.14","27.67","27.69","27.05","19.97M","-2.02%"
"03/05/2019","27.70","27.55","28.04","27.45","21.70M","0.76%"
"03/04/2019","27.49","27.50","27.66","27.09","17.38M","0.81%"
"03/01/2019","27.27","27.77","27.82","27.11","19.04M","-0.98%"
"02/28/2019","27.54","27.00","27.57","26.86","31.46M","1.44%"
"02/27/2019","27.15","27.32","27.51","26.96","29.15M","-1.27%"
"02/26/2019","27.50","27.79","27.80","27.45","27.21M","-1.29%"
"02/25/2019","27.86","28.08","28.08","27.85","19.24M","0.76%"
"02/22/2019","27.65","28.00","28.00","27.47","27.23M","-1.57%"
"02/21/2019","28.09","28.32","28.34","27.89","13.26M","-0.88%"
"02/20/2019","28.34","28.32","28.66","28.23","16.15M","0.60%"
"02/19/2019","28.17","28.11","28.28","28.02","15.15M","-0.07%"
"02/15/2019","28.19","28.41","28.41","27.88","17.35M","0.14%"
"02/14/2019","28.15","28.06","28.28","27.89","16.02M","0.07%"
"02/13/2019","28.13","28.00","28.22","27.80","19.19M","0.68%"
"02/12/2019","27.94","27.86","28.04","27.71","19.81M","1.34%"
"02/11/2019","27.57","27.44","27.60","27.33","18.01M","0.58%"
"02/08/2019","27.41","26.73","27.43","26.71","23.90M","1.86%"
"02/07/2019","26.91","27.29","27.46","26.63","28.65M","-2.57%"
"02/06/2019","27.62","27.33","28.00","27.27","27.06M","2.30%"
"02/05/2019","27.00","27.20","27.46","26.99","22.62M","-0.77%"
"02/04/2019","27.21","26.75","27.21","26.50","20.76M","1.99%"
"02/01/2019","26.68","26.91","26.96","26.49","22.88M","-0.52%"
"01/31/2019","26.82","27.06","27.10","26.64","21.06M","-0.96%"
"01/30/2019","27.08","27.00","27.38","26.74","28.73M","1.69%"
"01/29/2019","26.63","26.73","26.76","26.38","27.87M","-0.49%"
"01/28/2019","26.76","26.16","26.89","25.86","31.32M","-0.11%"
"01/25/2019","26.79","26.52","26.83","26.09","30.35M","1.63%"
"01/24/2019","26.36","26.11","26.68","26.00","36.00M","2.37%"
"01/23/2019","25.75","25.95","26.09","25.36","31.77M","-0.31%"
"01/22/2019","25.83","25.80","25.95","25.49","37.16M","-0.96%"
"01/18/2019","26.08","25.91","26.19","25.70","34.63M","2.15%"
"01/17/2019","25.53","25.01","25.73","24.87","35.15M","1.43%"
"01/16/2019","25.17","25.72","25.73","25.14","24.48M","-1.87%"
"01/15/2019","25.65","25.28","26.22","25.20","39.25M","2.23%"
"01/14/2019","25.09","24.81","25.16","24.59","25.50M","0.12%"
"01/11/2019","25.06","24.94","25.29","24.93","20.16M","0.44%"
"01/10/2019","24.95","24.56","25.06","24.44","29.59M","1.30%"
"01/09/2019","24.63","23.84","24.67","23.79","52.97M","4.32%"
"01/08/2019","23.61","24.01","24.19","23.34","36.80M","-0.80%"
"01/07/2019","23.80","23.36","24.02","23.08","53.43M","2.06%"
"01/04/2019","23.32","23.43","23.64","23.17","54.25M","0.95%"
"01/03/2019","23.10","24.46","24.65","23.03","68.58M","-8.88%"
"01/02/2019","25.35","24.89","25.47","24.65","30.35M","-0.31%"
"12/31/2018","25.43","25.78","25.85","25.09","26.59M","0.28%"
"12/28/2018","25.36","25.30","25.81","25.12","28.70M","1.08%"
"12/27/2018","25.09","24.50","25.12","24.21","37.51M","1.13%"
"12/26/2018","24.81","23.78","24.85","23.35","36.74M","6.12%"
"12/24/2018","23.38","24.20","24.37","23.35","28.49M","-4.53%"
"12/21/2018","24.49","24.19","25.17","24.19","102.14M","1.24%"
"12/20/2018","24.19","24.44","24.85","23.84","75.37M","-0.82%"
"12/19/2018","24.39","24.90","25.59","24.25","59.73M","-2.32%"
"12/18/2018","24.97","25.51","25.56","24.88","51.85M","-1.73%"
"12/17/2018","25.41","25.40","26.13","25.31","56.24M","-0.27%"
"12/14/2018","25.48","25.54","26.16","25.46","42.73M","-1.36%"
"12/13/2018","25.83","25.85","26.15","25.46","54.36M","1.29%"
"12/12/2018","25.50","25.24","26.02","25.20","68.71M","3.32%"
"12/11/2018","24.68","24.35","25.03","24.34","57.73M","3.13%"
"12/10/2018","23.93","22.80","24.03","22.65","43.34M","4.68%"
"12/07/2018","22.86","23.41","23.83","22.45","78.40M","0.62%"
"12/06/2018","22.72","22.62","22.73","21.76","57.86M","-2.07%"
"12/04/2018","23.20","24.05","24.11","23.16","36.46M","-4.17%"
"12/03/2018","24.21","24.52","24.70","24.15","35.24M","1.98%"
"11/30/2018","23.74","23.54","23.83","23.34","40.08M","0.68%"
"11/29/2018","23.58","23.43","23.86","23.28","17.92M","0.26%"
"11/28/2018","23.52","23.65","23.80","23.16","31.08M","-0.25%"
"11/27/2018","23.58","23.36","23.84","23.24","30.41M","0.21%"
"11/26/2018","23.53","23.42","23.82","23.16","28.71M","2.35%"
"11/23/2018","22.99","22.76","23.27","22.76","8.07M","-0.04%"
"11/21/2018","23.00","23.02","23.33","22.75","19.93M","1.01%"
"11/20/2018","22.77","22.39","22.91","22.26","32.12M","-0.61%"
"11/19/2018","22.91","23.65","24.11","22.85","35.32M","-3.58%"
"11/16/2018","23.76","23.38","23.92","23.16","36.01M","0.55%"
"11/15/2018","23.63","22.62","23.93","22.59","36.69M","4.47%"
"11/14/2018","22.62","22.68","23.05","22.56","25.41M","0.62%"
"11/13/2018","22.48","22.55","22.98","22.23","26.70M","0.54%"
"11/12/2018","22.36","23.10","23.19","22.03","50.31M","-6.44%"
"11/09/2018","23.90","23.50","23.90","23.25","33.61M","-0.50%"
"11/08/2018","24.02","23.27","24.26","23.27","29.80M","2.47%"
"11/07/2018","23.44","23.20","23.53","22.92","29.00M","2.72%"
"11/06/2018","22.82","22.03","22.92","21.97","29.47M","3.68%"
"11/05/2018","22.01","21.90","22.11","21.37","27.61M","-0.32%"
"11/02/2018","22.08","22.53","22.60","21.77","40.24M","-3.96%"
"11/01/2018","22.99","22.52","23.42","22.37","36.83M","2.86%"
"10/31/2018","22.35","22.50","22.57","22.17","28.15M","1.13%"
"10/30/2018","22.10","21.38","22.16","21.10","29.70M","4.49%"
"10/29/2018","21.15","21.62","21.87","20.82","28.64M","-0.80%"
"10/26/2018","21.32","21.56","21.73","20.92","53.32M","-4.05%"
"10/25/2018","22.22","21.99","22.34","21.91","35.19M","1.60%"
"10/24/2018","21.87","22.64","22.64","21.78","37.81M","-4.54%"
"10/23/2018","22.91","22.28","22.95","21.88","35.99M","0.22%"
"10/22/2018","22.86","23.06","23.24","22.80","25.62M","0.13%"
"10/19/2018","22.83","23.00","23.11","22.69","32.23M","0.13%"
"10/18/2018","22.80","23.54","23.68","22.65","37.44M","-3.88%"
"10/17/2018","23.72","23.97","23.97","23.39","20.26M","-0.46%"
"10/16/2018","23.83","23.60","23.88","23.42","30.35M","2.49%"
"10/15/2018","23.25","23.10","23.53","23.00","30.10M","-0.21%"
"10/12/2018","23.30","23.48","23.57","22.91","32.59M","1.79%"
"10/11/2018","22.89","23.20","23.56","22.72","37.42M","-1.25%"
"10/10/2018","23.18","24.29","24.51","23.16","56.33M","-5.27%"
"10/09/2018","24.47","24.06","24.57","24.04","24.68M","1.37%"
"10/08/2018","24.14","24.33","24.54","24.04","33.40M","-1.15%"
"10/05/2018","24.42","24.84","25.00","24.24","33.86M","-1.61%"
"10/04/2018","24.82","24.67","24.97","24.62","25.66M","-0.48%"
"10/03/2018","24.94","24.88","25.13","24.70","19.61M","0.52%"
"10/02/2018","24.81","24.91","25.17","24.79","24.89M","-0.56%"
"10/01/2018","24.95","24.79","25.21","24.77","27.71M","1.13%"
"09/28/2018","24.67","24.55","24.70","24.39","26.74M","0.12%"
"09/27/2018","24.64","24.57","24.79","24.49","29.57M","0.41%"
"09/26/2018","24.54","24.56","24.80","24.48","33.43M","-0.93%"
"09/25/2018","24.77","24.90","24.93","24.58","47.04M","-0.72%"
"09/24/2018","24.95","24.80","25.01","24.73","45.33M","0.56%"
"09/21/2018","24.81","24.63","24.88","24.52","135.32M","1.31%"
"09/20/2018","24.49","24.30","24.60","24.17","39.99M","1.28%"
"09/19/2018","24.18","24.05","24.25","23.98","31.16M","0.88%"
"09/18/2018","23.97","23.50","24.14","23.49","50.51M","2.09%"
"09/17/2018","23.48","24.00","24.03","23.43","36.74M","-0.63%"
"09/14/2018","23.63","23.52","23.71","23.37","28.10M","0.38%"
"09/13/2018","23.54","23.37","23.92","23.11","43.76M","2.39%"
"09/12/2018","22.99","22.81","23.09","22.28","53.08M","-1.12%"
"09/11/2018","23.25","23.77","23.97","23.04","60.76M","-3.37%"
"09/10/2018","24.06","23.47","24.09","23.20","60.88M","3.44%"
"09/07/2018","23.26","22.42","23.54","22.40","104.70M","7.69%"
"09/06/2018","21.60","22.15","22.28","21.39","62.51M","-2.44%"
"09/05/2018","22.14","22.00","22.18","21.96","37.19M","0.91%"
"09/04/2018","21.94","21.86","22.03","21.71","36.66M","0.18%"
"08/31/2018","21.90","21.60","21.93","21.59","27.62M","1.11%"
"08/30/2018","21.66","21.50","21.69","21.46","26.53M","0.74%"
"08/29/2018","21.50","21.48","21.58","21.34","18.12M","0.28%"
"08/28/2018","21.44","21.46","21.60","21.26","24.34M","0.66%"
"08/27/2018","21.30","21.02","21.44","20.86","28.21M","1.91%"
"08/24/2018","20.90","20.64","20.93","20.47","20.54M","1.65%"
"08/23/2018","20.56","20.77","20.91","20.53","35.58M","-0.92%"
"08/22/2018","20.75","21.05","21.17","20.74","26.89M","-1.43%"
"08/21/2018","21.05","20.75","21.14","20.71","29.96M","1.84%"
"08/20/2018","20.67","20.95","21.00","20.59","54.49M","-1.24%"
"08/17/2018","20.93","20.80","21.12","20.55","39.09M","0.29%"
"08/16/2018","20.87","20.78","20.89","20.67","29.24M","1.02%"
"08/15/2018","20.66","20.51","20.76","20.28","41.13M","-0.34%"
"08/14/2018","20.73","21.16","21.16","20.68","36.33M","-1.80%"
"08/13/2018","21.11","21.16","21.40","21.05","29.84M","-0.52%"
"08/10/2018","21.22","21.28","21.45","21.05","37.02M","-2.03%"
"08/09/2018","21.66","22.02","22.02","21.59","27.56M","-1.32%"
"08/08/2018","21.95","22.05","22.12","21.89","15.80M","-0.36%"
"08/07/2018","22.03","21.92","22.18","21.71","29.80M","1.52%"
"08/06/2018","21.70","21.66","21.83","21.59","22.64M","-0.37%"
"08/03/2018","21.78","21.57","21.80","21.44","24.83M","0.65%"
"08/02/2018","21.64","21.43","21.83","21.32","40.31M","-0.18%"
"08/01/2018","21.68","22.33","22.39","21.62","42.67M","-2.25%"
"07/31/2018","22.18","22.67","22.88","22.15","63.86M","-1.51%"
"07/30/2018","22.52","22.11","22.80","22.11","75.28M","1.85%"
"07/27/2018","22.11","22.40","22.93","22.01","79.44M","-0.94%"
"07/26/2018","22.32","22.65","22.98","22.16","85.07M","-1.24%"
"07/25/2018","22.60","21.77","22.86","21.77","93.63M","4.00%"
"07/24/2018","21.73","21.78","22.04","21.60","81.16M","0.28%"
"07/23/2018","21.67","21.04","21.86","21.04","82.21M","3.04%"
"07/20/2018","21.03","21.01","21.12","20.88","63.83M","-0.05%"
"07/19/2018","21.04","20.83","21.15","20.80","63.25M","0.77%"
"07/18/2018","20.88","20.72","20.99","20.66","80.83M","0.24%"
"07/17/2018","20.83","20.22","20.91","20.20","110.83M","2.51%"
"07/16/2018","20.32","20.16","20.64","20.05","102.28M","0.35%"
"07/13/2018","20.25","21.25","21.40","20.19","161.80M","-3.57%"
"07/12/2018","21.00","20.71","21.03","19.75","435.08M","-13.72%"
"07/11/2018","24.34","24.50","24.75","24.26","35.76M","-2.87%"
"07/10/2018","25.06","24.83","25.18","24.70","16.41M","1.29%"
"07/09/2018","24.74","24.90","24.92","24.55","17.95M","-0.12%"
"07/06/2018","24.77","24.49","24.86","24.44","23.11M","0.94%"
"07/05/2018","24.54","24.18","24.56","24.07","25.30M","2.55%"
"07/03/2018","23.93","24.34","24.34","23.90","11.59M","-1.12%"
"07/02/2018","24.20","24.01","24.22","23.74","33.37M","-0.25%"
"06/29/2018","24.26","24.70","24.70","24.26","42.79M","-0.94%"
"06/28/2018","24.49","24.63","24.73","24.23","33.24M","-0.89%"
"06/27/2018","24.71","25.21","25.52","24.68","24.72M","-1.75%"
"06/26/2018","25.15","25.30","25.46","25.05","24.23M","-0.36%"
"06/25/2018","25.24","25.64","25.64","25.04","29.71M","-2.81%"
"06/22/2018","25.97","26.12","26.15","25.90","52.41M","0.04%"
"06/21/2018","25.96","26.16","26.26","25.84","18.19M","-0.61%"
"06/20/2018","26.12","26.15","26.40","26.07","24.95M","0.11%"
"06/19/2018","26.09","25.60","26.11","25.41","36.22M","-1.36%"
"06/18/2018","26.45","26.90","26.90","26.42","30.19M","-2.11%"
"06/15/2018","27.02","26.87","27.18","26.63","60.97M","0.63%"
"06/14/2018","26.85","26.50","26.91","26.41","37.04M","1.86%"
"06/13/2018","26.36","26.18","26.61","26.07","34.87M","0.84%"
"06/12/2018","26.14","26.03","26.17","25.84","27.59M","0.23%"
"06/11/2018","26.08","25.79","26.18","25.63","31.86M","1.09%"
"06/08/2018","25.80","25.67","25.99","25.37","73.69M","-2.53%"
"06/07/2018","26.47","26.30","26.65","26.29","46.08M","0.46%"
"06/06/2018","26.35","26.07","26.38","25.97","37.47M","1.62%"
"06/05/2018","25.93","25.95","26.14","25.80","42.37M","0.35%"
"06/04/2018","25.84","25.80","25.94","25.62","25.89M","0.82%"
"06/01/2018","25.63","25.44","25.77","25.25","26.36M","1.67%"
"05/31/2018","25.21","24.93","25.53","24.90","34.70M","1.08%"
"05/30/2018","24.94","25.12","25.20","24.93","26.84M","-0.12%"
"05/29/2018","24.97","24.86","25.11","24.85","28.28M","-0.12%"
"05/25/2018","25.00","24.40","25.07","24.40","32.21M","2.67%"
"05/24/2018","24.35","24.09","24.44","24.00","22.80M","1.21%"
"05/23/2018","24.06","23.62","24.06","23.60","23.45M","0.88%"
"05/22/2018","23.85","24.02","24.14","23.76","19.22M","-0.25%"
"05/21/2018","23.91","23.95","24.05","23.67","25.72M","1.31%"
"05/18/2018","23.60","23.99","24.06","23.59","25.26M","-1.46%"
"05/17/2018","23.95","23.81","24.17","23.80","22.83M","-0.42%"
"05/16/2018","24.05","24.21","24.22","23.90","29.33M","-0.46%"
"05/15/2018","24.16","24.23","24.44","23.85","24.98M","-1.31%"
"05/14/2018","24.48","24.63","24.84","24.38","27.58M","0.58%"
"05/11/2018","24.34","24.31","24.45","24.16","24.05M","-0.04%"
"05/10/2018","24.35","23.97","24.37","23.86","25.75M","2.31%"
"05/09/2018","23.80","23.58","23.91","23.40","35.03M","-0.38%"
"05/08/2018","23.89","23.57","23.90","23.48","40.15M","1.23%"
"05/07/2018","23.60","23.13","23.69","23.10","36.95M","2.39%"
"05/04/2018","23.05","22.36","23.21","22.20","51.30M","2.35%"
"05/03/2018","22.52","22.65","22.79","22.27","58.01M","-1.53%"
"05/02/2018","22.87","23.33","23.34","22.68","52.95M","-0.74%"
"05/01/2018","23.04","23.08","23.08","22.64","44.95M","0.44%"
"04/30/2018","22.94","23.26","23.41","22.83","39.68M","-1.46%"
"04/27/2018","23.28","23.36","23.42","23.07","27.21M","1.04%"
"04/26/2018","23.04","23.10","23.19","22.83","32.75M","0.61%"
"04/25/2018","22.90","22.90","23.11","22.59","34.02M","0.26%"
"04/24/2018","22.84","23.57","23.61","22.67","44.89M","-2.14%"
"04/23/2018","23.34","23.80","23.83","23.21","31.34M","-1.56%"
"04/20/2018","23.71","24.12","24.16","23.50","41.53M","-2.39%"
"04/19/2018","24.29","24.35","24.63","24.07","50.14M","-2.68%"
"04/18/2018","24.96","25.10","25.17","24.75","20.51M","-0.83%"
"04/17/2018","25.17","25.09","25.29","24.96","25.08M","0.92%"
"04/16/2018","24.94","24.91","24.99","24.57","25.17M","1.01%"
"04/13/2018","24.69","25.00","25.20","24.49","48.31M","3.13%"
"04/12/2018","23.94","24.14","24.26","23.71","41.04M","-0.37%"
"04/11/2018","24.03","23.81","24.07","23.71","19.92M","0.21%"
"04/10/2018","23.98","23.96","24.16","23.77","35.37M","2.17%"
"04/09/2018","23.47","23.00","23.97","22.93","37.49M","2.53%"
"04/06/2018","22.89","23.37","23.65","22.78","30.25M","-3.13%"
"04/05/2018","23.63","24.08","24.17","23.50","35.80M","-0.30%"
"04/04/2018","23.70","23.00","23.79","22.95","37.72M","0.08%"
"04/03/2018","23.68","23.09","23.70","22.72","45.57M","4.00%"
"04/02/2018","22.77","23.39","23.61","22.54","53.09M","-3.39%"
"03/29/2018","23.57","23.81","24.08","23.48","46.87M","-0.42%"
"03/28/2018","23.67","24.41","24.69","23.56","41.74M","-3.15%"
"03/27/2018","24.44","24.81","25.43","24.16","63.92M","-1.33%"
"03/26/2018","24.77","24.77","24.88","24.05","48.71M","2.14%"
"03/23/2018","24.25","24.34","24.52","24.04","59.07M","-0.45%"
"03/22/2018","24.36","24.20","24.67","24.15","43.08M","-0.98%"
"03/21/2018","24.60","24.06","25.06","24.01","54.91M","1.49%"
"03/20/2018","24.24","24.51","24.80","24.13","61.92M","-1.06%"
"03/19/2018","24.50","25.31","25.65","24.28","71.27M","-3.88%"
"03/16/2018","25.49","26.30","26.36","25.44","113.95M","-4.82%"
"03/15/2018","26.78","26.37","26.89","26.35","57.99M","2.76%"
"03/14/2018","26.06","26.20","26.23","25.52","39.62M","-0.23%"
"03/13/2018","26.12","26.64","27.39","26.02","66.85M","-0.61%"
"03/12/2018","26.28","26.07","26.43","25.96","53.88M","3.55%"
"03/09/2018","25.38","24.86","25.43","24.76","30.78M","2.75%"
"03/08/2018","24.70","24.83","24.83","24.59","33.55M","0.00%"
"03/07/2018","24.70","24.87","24.94","24.43","31.55M","-1.59%"
"03/06/2018","25.10","24.93","25.13","24.73","30.03M","1.62%"
"03/05/2018","24.70","24.99","25.13","24.34","25.90M","-1.55%"
"03/02/2018","25.09","24.04","25.12","24.02","27.40M","3.12%"
"03/01/2018","24.33","24.59","24.91","24.13","26.04M","-1.30%"
"02/28/2018","24.65","25.41","25.45","24.60","28.83M","-2.10%"
"02/27/2018","25.18","25.21","25.57","25.17","21.18M","-0.47%"
"02/26/2018","25.30","25.20","25.44","25.10","28.88M","-0.28%"
"02/23/2018","25.37","25.21","25.50","25.03","18.28M","1.76%"
"02/22/2018","24.93","24.91","25.31","24.83","19.34M","0.28%"
"02/21/2018","24.86","25.25","25.35","24.84","28.16M","-0.40%"
"02/20/2018","24.96","24.88","25.57","24.75","41.69M","0.28%"
"02/16/2018","24.89","25.13","25.24","24.80","32.64M","-1.15%"
"02/15/2018","25.18","24.93","25.18","24.44","25.54M","1.66%"
"02/14/2018","24.77","24.50","24.86","24.35","25.49M","0.73%"
"02/13/2018","24.59","24.10","24.60","24.01","23.72M","0.61%"
"02/12/2018","24.44","23.79","24.55","23.75","35.06M","3.78%"
"02/09/2018","23.55","23.28","23.71","22.62","43.28M","2.57%"
"02/08/2018","22.96","23.74","23.85","22.95","43.20M","-3.29%"
"02/07/2018","23.74","23.88","24.31","23.70","40.47M","-1.25%"
"02/06/2018","24.04","22.56","24.04","22.49","77.74M","5.39%"
"02/05/2018","22.81","23.47","24.40","22.76","70.78M","-3.14%"
"02/02/2018","23.55","23.68","23.80","23.41","58.35M","-1.38%"
"02/01/2018","23.88","24.17","24.59","23.81","66.85M","-3.71%"
"01/31/2018","24.80","25.00","25.31","24.49","80.48M","2.90%"
"01/30/2018","24.10","24.12","24.50","23.70","46.00M","-1.83%"
"01/29/2018","24.55","24.83","24.95","24.35","50.40M","-2.11%"
"01/26/2018","25.08","24.94","25.09","24.52","49.01M","1.42%"
"01/25/2018","24.73","25.77","25.78","24.70","59.52M","-3.74%"
"01/24/2018","25.69","26.10","26.33","25.60","45.40M","-2.28%"
"01/23/2018","26.29","26.17","26.44","25.81","35.40M","0.31%"
"01/22/2018","26.21","26.57","26.68","26.06","27.23M","-1.61%"
"01/19/2018","26.64","26.91","26.94","26.61","29.96M","-1.26%"
"01/18/2018","26.98","26.55","27.01","26.45","30.32M","1.50%"
"01/17/2018","26.58","26.55","26.65","26.05","37.36M","0.99%"
"01/16/2018","26.32","26.52","26.70","26.17","33.53M","-0.42%"
"01/12/2018","26.43","26.34","26.53","26.20","19.88M","0.30%"
"01/11/2018","26.35","26.36","26.39","26.16","17.73M","0.27%"
"01/10/2018","26.28","26.60","26.61","26.07","31.61M","-2.12%"
"01/09/2018","26.85","27.31","27.39","26.82","26.03M","-1.40%"
"01/08/2018","27.23","27.09","27.25","26.91","20.97M","0.26%"
"01/05/2018","27.16","27.20","27.43","26.95","28.63M","0.59%"
"01/04/2018","27.00","27.16","27.18","26.84","19.07M","0.04%"
"01/03/2018","26.99","26.73","27.07","26.60","31.16M","1.09%"
"01/02/2018","26.70","25.98","26.75","25.76","33.14M","3.93%"
"12/29/2017","25.69","25.98","26.19","25.66","17.98M","-1.34%"
"12/28/2017","26.04","26.02","26.08","25.86","13.65M","0.50%"
"12/27/2017","25.91","25.88","26.16","25.85","35.62M","0.39%"
"12/26/2017","25.81","25.72","26.23","25.34","22.26M","-1.60%"
"12/22/2017","26.23","26.18","26.34","25.87","14.62M","0.31%"
"12/21/2017","26.15","26.59","26.62","26.11","17.76M","-1.54%"
"12/20/2017","26.56","26.61","26.64","26.28","19.84M","0.72%"
"12/19/2017","26.37","26.33","26.53","26.13","19.09M","-0.26%"
"12/18/2017","26.44","26.41","26.65","26.26","29.79M","-0.49%"
"12/15/2017","26.57","26.16","26.60","25.83","45.09M","2.47%"
"12/14/2017","25.93","26.23","26.30","25.67","37.59M","-1.03%"
"12/13/2017","26.20","26.04","26.33","26.02","26.95M","1.28%"
"12/12/2017","25.87","25.94","26.09","25.57","28.54M","-0.50%"
"12/11/2017","26.00","25.93","26.36","25.88","34.94M","0.04%"
"12/08/2017","25.99","26.58","26.69","25.93","41.85M","-1.52%"
"12/07/2017","26.39","27.49","27.57","26.17","79.28M","0.00%"
"12/06/2017","26.39","25.88","26.44","25.42","48.75M","0.88%"
"12/05/2017","26.16","26.27","26.61","26.05","38.12M","-0.76%"
"12/04/2017","26.36","27.39","27.45","26.01","48.44M","-2.95%"
"12/01/2017","27.16","27.52","27.55","26.41","47.73M","-2.27%"
"11/30/2017","27.79","27.18","27.84","27.01","31.45M","2.36%"
"11/29/2017","27.15","27.80","27.81","26.49","47.23M","-2.13%"
"11/28/2017","27.74","28.49","28.49","27.68","26.80M","-2.53%"
"11/27/2017","28.46","28.03","28.57","27.98","26.23M","0.78%"
"11/24/2017","28.24","27.67","28.30","27.65","11.57M","2.54%"
"11/22/2017","27.54","27.70","27.77","27.42","18.64M","-0.43%"
"11/21/2017","27.66","27.61","27.82","27.49","20.90M","0.62%"
"11/20/2017","27.49","27.26","27.68","27.14","28.64M","1.10%"
"11/17/2017","27.19","27.18","27.21","26.84","24.07M","-0.07%"
"11/16/2017","27.21","26.68","27.46","26.61","31.00M","2.45%"
"11/15/2017","26.56","26.23","26.70","25.80","29.03M","0.87%"
"11/14/2017","26.33","26.33","26.56","26.13","19.72M","-0.64%"
"11/13/2017","26.50","26.25","26.60","26.16","28.07M","0.00%"
"11/10/2017","26.50","26.58","26.66","26.36","20.34M","-0.23%"
"11/09/2017","26.56","26.86","27.04","26.25","30.98M","-2.50%"
"11/08/2017","27.24","26.93","27.38","26.72","30.25M","0.41%"
"11/07/2017","27.13","27.25","27.45","26.75","36.79M","-2.23%"
"11/06/2017","27.75","27.83","28.18","27.00","78.09M","1.43%"
"11/03/2017","27.36","26.40","27.80","25.71","120.50M","5.43%"
"11/02/2017","25.95","26.22","26.46","24.89","67.20M","0.08%"
"11/01/2017","25.93","26.42","26.56","25.69","27.33M","-1.74%"
"10/31/2017","26.39","26.25","26.67","26.13","32.85M","1.03%"
"10/30/2017","26.12","25.33","26.22","25.33","50.20M","3.28%"
"10/27/2017","25.29","24.46","25.30","24.28","44.75M","3.73%"
"10/26/2017","24.38","24.73","24.79","24.38","24.45M","-0.81%"
"10/25/2017","24.58","24.59","24.89","24.42","20.96M","-0.77%"
"10/24/2017","24.77","24.51","24.81","24.41","22.89M","1.39%"
"10/23/2017","24.43","24.52","24.56","24.27","23.42M","0.04%"
"10/20/2017","24.42","24.70","24.70","24.38","23.55M","-0.04%"
"10/19/2017","24.43","24.08","24.44","23.84","25.84M","0.12%"
"10/18/2017","24.40","24.33","24.46","23.98","19.91M","0.58%"
"10/17/2017","24.26","24.58","24.59","24.23","26.97M","-1.66%"
"10/16/2017","24.67","24.86","24.95","24.56","14.91M","-0.52%"
"10/13/2017","24.80","25.02","25.08","24.75","15.26M","-0.28%"
"10/12/2017","24.87","25.04","25.13","24.83","20.07M","-0.68%"
"10/11/2017","25.04","24.52","25.12","24.51","26.60M","1.79%"
"10/10/2017","24.60","24.75","24.82","24.30","15.35M","-0.16%"
"10/09/2017","24.64","24.60","24.73","24.54","16.56M","0.28%"
"10/06/2017","24.57","24.03","24.57","24.03","17.49M","0.82%"
"10/05/2017","24.37","24.33","24.57","24.24","22.82M","0.70%"
"10/04/2017","24.20","23.88","24.23","23.75","23.27M","1.04%"
"10/03/2017","23.95","24.01","24.09","23.79","25.61M","-0.42%"
"10/02/2017","24.05","24.53","24.53","23.98","19.43M","-0.82%"
"09/29/2017","24.25","24.29","24.43","24.15","17.32M","-0.16%"
"09/28/2017","24.29","23.95","24.34","23.95","21.93M","0.96%"
"09/27/2017","24.06","23.95","24.27","23.86","26.49M","1.39%"
"09/26/2017","23.73","23.79","24.00","23.53","39.01M","0.76%"
"09/25/2017","23.55","23.72","23.78","23.15","38.69M","-1.55%"
"09/22/2017","23.92","23.83","24.07","23.81","23.10M","-0.50%"
"09/21/2017","24.04","24.25","24.27","23.82","28.62M","-1.03%"
"09/20/2017","24.29","24.97","24.99","23.79","57.01M","-2.76%"
"09/19/2017","24.98","25.12","25.18","24.83","22.09M","0.00%"
"09/18/2017","24.98","25.11","25.28","24.86","25.74M","-0.28%"
"09/15/2017","25.05","24.76","25.12","24.51","50.07M","1.42%"
"09/14/2017","24.70","24.46","24.75","24.32","28.65M","0.32%"
"09/13/2017","24.62","24.58","24.79","24.52","29.66M","-0.36%"
"09/12/2017","24.71","24.97","24.97","24.55","18.40M","-0.24%"
"09/11/2017","24.77","24.71","24.82","24.60","16.88M","1.47%"
"09/08/2017","24.41","24.59","24.64","24.31","18.10M","-1.01%"
"09/07/2017","24.66","24.98","25.00","24.61","16.09M","-1.12%"
"09/06/2017","24.94","25.06","25.13","24.77","14.00M","0.12%"
"09/05/2017","24.91","25.01","25.27","24.70","24.32M","-1.42%"
"09/01/2017","25.27","25.23","25.53","25.23","23.24M","0.24%"
"08/31/2017","25.21","24.66","25.25","24.55","29.49M","2.48%"
"08/30/2017","24.60","24.16","24.63","24.09","21.92M","1.78%"
"08/29/2017","24.17","24.13","24.46","24.00","33.54M","-0.62%"
"08/28/2017","24.32","24.70","24.76","24.25","34.17M","-0.98%"
"08/25/2017","24.56","25.23","25.44","24.38","69.10M","-3.69%"
"08/24/2017","25.50","25.87","25.94","25.11","52.12M","-0.74%"
"08/23/2017","25.69","25.39","25.89","25.34","27.93M","0.67%"
"08/22/2017","25.52","25.18","25.62","25.10","26.92M","2.24%"
"08/21/2017","24.96","25.19","25.19","24.62","20.69M","0.08%"
"08/18/2017","24.94","24.73","25.15","24.61","20.13M","0.97%"
"08/17/2017","24.70","25.30","25.43","24.66","22.79M","-2.53%"
"08/16/2017","25.34","25.43","25.47","25.18","15.39M","-0.12%"
"08/15/2017","25.37","25.22","25.41","25.13","20.94M","1.12%"
"08/14/2017","25.09","24.69","25.12","24.60","16.74M","2.74%"
"08/11/2017","24.42","24.00","24.52","23.87","16.98M","1.45%"
"08/10/2017","24.07","24.67","24.70","24.05","29.03M","-3.41%"
"08/09/2017","24.92","24.95","25.04","24.75","21.26M","-0.88%"
"08/08/2017","25.14","25.20","25.43","25.04","20.44M","-0.40%"
"08/07/2017","25.24","24.94","25.29","24.89","18.73M","1.28%"
"08/04/2017","24.92","25.07","25.10","24.81","13.45M","-0.44%"
"08/03/2017","25.03","25.28","25.30","24.72","23.45M","-1.22%"
"08/02/2017","25.34","25.46","25.73","25.11","36.97M","2.01%"
"08/01/2017","24.84","24.82","25.00","24.70","17.58M","0.69%"
"07/31/2017","24.67","25.10","25.25","24.55","18.99M","-1.48%"
"07/28/2017","25.04","24.89","25.11","24.75","31.92M","-0.20%"
"07/27/2017","25.09","25.82","25.85","24.89","32.01M","-2.37%"
"07/26/2017","25.70","25.47","25.82","25.46","19.97M","1.06%"
"07/25/2017","25.43","25.28","25.44","25.02","16.12M","0.51%"
"07/24/2017","25.30","25.33","25.37","25.17","13.64M","-0.04%"
"07/21/2017","25.31","25.15","25.35","25.05","15.50M","-0.12%"
"07/20/2017","25.34","25.45","25.50","25.23","12.14M","-0.39%"
"07/19/2017","25.44","25.20","25.45","25.05","25.53M","1.39%"
"07/18/2017","25.09","24.73","25.09","24.61","13.00M","0.76%"
"07/17/2017","24.90","25.08","25.24","24.89","18.75M","-0.52%"
"07/14/2017","25.03","24.86","25.04","24.79","14.42M","1.21%"
"07/13/2017","24.73","24.71","24.99","24.66","20.40M","0.37%"
"07/12/2017","24.64","24.30","24.72","24.11","27.71M","2.28%"
"07/11/2017","24.09","24.20","24.26","23.94","20.50M","-0.37%"
"07/10/2017","24.18","24.05","24.19","23.88","22.50M","0.92%"
"07/07/2017","23.96","23.53","24.02","23.53","24.73M","1.96%"
"07/06/2017","23.50","22.76","23.57","22.75","26.33M","1.47%"
"07/05/2017","23.16","23.10","23.23","22.91","29.70M","0.78%"
"07/03/2017","22.98","23.45","23.52","22.91","21.12M","-1.37%"
"06/30/2017","23.30","23.63","23.67","23.29","26.53M","-0.43%"
"06/29/2017","23.40","23.87","23.90","23.06","34.51M","-2.94%"
"06/28/2017","24.11","23.66","24.17","23.45","24.53M","2.46%"
"06/27/2017","23.53","24.14","24.20","23.52","33.58M","-3.05%"
"06/26/2017","24.27","24.60","24.79","24.12","32.10M","-1.06%"
"06/23/2017","24.53","24.35","24.69","24.28","34.99M","0.53%"
"06/22/2017","24.40","24.55","24.64","24.31","18.67M","-0.45%"
"06/21/2017","24.51","24.36","24.59","24.19","35.00M","2.13%"
"06/20/2017","24.00","24.20","24.36","23.98","24.43M","-0.46%"
"06/19/2017","24.11","24.48","24.48","24.04","28.52M","2.07%"
"06/16/2017","23.62","23.89","23.94","23.51","35.82M","-0.76%"
"06/15/2017","23.80","23.53","23.95","23.53","27.53M","-1.04%"
"06/14/2017","24.05","24.36","24.50","23.76","34.51M","-0.99%"
"06/13/2017","24.29","24.50","24.79","24.17","30.85M","0.08%"
"06/12/2017","24.27","24.04","24.31","23.58","54.87M","-0.25%"
"06/09/2017","24.33","25.55","25.60","24.14","58.19M","-4.59%"
"06/08/2017","25.50","25.50","25.61","25.23","28.27M","0.28%"
"06/07/2017","25.43","25.37","25.59","25.30","29.29M","0.16%"
"06/06/2017","25.39","25.08","25.53","25.06","29.65M","0.67%"
"06/05/2017","25.22","25.40","25.68","25.02","39.53M","-0.90%"
"06/02/2017","25.45","24.85","25.58","24.41","108.61M","8.48%"
"06/01/2017","23.46","24.16","24.19","23.38","63.77M","-2.05%"
"05/31/2017","23.95","24.25","24.29","23.76","44.83M","-0.13%"
"05/30/2017","23.98","24.05","24.14","23.90","29.36M","-0.58%"
"05/26/2017","24.12","24.09","24.16","23.83","13.12M","0.12%"
"05/25/2017","24.09","24.11","24.16","23.87","19.01M","0.54%"
"05/24/2017","23.96","23.85","24.00","23.70","16.47M","1.31%"
"05/23/2017","23.65","23.84","23.89","23.58","13.70M","-0.80%"
"05/22/2017","23.84","23.55","23.90","23.42","20.42M","1.84%"
"05/19/2017","23.41","23.67","23.70","23.20","35.81M","-1.51%"
"05/18/2017","23.77","23.16","23.86","22.77","30.70M","2.81%"
"05/17/2017","23.12","23.80","23.90","23.11","31.45M","-3.95%"
"05/16/2017","24.07","23.99","24.13","23.87","18.13M","0.71%"
"05/15/2017","23.90","23.56","23.99","23.50","29.17M","1.27%"
"05/12/2017","23.60","23.15","23.61","23.08","25.85M","2.12%"
"05/11/2017","23.11","23.07","23.18","22.82","14.82M","-0.09%"
"05/10/2017","23.13","22.95","23.34","22.87","24.43M","1.23%"
"05/09/2017","22.85","22.56","22.94","22.47","19.26M","1.51%"
"05/08/2017","22.51","22.65","22.71","22.39","17.45M","-0.57%"
"05/05/2017","22.64","22.50","22.65","22.40","23.13M","1.34%"
"05/04/2017","22.34","22.53","22.59","22.19","16.25M","-0.67%"
"05/03/2017","22.49","22.45","22.62","22.35","18.00M","-0.27%"
"05/02/2017","22.55","22.35","22.55","22.15","27.28M","1.90%"
"05/01/2017","22.13","22.21","22.23","21.99","15.34M","0.23%"
"04/28/2017","22.08","22.28","22.31","21.98","16.49M","-1.03%"
"04/27/2017","22.31","22.29","22.41","22.21","11.85M","0.63%"
"04/26/2017","22.17","22.35","22.39","22.09","14.73M","-0.67%"
"04/25/2017","22.32","22.20","22.40","22.20","14.85M","0.90%"
"04/24/2017","22.12","22.07","22.19","21.97","17.54M","1.61%"
"04/21/2017","21.77","21.74","21.83","21.62","14.68M","-0.23%"
"04/20/2017","21.82","21.50","21.91","21.42","16.92M","2.15%"
"04/19/2017","21.36","21.38","21.48","21.33","12.08M","0.23%"
"04/18/2017","21.31","21.31","21.37","21.21","8.49M","-0.37%"
"04/17/2017","21.39","21.24","21.44","21.22","14.51M","1.23%"
"04/13/2017","21.13","20.92","21.40","20.90","42.58M","1.00%"
"04/12/2017","20.92","21.57","21.61","20.84","61.03M","-3.82%"
"04/11/2017","21.75","21.66","21.84","21.40","22.22M","-0.23%"
"04/10/2017","21.80","21.71","21.91","21.63","17.99M","-0.09%"
"04/07/2017","21.82","21.75","21.98","21.70","16.42M","0.32%"
"04/06/2017","21.75","21.67","21.85","21.56","14.62M","0.18%"
"04/05/2017","21.71","21.95","22.05","21.68","15.69M","-0.87%"
"04/04/2017","21.90","21.82","22.04","21.79","12.63M","0.09%"
"04/03/2017","21.88","21.90","22.00","21.67","19.21M","-0.09%"
"03/31/2017","21.90","22.00","22.10","21.80","25.90M","-0.45%"
"03/30/2017","22.00","22.19","22.45","21.89","34.17M","-0.59%"
"03/29/2017","22.13","22.08","22.14","21.97","15.93M","0.18%"
"03/28/2017","22.09","21.85","22.18","21.84","17.93M","0.82%"
"03/27/2017","21.91","21.68","22.02","21.60","15.36M","0.05%"
"03/24/2017","21.90","21.80","22.14","21.77","23.79M","0.97%"
"03/23/2017","21.69","21.73","21.85","21.64","19.22M","-0.23%"
"03/22/2017","21.74","21.60","21.84","21.54","19.13M","0.65%"
"03/21/2017","21.60","22.22","22.30","21.55","30.56M","-2.35%"
"03/20/2017","22.12","22.12","22.26","22.08","17.21M","0.00%"
"03/17/2017","22.12","22.35","22.37","22.09","51.63M","-0.54%"
"03/16/2017","22.24","22.55","22.58","22.16","27.83M","-1.55%"
"03/15/2017","22.59","22.43","22.66","22.32","20.73M","0.71%"
"03/14/2017","22.43","22.48","22.63","22.35","22.17M","-0.93%"
"03/13/2017","22.64","22.59","22.77","22.54","26.67M","0.00%"
"03/10/2017","22.64","22.27","22.64","22.27","39.43M","1.98%"
"03/09/2017","22.20","21.88","22.29","21.81","25.68M","1.09%"
"03/08/2017","21.96","21.92","22.12","21.86","24.54M","0.14%"
"03/07/2017","21.93","21.73","22.14","21.71","29.13M","0.64%"
"03/06/2017","21.79","21.64","21.85","21.52","22.77M","-0.18%"
"03/03/2017","21.83","21.80","22.00","21.77","30.77M","0.46%"
"03/02/2017","21.73","22.41","22.50","21.60","71.17M","1.02%"
"03/01/2017","21.51","21.31","21.54","21.06","51.15M","1.99%"
"02/28/2017","21.09","21.41","21.43","21.03","27.55M","-1.13%"
"02/27/2017","21.33","21.07","21.34","21.02","26.99M","1.38%"
"02/24/2017","21.04","20.84","21.06","20.26","27.65M","-0.09%"
"02/23/2017","21.06","21.51","21.60","20.96","29.36M","-1.68%"
"02/22/2017","21.42","21.30","21.49","21.15","23.95M","0.71%"
"02/21/2017","21.27","21.10","21.36","21.09","30.33M","1.09%"
"02/17/2017","21.04","20.90","21.04","20.68","30.95M","1.06%"
"02/16/2017","20.82","20.65","20.82","20.52","17.19M","1.07%"
"02/15/2017","20.60","20.58","20.69","20.48","17.09M","0.34%"
"02/14/2017","20.53","20.70","20.70","20.48","17.36M","-0.68%"
"02/13/2017","20.67","20.68","20.71","20.52","12.46M","0.58%"
"02/10/2017","20.55","20.60","20.65","20.39","23.84M","0.10%"
"02/09/2017","20.53","20.73","20.77","20.36","27.52M","-0.77%"
"02/08/2017","20.69","20.60","20.88","20.52","21.07M","0.49%"
"02/07/2017","20.59","20.72","20.74","20.49","22.84M","-0.34%"
"02/06/2017","20.66","20.61","20.67","20.43","18.72M","0.19%"
"02/03/2017","20.62","20.50","20.66","20.30","24.37M","1.03%"
"02/02/2017","20.41","20.20","20.50","20.10","22.71M","0.20%"
"02/01/2017","20.37","20.23","20.45","20.02","31.18M","2.11%"
"01/31/2017","19.95","20.25","20.25","19.89","26.75M","-1.82%"
"01/30/2017","20.32","20.45","20.49","20.06","33.23M","-1.22%"
"01/27/2017","20.57","20.54","20.58","20.35","25.79M","0.73%"
"01/26/2017","20.42","20.44","20.53","20.11","38.83M","0.84%"
"01/25/2017","20.25","19.99","20.26","19.80","60.90M","2.43%"
"01/24/2017","19.77","19.27","19.96","19.23","62.01M","3.51%"
"01/23/2017","19.10","19.10","19.15","18.84","33.39M","-0.05%"
"01/20/2017","19.11","18.86","19.15","18.81","57.62M","2.96%"
"01/19/2017","18.56","18.51","18.69","18.47","45.72M","0.32%"
"01/18/2017","18.50","18.04","18.51","18.00","35.64M","3.29%"
"01/17/2017","17.91","17.95","17.96","17.76","26.32M","-0.78%"
"01/13/2017","18.05","17.89","18.08","17.84","20.91M","0.89%"
"01/12/2017","17.89","17.81","17.91","17.54","23.14M","-0.28%"
"01/11/2017","17.94","18.00","18.05","17.78","18.79M","-0.66%"
"01/10/2017","18.06","17.75","18.07","17.69","30.18M","2.03%"
"01/09/2017","17.70","17.66","17.83","17.66","20.27M","0.23%"
"01/06/2017","17.66","17.42","17.69","17.33","23.14M","1.32%"
"01/05/2017","17.43","17.63","17.70","17.39","24.86M","-1.58%"
"01/04/2017","17.71","17.83","17.90","17.67","23.96M","-0.67%"
"01/03/2017","17.83","17.83","18.09","17.65","32.10M","0.85%"
"12/30/2016","17.68","18.04","18.09","17.60","25.42M","-1.72%"
"12/29/2016","17.99","17.97","18.07","17.86","13.67M","-0.17%"
"12/28/2016","18.02","18.26","18.30","17.98","14.04M","-1.15%"
"12/27/2016","18.23","18.21","18.37","18.20","8.28M","0.22%"
"12/23/2016","18.19","18.00","18.20","17.97","8.98M","0.72%"
"12/22/2016","18.06","18.29","18.30","17.94","17.56M","-0.93%"
"12/21/2016","18.23","18.37","18.40","18.18","21.01M","0.11%"
"12/20/2016","18.21","18.10","18.33","18.01","27.35M","0.89%"
"12/19/2016","18.05","17.91","18.14","17.81","22.22M","1.18%"
"12/16/2016","17.84","18.07","18.11","17.75","41.54M","-0.89%"
"12/15/2016","18.00","17.83","18.12","17.66","38.11M","1.35%"
"12/14/2016","17.76","17.88","17.92","17.62","46.80M","-1.00%"
"12/13/2016","17.94","17.87","18.19","17.80","69.08M","0.67%"
"12/12/2016","17.82","17.80","18.08","17.66","37.19M","-0.50%"
"12/09/2016","17.91","18.09","18.19","17.69","75.74M","4.92%"
"12/08/2016","17.07","16.95","17.14","16.75","38.36M","1.25%"
"12/07/2016","16.86","16.48","16.86","16.37","32.66M","2.31%"
"12/06/2016","16.48","16.68","16.80","16.34","39.18M","-0.78%"
"12/05/2016","16.61","16.60","16.66","16.24","21.37M","1.16%"
"12/02/2016","16.42","16.36","16.49","16.06","26.94M","0.86%"
"12/01/2016","16.28","17.00","17.05","16.12","46.39M","-4.52%"
"11/30/2016","17.05","17.51","17.59","17.04","31.25M","-2.85%"
"11/29/2016","17.55","17.39","17.70","17.34","18.51M","0.52%"
"11/28/2016","17.46","17.61","17.71","17.45","26.57M","-1.24%"
"11/25/2016","17.68","17.68","17.70","17.56","8.20M","-0.17%"
"11/23/2016","17.71","17.64","17.78","17.52","22.12M","0.06%"
"11/22/2016","17.70","17.37","17.74","17.33","31.02M","2.55%"
"11/21/2016","17.26","16.91","17.28","16.91","21.38M","2.62%"
"11/18/2016","16.82","16.68","16.92","16.68","19.52M","0.72%"
"11/17/2016","16.70","16.73","16.90","16.60","18.10M","-0.48%"
"11/16/2016","16.78","16.63","16.82","16.57","13.33M","0.84%"
"11/15/2016","16.64","16.48","16.75","16.36","25.38M","1.59%"
"11/14/2016","16.38","16.65","16.78","16.30","28.19M","-2.21%"
"11/11/2016","16.75","16.73","17.00","16.57","29.80M","-0.24%"
"11/10/2016","16.79","17.37","17.45","16.33","51.22M","-3.17%"
"11/09/2016","17.34","17.15","17.65","17.12","32.51M","-2.03%"
"11/08/2016","17.70","17.71","17.80","17.51","18.93M","0.00%"
"11/07/2016","17.70","17.44","17.79","17.41","26.13M","2.79%"
"11/04/2016","17.22","17.04","17.45","17.02","21.75M","-0.46%"
"11/03/2016","17.30","17.25","17.53","17.21","20.66M","0.23%"
"11/02/2016","17.26","17.29","17.41","16.98","43.50M","2.25%"
"11/01/2016","16.88","17.07","17.16","16.58","28.45M","-0.88%"
"10/31/2016","17.03","17.00","17.17","16.87","20.32M","0.59%"
"10/28/2016","16.93","17.25","17.29","16.90","20.65M","-1.68%"
"10/27/2016","17.22","17.43","17.52","17.18","19.84M","-0.46%"
"10/26/2016","17.30","17.21","17.48","17.11","21.07M","-0.35%"
"10/25/2016","17.36","17.60","17.65","17.35","21.62M","-1.70%"
"10/24/2016","17.66","17.42","17.70","17.36","19.77M","2.14%"
"10/21/2016","17.29","17.23","17.34","17.07","15.84M","-0.29%"
"10/20/2016","17.34","17.17","17.46","17.10","18.96M","0.87%"
"10/19/2016","17.19","17.12","17.23","17.01","20.44M","-0.17%"
"10/18/2016","17.22","17.07","17.29","17.05","14.17M","1.95%"
"10/17/2016","16.89","16.97","17.09","16.87","12.74M","-0.71%"
"10/14/2016","17.01","17.00","17.26","16.93","19.57M","0.71%"
"10/13/2016","16.89","16.88","16.99","16.68","22.37M","-0.94%"
"10/12/2016","17.05","17.07","17.11","16.84","21.74M","-0.41%"
"10/11/2016","17.12","17.53","17.55","16.95","26.18M","-2.06%"
"10/10/2016","17.48","17.47","17.59","17.38","16.34M","0.34%"
"10/07/2016","17.42","17.49","17.50","17.24","21.84M","0.00%"
"10/06/2016","17.42","17.33","17.46","17.13","21.01M","0.40%"
"10/05/2016","17.35","17.15","17.41","17.07","26.15M","2.60%"
"10/04/2016","16.91","17.06","17.09","16.81","19.60M","-0.59%"
"10/03/2016","17.01","17.30","17.39","16.97","22.81M","-1.39%"
"09/30/2016","17.25","17.30","17.46","17.24","34.22M","0.00%"
"09/29/2016","17.25","17.00","17.40","16.95","38.57M","1.05%"
"09/28/2016","17.07","17.18","17.27","16.98","20.84M","-0.12%"
"09/27/2016","17.09","16.69","17.09","16.60","25.35M","2.52%"
"09/26/2016","16.67","16.51","16.72","16.28","32.03M","0.06%"
"09/23/2016","16.66","16.87","16.90","16.55","26.87M","-1.30%"
"09/22/2016","16.88","17.10","17.12","16.81","20.62M","-0.59%"
"09/21/2016","16.98","16.84","17.00","16.76","17.98M","0.95%"
"09/20/2016","16.82","17.22","17.22","16.82","18.73M","-1.46%"
"09/19/2016","17.07","17.16","17.36","16.94","28.31M","-0.29%"
"09/16/2016","17.12","17.24","17.30","16.98","83.07M","-0.87%"
"09/15/2016","17.27","16.93","17.30","16.82","36.33M","1.83%"
"09/14/2016","16.96","16.52","16.99","16.50","40.36M","2.66%"
"09/13/2016","16.52","16.45","16.74","16.43","36.00M","0.43%"
"09/12/2016","16.45","15.91","16.48","15.88","35.67M","2.30%"
"09/09/2016","16.08","16.63","16.70","16.07","45.02M","-4.51%"
"09/08/2016","16.84","16.84","16.88","16.66","18.68M","-0.30%"
"09/07/2016","16.89","17.14","17.20","16.77","31.44M","-1.29%"
"09/06/2016","17.11","17.36","17.40","16.96","36.13M","-1.16%"
"09/02/2016","17.31","17.70","17.73","16.88","80.67M","-2.26%"
"09/01/2016","17.71","17.69","17.77","17.48","39.13M","0.40%"
"08/31/2016","17.64","17.71","17.83","17.54","32.75M","-0.34%"
"08/30/2016","17.70","17.82","17.94","17.59","27.84M","-0.23%"
"08/29/2016","17.74","17.73","17.87","17.69","16.73M","0.11%"
"08/26/2016","17.72","17.68","17.86","17.51","22.59M","0.68%"
"08/25/2016","17.60","17.55","17.71","17.47","18.73M","0.40%"
"08/24/2016","17.53","17.76","17.77","17.44","21.80M","-1.13%"
"08/23/2016","17.73","17.67","17.75","17.61","19.74M","0.80%"
"08/22/2016","17.59","17.50","17.63","17.41","15.40M","0.57%"
"08/19/2016","17.49","17.42","17.51","17.34","15.35M","0.58%"
"08/18/2016","17.39","17.28","17.42","17.26","21.12M","0.52%"
"08/17/2016","17.30","17.23","17.33","17.18","16.62M","0.35%"
"08/16/2016","17.24","17.48","17.50","17.21","19.07M","-1.77%"
"08/15/2016","17.55","17.34","17.58","17.25","25.81M","1.74%"
"08/12/2016","17.25","17.21","17.26","17.14","16.53M","0.23%"
"08/11/2016","17.21","17.21","17.32","17.09","15.75M","0.17%"
"08/10/2016","17.18","17.12","17.22","16.98","19.52M","0.35%"
"08/09/2016","17.12","16.89","17.22","16.87","32.75M","1.66%"
"08/08/2016","16.84","17.00","17.12","16.79","19.08M","-1.00%"
"08/05/2016","17.01","16.80","17.02","16.72","25.59M","1.86%"
"08/04/2016","16.70","16.43","16.70","16.42","19.98M","1.77%"
"08/03/2016","16.41","16.19","16.41","16.13","15.02M","0.74%"
"08/02/2016","16.29","16.31","16.40","16.23","22.69M","-0.37%"
"08/01/2016","16.35","16.28","16.39","16.19","17.88M","0.93%"
"07/29/2016","16.20","16.39","16.46","16.11","26.03M","-1.34%"
"07/28/2016","16.42","16.50","16.70","16.39","19.51M","-0.91%"
"07/27/2016","16.57","16.59","16.76","16.27","30.49M","1.41%"
"07/26/2016","16.34","16.14","16.35","16.04","28.63M","2.25%"
"07/25/2016","15.98","15.96","16.07","15.93","9.63M","0.06%"
"07/22/2016","15.97","15.96","16.03","15.67","19.66M","-0.44%"
"07/21/2016","16.04","16.30","16.35","15.98","19.53M","-1.41%"
"07/20/2016","16.27","16.16","16.38","16.09","18.06M","1.37%"
"07/19/2016","16.05","16.15","16.20","15.98","14.80M","-1.11%"
"07/18/2016","16.23","16.24","16.37","16.20","14.63M","0.68%"
"07/15/2016","16.12","16.11","16.16","15.97","19.26M","0.25%"
"07/14/2016","16.08","15.96","16.11","15.89","23.55M","2.16%"
"07/13/2016","15.74","15.89","16.04","15.73","15.73M","-0.76%"
"07/12/2016","15.86","15.86","16.09","15.82","20.33M","0.76%"
"07/11/2016","15.74","15.71","15.85","15.63","25.20M","1.48%"
"07/08/2016","15.51","15.27","15.53","15.19","26.74M","2.72%"
"07/07/2016","15.10","15.01","15.30","15.01","19.25M","0.27%"
"07/06/2016","15.06","14.94","15.13","14.72","20.60M","-0.13%"
"07/05/2016","15.08","15.16","15.17","14.95","26.32M","-2.20%"
"07/01/2016","15.42","15.45","15.59","15.36","19.78M","-0.77%"
"06/30/2016","15.54","15.50","15.72","15.42","42.63M","0.26%"
"06/29/2016","15.50","15.20","15.56","15.08","47.87M","3.47%"
"06/28/2016","14.98","14.67","14.99","14.66","37.23M","4.32%"
"06/27/2016","14.36","14.65","14.72","14.23","37.98M","-3.43%"
"06/24/2016","14.87","15.20","15.49","14.84","64.18M","-6.24%"
"06/23/2016","15.86","15.73","15.86","15.60","24.44M","2.26%"
"06/22/2016","15.51","15.57","15.72","15.48","16.04M","-0.45%"
"06/21/2016","15.58","15.76","15.84","15.56","16.13M","-0.70%"
"06/20/2016","15.69","15.84","15.96","15.67","20.26M","0.58%"
"06/17/2016","15.60","15.90","15.97","15.49","43.33M","-1.64%"
"06/16/2016","15.86","15.71","15.88","15.56","22.81M","0.13%"
"06/15/2016","15.84","15.88","16.01","15.82","30.88M","-0.38%"
"06/14/2016","15.90","15.93","16.05","15.81","25.67M","-0.63%"
"06/13/2016","16.00","16.01","16.23","15.96","21.57M","-0.50%"
"06/10/2016","16.08","16.22","16.30","16.00","26.66M","-2.01%"
"06/09/2016","16.41","16.21","16.50","16.21","29.14M","0.24%"
"06/08/2016","16.37","16.41","16.46","16.33","25.62M","-0.67%"
"06/07/2016","16.48","16.33","16.59","16.28","32.34M","1.23%"
"06/06/2016","16.28","16.34","16.39","16.10","34.01M","0.12%"
"06/03/2016","16.26","16.58","16.60","16.12","82.99M","4.97%"
"06/02/2016","15.49","15.52","15.55","15.34","46.75M","0.06%"
"06/01/2016","15.48","15.34","15.53","15.33","30.78M","0.26%"
"05/31/2016","15.44","15.40","15.49","15.33","32.06M","0.72%"
"05/27/2016","15.33","15.30","15.39","15.25","18.69M","0.20%"
"05/26/2016","15.30","15.38","15.43","15.18","18.43M","-0.39%"
"05/25/2016","15.36","15.18","15.40","15.05","21.76M","1.45%"
"05/24/2016","15.14","14.86","15.17","14.84","19.91M","2.23%"
"05/23/2016","14.81","14.82","15.03","14.79","17.61M","0.95%"
"05/20/2016","14.67","14.41","14.77","14.37","25.89M","2.80%"
"05/19/2016","14.27","14.30","14.47","14.11","17.48M","-0.83%"
"05/18/2016","14.39","14.05","14.51","14.03","22.62M","1.91%"
"05/17/2016","14.12","14.25","14.30","13.99","21.25M","-1.05%"
"05/16/2016","14.27","14.09","14.36","14.07","20.37M","1.86%"
"05/13/2016","14.01","14.09","14.31","13.96","21.72M","-0.64%"
"05/12/2016","14.10","14.41","14.47","13.95","26.45M","-1.95%"
"05/11/2016","14.38","14.41","14.62","14.35","16.72M","-0.55%"
"05/10/2016","14.46","14.25","14.51","14.15","18.46M","1.54%"
"05/09/2016","14.24","14.20","14.39","14.13","17.30M","0.35%"
"05/06/2016","14.19","14.18","14.25","13.92","30.03M","-0.49%"
"05/05/2016","14.26","14.38","14.49","14.21","16.84M","0.35%"
"05/04/2016","14.21","14.25","14.44","14.13","20.89M","-0.77%"
"05/03/2016","14.32","14.51","14.60","14.23","23.99M","-1.98%"
"05/02/2016","14.61","14.62","14.68","14.45","19.53M","0.27%"
"04/29/2016","14.57","14.63","14.78","14.32","35.07M","-1.55%"
"04/28/2016","14.80","15.04","15.40","14.73","25.52M","-2.31%"
"04/27/2016","15.15","14.72","15.34","14.65","38.93M","0.46%"
"04/26/2016","15.08","15.15","15.41","15.00","26.31M","1.14%"
"04/25/2016","14.91","15.03","15.09","14.88","10.87M","-0.80%"
"04/22/2016","15.03","15.04","15.29","14.87","25.70M","-0.66%"
"04/21/2016","15.13","15.29","15.33","15.04","16.12M","-1.24%"
"04/20/2016","15.32","15.15","15.41","15.04","19.44M","1.39%"
"04/19/2016","15.11","15.64","15.68","15.08","24.56M","-3.08%"
"04/18/2016","15.59","15.54","15.64","15.38","15.30M","0.26%"
"04/15/2016","15.55","15.81","15.83","15.45","27.68M","-2.08%"
"04/14/2016","15.88","15.73","15.91","15.60","27.55M","-0.44%"
"04/13/2016","15.95","15.65","15.96","15.56","21.73M","2.64%"
"04/12/2016","15.54","15.60","15.64","15.30","16.54M","-0.13%"
"04/11/2016","15.56","15.74","15.78","15.56","18.57M","-0.38%"
"04/08/2016","15.62","15.63","15.69","15.46","18.53M","0.77%"
"04/07/2016","15.50","15.75","15.79","15.47","22.98M","-1.59%"
"04/06/2016","15.75","15.47","15.78","15.37","28.15M","1.61%"
"04/05/2016","15.50","15.45","15.71","15.45","56.92M","-0.64%"
"04/04/2016","15.60","15.80","15.83","15.57","17.76M","-1.14%"
"04/01/2016","15.78","15.40","15.79","15.12","25.67M","2.14%"
"03/31/2016","15.45","15.70","15.74","15.45","24.97M","-1.53%"
"03/30/2016","15.69","15.50","15.73","15.45","26.79M","1.82%"
"03/29/2016","15.41","15.33","15.49","15.22","26.77M","0.65%"
"03/28/2016","15.31","15.33","15.35","15.21","17.22M","0.07%"
"03/24/2016","15.30","15.18","15.33","15.11","25.65M","0.00%"
"03/23/2016","15.30","15.48","15.53","15.23","27.58M","-1.16%"
"03/22/2016","15.48","15.24","15.56","15.15","33.94M","1.24%"
"03/21/2016","15.29","15.26","15.30","15.08","28.21M","0.26%"
"03/18/2016","15.25","15.19","15.30","15.09","70.57M","0.66%"
"03/17/2016","15.15","14.74","15.17","14.74","44.71M","1.95%"
"03/16/2016","14.86","14.75","14.93","14.69","34.91M","0.07%"
"03/15/2016","14.85","14.85","15.00","14.61","30.89M","0.27%"
"03/14/2016","14.81","14.71","14.92","14.70","28.44M","-0.47%"
"03/11/2016","14.88","14.60","15.00","14.57","55.82M","3.05%"
"03/10/2016","14.44","14.35","14.58","14.20","54.55M","1.69%"
"03/09/2016","14.20","14.07","14.25","14.05","31.15M","1.72%"
"03/08/2016","13.96","14.23","14.28","13.94","33.22M","-2.72%"
"03/07/2016","14.35","14.48","14.62","14.06","41.40M","-1.78%"
"03/04/2016","14.61","14.60","14.79","14.17","72.40M","6.41%"
"03/03/2016","13.73","13.78","13.88","13.43","59.44M","0.22%"
"03/02/2016","13.70","13.79","13.82","13.51","43.84M","-1.01%"
"03/01/2016","13.84","13.54","13.86","13.46","44.91M","3.28%"
"02/29/2016","13.40","13.33","13.79","13.29","35.91M","-89.93%"
"02/27/2016","133.08","133.10","133.10","133.08","2.43M","899.85%"
"02/26/2016","13.31","13.42","13.50","13.22","27.14M","0.45%"
"02/25/2016","13.25","13.08","13.25","12.87","25.65M","1.69%"
"02/24/2016","13.03","12.65","13.12","12.54","25.68M","1.64%"
"02/23/2016","12.82","13.02","13.05","12.81","22.35M","-1.84%"
"02/22/2016","13.06","13.00","13.24","12.95","24.20M","1.48%"
"02/19/2016","12.87","12.71","12.88","12.50","31.12M","1.26%"
"02/18/2016","12.71","13.18","13.20","12.61","39.20M","-2.75%"
"02/17/2016","13.07","12.70","13.08","12.67","32.74M","3.57%"
"02/16/2016","12.62","12.33","12.68","12.29","38.52M","3.70%"
"02/12/2016","12.17","11.78","12.23","11.57","39.97M","4.64%"
"02/11/2016","11.63","11.65","11.76","11.43","66.67M","-2.43%"
"02/10/2016","11.92","12.25","12.37","11.87","45.47M","-0.42%"
"02/09/2016","11.97","11.98","12.57","11.88","63.40M","-1.80%"
"02/08/2016","12.19","12.70","12.70","11.92","91.24M","-5.06%"
"02/05/2016","12.84","13.70","13.70","12.70","70.95M","-5.66%"
"02/04/2016","13.61","13.14","13.73","13.05","60.83M","3.58%"
"02/03/2016","13.14","13.72","13.76","13.03","56.23M","-1.35%"
"02/02/2016","13.32","13.50","13.76","13.17","59.00M","-3.27%"
"02/01/2016","13.77","13.33","13.87","13.30","45.62M","2.99%"
"01/29/2016","13.37","12.94","13.43","12.81","259.45M","5.78%"
"01/28/2016","12.64","12.29","12.65","12.20","49.97M","3.35%"
"01/27/2016","12.23","12.37","12.54","12.01","58.16M","-1.69%"
"01/26/2016","12.44","12.50","12.65","12.40","119.13M","-0.08%"
"01/25/2016","12.45","12.44","12.50","12.40","61.36M","0.00%"
"01/22/2016","12.45","12.65","12.65","12.42","58.43M","0.00%"
"01/21/2016","12.45","12.48","12.60","12.34","48.48M","0.57%"
"01/20/2016","12.38","11.78","12.56","11.72","103.99M","3.08%"
"01/19/2016","12.01","12.28","12.48","11.90","54.77M","0.08%"
"01/15/2016","12.00","12.02","12.38","11.93","75.92M","-4.15%"
"01/14/2016","12.52","12.42","12.67","12.03","63.94M","1.54%"
"01/13/2016","12.33","12.78","13.00","12.31","48.47M","-5.08%"
"01/12/2016","12.99","12.99","13.17","12.69","41.11M","1.48%"
"01/11/2016","12.80","12.95","13.00","12.54","38.94M","-0.16%"
"01/08/2016","12.82","13.00","13.35","12.81","64.64M","-0.62%"
"01/07/2016","12.90","13.13","13.38","12.82","50.06M","-3.23%"
"01/06/2016","13.33","13.46","13.61","13.23","50.82M","-3.05%"
"01/05/2016","13.75","14.31","14.33","13.72","38.18M","-3.37%"
"01/04/2016","14.23","14.21","14.23","13.99","30.97M","-2.00%"
"12/31/2015","14.52","14.66","14.75","14.51","19.67M","-1.49%"
"12/30/2015","14.74","14.75","14.89","14.71","17.40M","-0.34%"
"12/29/2015","14.79","14.70","14.88","14.50","22.54M","1.09%"
"12/28/2015","14.63","14.59","14.64","14.39","13.88M","0.00%"
"12/24/2015","14.63","14.64","14.73","14.57","7.44M","-0.14%"
"12/23/2015","14.65","14.60","14.67","14.44","16.17M","0.96%"
"12/22/2015","14.51","14.72","14.72","14.28","21.68M","-0.48%"
"12/21/2015","14.58","14.31","14.60","14.19","26.63M","3.99%"
"12/18/2015","14.02","14.02","14.19","13.86","51.96M","-0.21%"
"12/17/2015","14.05","14.49","14.55","14.04","24.38M","-2.36%"
"12/16/2015","14.39","14.32","14.43","14.04","29.64M","0.42%"
"12/15/2015","14.33","14.27","14.42","14.13","35.40M","0.56%"
"12/14/2015","14.25","14.41","14.54","14.12","37.07M","-1.32%"
"12/11/2015","14.44","14.46","14.77","14.43","27.78M","-1.97%"
"12/10/2015","14.73","14.61","14.94","14.52","33.08M","1.17%"
"12/09/2015","14.56","14.71","14.80","14.44","30.80M","-1.49%"
"12/08/2015","14.78","14.68","14.86","14.58","34.56M","-0.67%"
"12/07/2015","14.88","14.67","14.97","14.55","44.77M","0.81%"
"12/04/2015","14.76","14.48","14.79","14.32","60.33M","1.93%"
"12/03/2015","14.48","14.49","14.69","14.29","120.66M","9.53%"
"12/02/2015","13.22","13.31","13.50","13.15","54.36M","-0.53%"
"12/01/2015","13.29","13.12","13.38","13.09","43.25M","1.92%"
"11/30/2015","13.04","12.94","13.07","12.71","32.61M","0.31%"
"11/27/2015","13.00","12.86","13.04","12.79","13.26M","1.25%"
"11/25/2015","12.84","12.90","12.92","12.77","21.40M","0.08%"
"11/24/2015","12.83","12.34","12.86","12.34","35.66M","3.14%"
"11/23/2015","12.44","12.68","12.68","12.42","16.00M","-1.58%"
"11/20/2015","12.64","12.62","12.67","12.37","28.06M","0.96%"
"11/19/2015","12.52","12.61","12.61","12.30","32.79M","-0.56%"
"11/18/2015","12.59","12.19","12.61","12.16","20.27M","3.11%"
"11/17/2015","12.21","12.15","12.37","12.10","19.87M","0.49%"
"11/16/2015","12.15","11.75","12.18","11.71","27.80M","3.40%"
"11/13/2015","11.75","11.90","11.99","11.52","39.82M","-1.92%"
"11/12/2015","11.98","12.02","12.14","11.89","26.59M","-0.08%"
"11/11/2015","11.99","12.02","12.27","11.98","25.96M","0.00%"
"11/10/2015","11.99","12.31","12.41","11.98","44.76M","-5.22%"
"11/09/2015","12.65","12.84","12.89","12.57","28.25M","-2.47%"
"11/06/2015","12.97","12.32","12.98","12.32","45.29M","7.10%"
"11/05/2015","12.11","12.49","12.50","12.06","28.31M","-2.42%"
"11/04/2015","12.41","12.25","12.49","12.01","43.10M","1.64%"
"11/03/2015","12.21","12.15","12.49","12.15","26.22M","-1.37%"
"11/02/2015","12.38","12.37","12.52","12.25","26.07M","0.57%"
"10/30/2015","12.31","12.09","12.40","12.02","25.52M","2.50%"
"10/29/2015","12.01","12.10","12.42","11.87","61.58M","-5.51%"
"10/28/2015","12.71","12.48","12.79","12.37","30.97M","4.61%"
"10/27/2015","12.15","12.31","12.52","12.09","32.28M","-1.70%"
"10/26/2015","12.36","12.81","12.81","12.27","58.14M","-4.63%"
"10/23/2015","12.96","12.75","12.98","12.41","35.50M","3.43%"
"10/22/2015","12.53","12.16","12.56","12.12","34.34M","3.98%"
"10/21/2015","12.05","12.18","12.27","12.01","28.21M","0.50%"
"10/20/2015","11.99","11.85","12.01","11.76","21.92M","0.76%"
"10/19/2015","11.90","12.10","12.13","11.74","18.59M","-1.73%"
"10/16/2015","12.11","12.19","12.20","11.99","19.87M","-0.66%"
"10/15/2015","12.19","11.80","12.20","11.77","49.32M","3.74%"
"10/14/2015","11.75","11.30","11.78","11.24","33.53M","3.62%"
"10/13/2015","11.34","11.63","11.67","11.32","32.48M","-3.65%"
"10/12/2015","11.77","11.76","11.80","11.58","24.19M","0.68%"
"10/09/2015","11.69","11.66","11.81","11.55","34.48M","0.17%"
"10/08/2015","11.67","11.75","11.80","11.38","41.41M","-1.60%"
"10/07/2015","11.86","11.87","11.95","11.58","37.28M","1.28%"
"10/06/2015","11.71","12.08","12.10","11.15","116.00M","-3.38%"
"10/05/2015","12.12","12.40","12.49","12.10","39.08M","-1.70%"
"10/02/2015","12.33","12.00","12.34","11.82","35.21M","0.98%"
"10/01/2015","12.21","12.31","12.49","11.95","45.67M","-2.32%"
"09/30/2015","12.50","12.18","12.52","12.10","43.95M","4.43%"
"09/29/2015","11.97","12.19","12.25","11.81","47.99M","-0.99%"
"09/28/2015","12.09","12.60","12.82","12.08","39.89M","-4.58%"
"09/25/2015","12.67","12.60","12.89","12.52","35.09M","2.10%"
"09/24/2015","12.41","12.41","12.54","11.95","44.99M","-1.12%"
"09/23/2015","12.55","12.48","12.78","12.38","21.88M","0.64%"
"09/22/2015","12.47","12.50","12.58","12.37","22.48M","-2.04%"
"09/21/2015","12.73","12.84","12.94","12.62","16.51M","-0.24%"
"09/18/2015","12.76","12.85","12.95","12.66","44.02M","-2.30%"
"09/17/2015","13.06","13.15","13.31","13.02","19.92M","-0.68%"
"09/16/2015","13.15","13.39","13.39","13.03","27.32M","-2.16%"
"09/15/2015","13.44","13.21","13.49","13.10","30.80M","2.44%"
"09/14/2015","13.12","13.25","13.37","13.06","34.64M","0.08%"
"09/11/2015","13.11","12.82","13.12","12.69","39.61M","1.86%"
"09/10/2015","12.87","12.85","12.92","12.48","36.22M","1.18%"
"09/09/2015","12.72","13.02","13.18","12.63","31.50M","-1.55%"
"09/08/2015","12.92","12.54","12.93","12.48","35.48M","6.60%"
"09/04/2015","12.12","12.12","12.38","12.06","24.92M","-2.10%"
"09/03/2015","12.38","12.54","12.69","12.32","29.95M","-0.16%"
"09/02/2015","12.40","12.21","12.41","12.02","36.70M","3.85%"
"09/01/2015","11.94","12.15","12.50","11.81","49.75M","-5.24%"
"08/31/2015","12.60","12.66","12.80","12.50","30.09M","-1.25%"
"08/28/2015","12.76","12.55","12.77","12.47","36.32M","1.03%"
"08/27/2015","12.63","12.05","12.70","12.04","91.88M","8.69%"
"08/26/2015","11.62","11.26","11.67","11.12","59.35M","7.10%"
"08/25/2015","10.85","11.41","11.50","10.82","43.92M","-1.27%"
"08/24/2015","10.99","10.11","11.50","10.00","69.04M","-1.35%"
"08/21/2015","11.14","11.28","11.55","11.13","56.47M","-3.13%"
"08/20/2015","11.50","12.01","12.06","11.50","41.76M","-5.27%"
"08/19/2015","12.14","12.16","12.28","11.93","30.89M","-0.65%"
"08/18/2015","12.22","12.58","12.58","12.18","19.50M","-2.63%"
"08/17/2015","12.55","12.13","12.55","12.08","21.29M","2.87%"
"08/14/2015","12.20","12.40","12.45","12.12","26.50M","-1.77%"
"08/13/2015","12.42","12.56","12.68","12.40","14.57M","-1.19%"
"08/12/2015","12.57","12.16","12.67","12.06","27.34M","1.21%"
"08/11/2015","12.42","12.56","12.62","12.29","26.74M","-2.44%"
"08/10/2015","12.73","12.35","12.74","12.30","28.91M","3.83%"
"08/07/2015","12.26","12.10","12.40","12.08","30.53M","-0.57%"
"08/06/2015","12.33","12.50","12.54","12.06","46.05M","-1.12%"
"08/05/2015","12.47","12.30","12.57","12.10","34.16M","0.97%"
"08/04/2015","12.35","12.55","12.55","11.88","47.47M","-1.83%"
"08/03/2015","12.58","12.64","12.75","12.42","27.27M","0.56%"
"07/31/2015","12.51","12.83","12.83","12.50","30.59M","-2.04%"
"07/30/2015","12.77","12.57","12.88","12.51","39.17M","-0.70%"
"07/29/2015","12.86","12.84","12.91","12.54","33.41M","0.16%"
"07/28/2015","12.84","12.56","12.96","12.35","27.87M","3.05%"
"07/27/2015","12.46","12.73","12.75","12.41","34.89M","-3.04%"
"07/24/2015","12.85","13.35","13.38","12.83","36.31M","-2.65%"
"07/23/2015","13.20","13.12","13.50","13.05","30.61M","1.85%"
"07/22/2015","12.96","12.70","13.00","12.54","61.35M","-3.64%"
"07/21/2015","13.45","13.51","13.64","13.41","31.53M","-0.07%"
"07/20/2015","13.46","13.46","13.56","13.38","23.56M","0.67%"
"07/17/2015","13.37","13.50","13.50","13.20","29.00M","-0.74%"
"07/16/2015","13.47","13.36","13.48","13.09","33.98M","2.28%"
"07/15/2015","13.17","13.17","13.35","13.08","23.10M","-0.45%"
"07/14/2015","13.23","12.94","13.25","12.85","26.29M","2.40%"
"07/13/2015","12.92","13.14","13.14","12.85","25.30M","-0.46%"
"07/10/2015","12.98","12.66","13.08","12.65","50.95M","4.09%"
"07/09/2015","12.47","13.02","13.14","12.37","73.47M","-2.58%"
"07/08/2015","12.80","13.01","13.13","12.69","51.37M","-3.61%"
"07/07/2015","13.28","13.39","13.45","12.62","59.27M","-1.04%"
"07/06/2015","13.42","13.62","13.76","13.39","30.19M","-2.47%"
"07/02/2015","13.76","13.56","13.78","13.54","32.80M","1.55%"
"07/01/2015","13.55","13.44","13.77","13.43","43.06M","1.96%"
"06/30/2015","13.29","13.38","13.44","13.21","28.70M","0.68%"
"06/29/2015","13.20","13.29","13.52","13.10","40.47M","-2.37%"
"06/26/2015","13.52","13.88","13.90","13.47","71.80M","-2.87%"
"06/25/2015","13.92","14.01","14.11","13.88","17.55M","-0.57%"
"06/24/2015","14.00","14.21","14.22","13.98","22.40M","-1.13%"
"06/23/2015","14.16","14.40","14.40","14.09","21.50M","-1.19%"
"06/22/2015","14.33","14.42","14.51","14.20","22.85M","0.28%"
"06/19/2015","14.29","14.30","14.39","14.16","26.88M","-0.07%"
"06/18/2015","14.30","14.07","14.38","14.07","25.30M","1.63%"
"06/17/2015","14.07","14.15","14.25","13.95","25.43M","-0.92%"
"06/16/2015","14.20","14.27","14.35","14.14","21.00M","-0.77%"
"06/15/2015","14.31","13.92","14.40","13.90","34.57M","1.85%"
"06/12/2015","14.05","14.13","14.15","13.99","19.15M","-1.06%"
"06/11/2015","14.20","14.22","14.33","14.10","31.52M","-0.63%"
"06/10/2015","14.29","13.99","14.40","13.98","42.62M","1.93%"
"06/09/2015","14.02","13.89","14.07","13.65","44.07M","1.15%"
"06/08/2015","13.86","14.36","14.38","13.75","54.42M","-3.62%"
"06/05/2015","14.38","14.10","14.40","13.93","38.59M","1.84%"
"06/04/2015","14.12","14.25","14.34","14.05","28.02M","-1.33%"
"06/03/2015","14.31","14.60","14.60","14.28","30.45M","-0.76%"
"06/02/2015","14.42","14.64","14.67","14.31","41.26M","-1.64%"
"06/01/2015","14.66","14.82","15.05","14.52","83.58M","-1.01%"
"05/29/2015","14.81","14.41","14.92","14.41","118.24M","4.00%"
"05/28/2015","14.24","14.50","14.55","13.60","249.12M","0.64%"
"05/27/2015","14.15","13.21","14.48","13.16","114.25M","7.77%"
"05/26/2015","13.13","13.44","13.45","13.06","26.78M","-0.98%"
"05/22/2015","13.26","12.98","13.38","12.98","22.86M","2.31%"
"05/21/2015","12.96","12.95","13.00","12.78","21.31M","0.39%"
"05/20/2015","12.91","12.99","13.11","12.81","18.72M","-0.31%"
"05/19/2015","12.95","13.09","13.19","12.93","16.05M","-0.54%"
"05/18/2015","13.02","12.79","13.04","12.73","17.98M","1.80%"
"05/15/2015","12.79","12.78","12.95","12.66","22.63M","0.79%"
"05/14/2015","12.69","12.41","12.87","12.36","23.28M","3.09%"
"05/13/2015","12.31","12.36","12.48","12.23","11.87M","0.16%"
"05/12/2015","12.29","12.20","12.36","12.13","10.26M","0.08%"
"05/11/2015","12.28","12.36","12.39","12.26","12.42M","-0.41%"
"05/08/2015","12.33","12.32","12.49","12.27","14.85M","0.65%"
"05/07/2015","12.25","12.00","12.36","12.00","23.54M","4.88%"
"05/06/2015","11.68","11.78","11.84","11.54","14.48M","0.00%"
"05/05/2015","11.68","12.01","12.07","11.66","22.09M","-3.63%"
"05/04/2015","12.12","12.28","12.38","12.09","14.21M","-1.30%"
"05/01/2015","12.28","11.79","12.34","11.79","25.34M","5.05%"
"04/30/2015","11.69","11.67","11.89","11.63","21.34M","-0.09%"
"04/29/2015","11.70","11.60","11.75","11.48","20.90M","-0.34%"
"04/28/2015","11.74","12.04","12.10","11.46","31.03M","-2.33%"
"04/27/2015","12.02","12.00","12.19","11.87","27.32M","0.59%"
"04/24/2015","11.95","12.37","12.37","11.59","55.06M","-3.71%"
"04/23/2015","12.41","12.52","12.55","12.26","28.05M","-2.97%"
"04/22/2015","12.79","12.39","12.80","12.28","22.58M","3.90%"
"04/21/2015","12.31","12.43","12.51","12.29","20.62M","0.08%"
"04/20/2015","12.30","12.25","12.38","12.22","13.30M","0.90%"
"04/17/2015","12.19","12.37","12.43","12.09","26.82M","-2.71%"
"04/16/2015","12.53","12.51","12.62","12.48","15.46M","-0.48%"
"04/15/2015","12.59","12.48","12.63","12.46","16.90M","1.53%"
"04/14/2015","12.40","12.51","12.53","12.21","16.05M","-1.04%"
"04/13/2015","12.53","12.72","12.75","12.51","10.48M","-1.18%"
"04/10/2015","12.68","12.76","12.80","12.61","11.67M","-0.31%"
"04/09/2015","12.72","12.58","12.79","12.56","13.96M","0.32%"
"04/08/2015","12.68","12.55","12.75","12.53","13.61M","0.96%"
"04/07/2015","12.56","12.65","12.72","12.54","16.13M","-0.16%"
"04/06/2015","12.58","12.34","12.67","12.25","14.23M","0.64%"
"04/02/2015","12.50","12.61","12.69","12.46","14.51M","-0.48%"
"04/01/2015","12.56","12.67","12.70","12.36","21.83M","-1.10%"
"03/31/2015","12.70","12.93","12.95","12.67","16.40M","-2.68%"
"03/30/2015","13.05","12.98","13.09","12.83","19.52M","1.79%"
"03/27/2015","12.82","12.50","12.90","12.48","24.30M","2.81%"
"03/26/2015","12.47","12.03","12.51","11.70","45.07M","0.24%"
"03/25/2015","12.44","13.26","13.33","12.44","48.85M","-6.54%"
"03/24/2015","13.31","13.50","13.54","13.29","25.82M","-0.97%"
"03/23/2015","13.44","13.50","13.63","13.39","23.85M","0.83%"
"03/20/2015","13.33","13.34","13.42","13.22","55.52M","0.98%"
"03/19/2015","13.20","13.05","13.29","13.00","24.46M","1.23%"
"03/18/2015","13.04","12.87","13.13","12.77","21.25M","1.01%"
"03/17/2015","12.91","12.88","12.96","12.75","19.02M","-0.62%"
"03/16/2015","12.99","12.69","13.04","12.67","23.08M","3.92%"
"03/13/2015","12.50","12.57","12.68","12.39","18.42M","-0.87%"
"03/12/2015","12.61","12.29","12.62","12.15","22.30M","1.12%"
"03/11/2015","12.47","12.53","12.65","12.45","17.74M","-0.32%"
"03/10/2015","12.51","12.57","12.69","12.45","17.69M","-1.57%"
"03/09/2015","12.71","12.78","12.86","12.69","17.83M","-0.63%"
"03/06/2015","12.79","13.00","13.05","12.75","22.33M","-2.07%"
"03/05/2015","13.06","12.94","13.15","12.88","21.69M","0.93%"
"03/04/2015","12.94","12.77","12.99","12.44","36.14M","0.94%"
"03/03/2015","12.82","12.82","12.89","12.76","18.69M","-0.62%"
"03/02/2015","12.90","12.72","13.09","12.72","27.89M","1.10%"
"02/27/2015","12.76","12.87","12.87","12.61","33.82M","-1.31%"
"02/26/2015","12.93","12.32","12.99","12.30","89.26M","14.73%"
"02/25/2015","11.27","11.33","11.39","11.23","38.22M","-0.44%"
"02/24/2015","11.32","11.35","11.36","11.16","23.21M","0.27%"
"02/23/2015","11.29","11.30","11.32","11.20","23.86M","0.71%"
"02/20/2015","11.21","11.14","11.22","11.05","19.29M","1.08%"
"02/19/2015","11.09","11.00","11.11","10.96","13.20M","0.82%"
"02/18/2015","11.00","11.03","11.06","10.93","16.68M","-0.81%"
"02/17/2015","11.09","11.02","11.13","10.91","15.31M","0.64%"
"02/13/2015","11.02","11.00","11.02","10.81","14.62M","0.46%"
"02/12/2015","10.97","10.88","11.00","10.85","21.07M","1.67%"
"02/11/2015","10.79","10.68","10.83","10.63","17.17M","0.84%"
"02/10/2015","10.70","10.30","10.75","10.29","20.40M","4.70%"
"02/09/2015","10.22","10.39","10.44","10.18","20.35M","-2.39%"
"02/06/2015","10.47","10.63","10.71","10.43","10.68M","-1.41%"
"02/05/2015","10.62","10.47","10.62","10.38","16.59M","1.34%"
"02/04/2015","10.48","10.29","10.53","10.24","16.66M","1.55%"
"02/03/2015","10.32","10.25","10.37","10.14","15.39M","0.78%"
"02/02/2015","10.24","10.32","10.35","9.92","21.58M","-0.49%"
"01/30/2015","10.29","10.53","10.67","10.26","16.94M","-3.38%"
"01/29/2015","10.65","10.46","10.66","10.23","15.84M","1.43%"
"01/28/2015","10.50","10.71","10.83","10.49","23.30M","0.19%"
"01/27/2015","10.48","10.51","10.60","10.28","15.24M","-1.78%"
"01/26/2015","10.67","10.67","10.71","10.46","9.61M","-0.28%"
"01/23/2015","10.70","10.50","10.75","10.43","15.09M","1.71%"
"01/22/2015","10.52","10.60","10.65","10.15","20.64M","-0.19%"
"01/21/2015","10.54","10.43","10.69","10.41","16.46M","0.48%"
"01/20/2015","10.49","10.37","10.52","10.26","12.84M","1.06%"
"01/16/2015","10.38","10.07","10.39","10.03","15.37M","2.47%"
"01/15/2015","10.13","10.36","10.55","10.11","18.37M","-2.03%"
"01/14/2015","10.34","10.11","10.35","10.00","20.99M","0.78%"
"01/13/2015","10.26","10.38","10.74","10.17","24.34M","-0.58%"
"01/12/2015","10.32","10.51","10.56","10.27","18.70M","-1.62%"
"01/09/2015","10.49","10.45","10.58","10.26","23.43M","1.06%"
"01/08/2015","10.38","10.05","10.43","10.04","33.35M","5.06%"
"01/07/2015","9.88","9.71","9.94","9.65","30.91M","2.70%"
"01/06/2015","9.62","9.89","9.91","9.52","22.19M","-2.34%"
"01/05/2015","9.85","10.01","10.08","9.84","15.60M","-1.60%"
"01/02/2015","10.01","10.09","10.22","9.91","13.50M","-0.50%"