"Date","Price","Open","High","Low","Vol.","Change %"
"01/29/2025","44,713.52","44,819.55","44,962.58","44,579.10","695.19M","-0.31%"
"01/28/2025","44,850.35","44,756.36","44,976.35","44,621.96","915.11M","0.31%"
"01/27/2025","44,713.58","44,148.84","44,727.85","44,026.27","1.23B","0.65%"
"01/24/2025","44,424.25","44,533.75","44,545.52","44,332.22","532.23M","-0.32%"
"01/23/2025","44,565.07","44,113.55","44,565.26","44,113.55","444.18M","0.92%"
"01/22/2025","44,156.73","44,178.06","44,208.34","44,042.11","588.44M","0.30%"
"01/21/2025","44,025.81","43,528.65","44,050.13","43,528.65","592.22M","1.24%"
"01/17/2025","43,487.83","43,312.55","43,653.25","43,312.55","558.95M","0.78%"
"01/16/2025","43,153.13","43,290.25","43,294.81","43,081.75","504.27M","-0.16%"
"01/15/2025","43,221.55","42,927.76","43,323.49","42,927.76","479.12M","1.65%"
"01/14/2025","42,518.28","42,366.42","42,544.57","42,157.03","454.66M","0.52%"
"01/13/2025","42,297.12","41,924.68","42,319.60","41,844.89","500.20M","0.86%"
"01/10/2025","41,938.45","42,540.29","42,540.29","41,877.30","543.82M","-1.63%"
"01/08/2025","42,635.20","42,542.10","42,656.22","42,327.79","463.43M","0.25%"
"01/07/2025","42,528.36","42,809.71","42,931.54","42,380.75","621.64M","-0.42%"
"01/06/2025","42,706.56","42,835.52","43,115.31","42,611.16","557.04M","-0.06%"
"01/03/2025","42,732.13","42,495.76","42,782.76","42,436.92","455.82M","0.80%"
"01/02/2025","42,392.27","42,660.09","42,905.09","42,174.80","459.86M","-0.36%"
"12/31/2024","42,544.22","42,636.70","42,779.69","42,421.29","359.22M","-0.07%"
"12/30/2024","42,573.73","42,863.86","42,863.86","42,263.51","383.30M","-0.97%"
"12/27/2024","42,992.21","43,142.37","43,238.85","42,761.56","376.96M","-0.77%"
"12/26/2024","43,325.80","43,201.85","43,373.98","43,115.09","270.36M","0.07%"
"12/25/2024","43,297.03","42,916.48","43,297.65","42,871.76","","0.00%"
"12/24/2024","43,297.03","42,916.48","43,297.65","42,871.76","230.41M","0.91%"
"12/23/2024","42,906.95","42,800.49","42,957.79","42,516.87","449.40M","0.16%"
"12/20/2024","42,840.26","42,296.26","43,216.03","42,146.33","1.12B","1.18%"
"12/19/2024","42,342.24","42,464.13","42,787.85","42,334.13","560.21M","0.04%"
"12/18/2024","42,326.87","43,459.72","43,688.97","42,300.04","627.57M","-2.58%"
"12/17/2024","43,449.90","43,656.47","43,656.47","43,336.22","593.67M","-0.61%"
"12/16/2024","43,717.48","43,825.76","43,951.58","43,686.85","579.36M","-0.25%"
"12/13/2024","43,828.06","43,929.15","44,054.23","43,790.48","455.38M","-0.20%"
"12/12/2024","43,914.12","44,168.66","44,208.60","43,903.27","396.06M","-0.53%"
"12/11/2024","44,148.56","44,300.41","44,376.18","44,135.74","512.66M","-0.22%"
"12/10/2024","44,247.83","44,291.57","44,470.84","44,186.66","482.66M","-0.35%"
"12/09/2024","44,401.93","44,637.97","44,728.51","44,382.83","503.92M","-0.54%"
"12/06/2024","44,642.52","44,824.29","44,923.74","44,596.46","466.92M","-0.28%"
"12/05/2024","44,765.71","45,038.44","45,059.94","44,747.14","457.34M","-0.55%"
"12/04/2024","45,014.04","44,941.05","45,073.63","44,799.74","554.43M","0.69%"
"12/03/2024","44,705.53","44,769.58","44,914.68","44,574.78","429.14M","-0.17%"
"12/02/2024","44,782.00","44,925.86","45,001.66","44,710.16","444.99M","-0.29%"
"11/29/2024","44,910.65","44,760.05","45,071.29","44,760.05","319.22M","0.42%"
"11/27/2024","44,722.06","44,837.75","45,003.06","44,690.23","451.36M","-0.31%"
"11/26/2024","44,860.31","44,614.89","44,903.01","44,426.66","476.17M","0.28%"
"11/25/2024","44,736.57","44,385.49","44,815.67","44,385.49","826.66M","0.99%"
"11/22/2024","44,296.51","43,871.63","44,323.95","43,871.63","533.02M","0.97%"
"11/21/2024","43,870.35","43,538.70","44,020.31","43,345.58","712.12M","1.06%"
"11/20/2024","43,408.47","43,296.05","43,465.77","43,074.86","559.01M","0.32%"
"11/19/2024","43,268.94","43,243.27","43,380.97","42,938.87","497.97M","-0.28%"
"11/18/2024","43,389.60","43,431.89","43,505.66","43,297.57","527.18M","-0.13%"
"11/15/2024","43,444.99","43,587.93","43,647.53","43,350.43","664.32M","-0.70%"
"11/14/2024","43,750.86","44,032.38","44,080.78","43,704.82","545.09M","-0.47%"
"11/13/2024","43,958.19","43,880.46","44,141.33","43,829.98","518.84M","0.11%"
"11/12/2024","43,910.98","44,359.21","44,405.73","43,887.27","482.72M","-0.86%"
"11/11/2024","44,293.13","44,057.65","44,486.70","44,057.65","451.95M","0.69%"
"11/08/2024","43,988.99","43,768.53","44,157.29","43,733.86","454.58M","0.59%"
"11/07/2024","43,729.34","43,718.92","43,823.10","43,641.92","437.52M","0.00%"
"11/06/2024","43,729.93","42,850.40","43,778.78","42,850.40","555.81M","3.57%"
"11/05/2024","42,221.88","41,835.49","42,258.84","41,766.96","284.00M","1.02%"
"11/04/2024","41,794.60","42,004.66","42,035.87","41,647.30","341.51M","-0.61%"
"11/01/2024","42,052.19","41,869.82","42,326.31","41,869.82","531.36M","0.69%"
"10/31/2024","41,763.46","41,956.34","41,991.91","41,704.63","523.87M","-0.90%"
"10/30/2024","42,141.54","42,249.81","42,457.92","42,141.54","377.43M","-0.22%"
"10/29/2024","42,233.05","42,323.48","42,491.86","42,171.65","373.55M","-0.36%"
"10/28/2024","42,387.57","42,264.54","42,476.46","42,264.54","284.78M","0.65%"
"10/25/2024","42,114.40","42,477.51","42,594.64","42,051.39","314.00M","-0.61%"
"10/24/2024","42,374.36","42,522.55","42,522.55","42,191.83","282.68M","-0.33%"
"10/23/2024","42,514.95","42,834.40","42,834.40","42,293.17","356.62M","-0.96%"
"10/22/2024","42,924.89","42,876.84","43,041.05","42,718.26","335.20M","-0.02%"
"10/21/2024","42,931.60","43,222.21","43,310.87","42,877.57","273.60M","-0.80%"
"10/18/2024","43,275.91","43,187.12","43,325.09","43,036.35","295.51M","0.09%"
"10/17/2024","43,239.05","43,119.81","43,289.76","43,119.81","276.01M","0.37%"
"10/16/2024","43,077.70","42,706.49","43,100.84","42,692.37","297.51M","0.79%"
"10/15/2024","42,740.42","43,240.17","43,277.78","42,703.17","360.88M","-0.75%"
"10/14/2024","43,065.22","42,800.89","43,139.00","42,707.14","240.06M","0.47%"
"10/11/2024","42,863.86","42,507.53","42,899.75","42,507.53","265.34M","0.97%"
"10/10/2024","42,454.12","42,511.37","42,511.37","42,308.04","245.58M","-0.14%"
"10/09/2024","42,512.00","42,070.32","42,562.01","41,993.35","267.41M","1.03%"
"10/08/2024","42,080.37","42,022.65","42,128.56","41,874.72","286.52M","0.30%"
"10/07/2024","41,954.24","42,289.51","42,293.64","41,831.74","307.24M","-0.94%"
"10/04/2024","42,352.75","42,248.26","42,361.38","41,972.11","296.55M","0.81%"
"10/03/2024","42,011.59","42,099.53","42,125.84","41,847.81","267.27M","-0.44%"
"10/02/2024","42,196.52","42,125.14","42,259.52","41,968.79","301.77M","0.09%"
"10/01/2024","42,156.97","42,262.97","42,322.36","41,945.63","380.24M","-0.41%"
"09/30/2024","42,330.15","42,289.75","42,347.66","41,929.07","354.43M","0.04%"
"09/27/2024","42,313.00","42,227.95","42,628.32","42,227.95","329.85M","0.33%"
"09/26/2024","42,175.11","42,113.42","42,224.15","42,036.28","361.21M","0.62%"
"09/25/2024","41,914.75","42,236.09","42,299.64","41,859.73","385.16M","-0.70%"
"09/24/2024","42,208.22","42,234.99","42,281.06","42,056.82","401.02M","0.20%"
"09/23/2024","42,124.65","42,060.40","42,190.05","42,012.22","455.20M","0.15%"
"09/20/2024","42,063.36","41,959.43","42,138.41","41,865.95","1.22B","0.09%"
"09/19/2024","42,025.19","41,972.56","42,160.91","41,832.09","436.23M","1.26%"
"09/18/2024","41,503.10","41,628.91","41,981.97","41,449.00","383.60M","-0.25%"
"09/17/2024","41,606.18","41,723.78","41,835.28","41,470.69","448.62M","-0.04%"
"09/16/2024","41,622.08","41,435.17","41,733.97","41,435.17","408.68M","0.55%"
"09/13/2024","41,393.78","41,153.70","41,533.84","41,128.70","276.81M","0.72%"
"09/12/2024","41,096.77","40,862.11","41,107.35","40,665.53","289.30M","0.58%"
"09/11/2024","40,861.71","40,638.76","40,903.68","39,993.07","356.05M","0.31%"
"09/10/2024","40,736.96","40,916.50","40,916.50","40,417.48","360.96M","-0.23%"
"09/09/2024","40,829.59","40,555.11","41,000.24","40,518.06","376.72M","1.20%"
"09/06/2024","40,345.41","40,756.81","41,009.39","40,297.33","370.44M","-1.01%"
"09/05/2024","40,755.75","41,056.33","41,084.78","40,519.08","331.26M","-0.54%"
"09/04/2024","40,974.97","40,872.06","41,172.59","40,840.89","359.39M","0.09%"
"09/03/2024","40,936.93","41,489.67","41,489.67","40,778.09","420.53M","-1.51%"
"08/30/2024","41,563.08","41,366.16","41,585.21","41,145.85","494.90M","0.55%"
"08/29/2024","41,335.05","41,345.50","41,577.97","41,086.81","309.83M","0.59%"
"08/28/2024","41,091.42","41,250.17","41,351.11","40,842.29","272.18M","-0.39%"
"08/27/2024","41,250.50","41,186.28","41,271.75","41,109.42","256.16M","0.02%"
"08/26/2024","41,240.52","41,200.84","41,420.05","41,140.23","249.31M","0.16%"
"08/23/2024","41,175.08","40,879.12","41,207.92","40,842.96","300.09M","1.14%"
"08/22/2024","40,712.78","40,932.23","41,026.64","40,584.47","310.48M","-0.43%"
"08/21/2024","40,890.49","40,881.03","40,974.40","40,738.43","281.46M","0.14%"
"08/20/2024","40,834.97","40,874.52","40,909.38","40,756.65","299.38M","-0.15%"
"08/19/2024","40,896.53","40,670.83","40,907.32","40,670.83","288.19M","0.58%"
"08/16/2024","40,659.76","40,528.86","40,726.03","40,453.58","323.22M","0.24%"
"08/15/2024","40,563.06","40,295.74","40,590.51","40,295.74","446.86M","1.39%"
"08/14/2024","40,008.39","39,800.59","40,068.75","39,737.20","317.80M","0.61%"
"08/13/2024","39,765.64","39,445.27","39,792.80","39,392.41","365.56M","1.04%"
"08/12/2024","39,357.01","39,556.01","39,587.06","39,251.72","312.38M","-0.36%"
"08/09/2024","39,497.54","39,408.06","39,628.66","39,230.43","316.32M","0.13%"
"08/08/2024","39,446.49","38,940.38","39,508.40","38,922.79","376.44M","1.76%"
"08/07/2024","38,763.45","39,230.09","39,477.96","38,731.51","428.25M","-0.60%"
"08/06/2024","38,997.66","38,736.22","39,449.53","38,638.30","475.42M","0.76%"
"08/05/2024","38,703.27","39,056.19","39,056.19","38,499.27","661.28M","-2.60%"
"08/02/2024","39,737.26","40,075.33","40,075.33","39,358.68","841.97M","-1.51%"
"08/01/2024","40,347.97","40,916.96","41,096.66","40,098.57","472.04M","-1.21%"
"07/31/2024","40,842.79","40,768.88","41,198.63","40,655.89","420.10M","0.24%"
"07/30/2024","40,743.33","40,622.13","40,866.25","40,529.10","358.45M","0.50%"
"07/29/2024","40,539.93","40,665.71","40,682.49","40,388.83","277.55M","-0.12%"
"07/26/2024","40,589.34","40,140.86","40,753.83","40,140.86","334.46M","1.64%"
"07/25/2024","39,935.07","39,828.63","40,438.82","39,817.50","382.49M","0.20%"
"07/24/2024","39,853.87","40,210.63","40,258.44","39,807.45","400.90M","-1.25%"
"07/23/2024","40,358.09","40,443.73","40,527.89","40,319.70","296.80M","-0.14%"
"07/22/2024","40,415.44","40,414.49","40,472.53","40,222.77","358.56M","0.32%"
"07/19/2024","40,287.53","40,592.35","40,626.16","40,203.27","354.44M","-0.93%"
"07/18/2024","40,665.02","41,156.56","41,376.00","40,597.50","398.28M","-1.29%"
"07/17/2024","41,198.08","40,862.57","41,221.98","40,849.71","438.86M","0.59%"
"07/16/2024","40,954.48","40,263.78","40,988.81","40,263.78","313.52M","1.85%"
"07/15/2024","40,211.72","40,138.40","40,351.10","40,136.10","322.33M","0.53%"
"07/12/2024","40,000.90","39,783.28","40,257.24","39,783.28","329.07M","0.62%"
"07/11/2024","39,753.75","39,695.18","39,875.60","39,623.12","363.85M","0.08%"
"07/10/2024","39,721.36","39,272.45","39,736.20","39,256.72","336.92M","1.09%"
"07/09/2024","39,291.97","39,357.37","39,492.28","39,146.60","365.56M","-0.13%"
"07/08/2024","39,344.79","39,391.98","39,654.96","39,278.43","364.05M","-0.08%"
"07/05/2024","39,375.87","39,313.40","39,399.62","39,168.70","331.49M","0.17%"
"07/03/2024","39,308.00","39,358.95","39,411.17","39,230.86","202.07M","-0.06%"
"07/02/2024","39,331.85","39,108.25","39,340.49","39,085.69","325.02M","0.41%"
"07/01/2024","39,169.52","39,186.20","39,438.36","39,037.94","353.38M","0.13%"
"06/28/2024","39,118.86","39,092.39","39,443.60","38,937.15","688.50M","-0.12%"
"06/27/2024","39,164.06","39,107.10","39,250.69","39,026.75","352.60M","0.09%"
"06/26/2024","39,127.80","39,063.15","39,183.74","38,908.99","340.84M","0.04%"
"06/25/2024","39,112.16","39,398.79","39,423.26","38,997.23","344.64M","-0.76%"
"06/24/2024","39,411.21","39,184.49","39,571.23","39,184.49","387.00M","0.67%"
"06/21/2024","39,150.33","39,208.51","39,257.18","39,061.67","838.54M","0.04%"
"06/20/2024","39,134.76","38,804.73","39,232.50","38,778.46","404.72M","0.77%"
"06/18/2024","38,834.86","38,779.12","38,936.93","38,727.67","327.60M","0.15%"
"06/17/2024","38,778.10","38,565.18","38,839.88","38,431.95","351.11M","0.49%"
"06/14/2024","38,589.16","38,528.39","38,595.24","38,305.85","275.11M","-0.15%"
"06/13/2024","38,647.10","38,677.12","38,712.21","38,407.70","343.99M","-0.17%"
"06/12/2024","38,712.21","38,950.65","39,120.26","38,621.45","477.29M","-0.09%"
"06/11/2024","38,747.42","38,795.71","38,795.71","38,446.24","388.66M","-0.31%"
"06/10/2024","38,868.04","38,784.90","38,877.86","38,665.45","336.86M","0.18%"
"06/07/2024","38,798.99","38,861.24","39,105.23","38,751.85","272.34M","-0.22%"
"06/06/2024","38,886.17","38,825.40","39,004.16","38,735.99","270.19M","0.20%"
"06/05/2024","38,807.33","38,774.82","38,844.32","38,548.77","315.04M","0.25%"
"06/04/2024","38,711.29","38,518.86","38,786.62","38,397.82","312.99M","0.36%"
"06/03/2024","38,571.03","38,709.99","38,735.61","38,247.22","320.21M","-0.30%"
"05/31/2024","38,686.32","38,140.26","38,719.43","38,092.27","624.93M","1.51%"
"05/30/2024","38,111.48","38,368.35","38,493.60","38,000.96","365.27M","-0.86%"
"05/29/2024","38,441.54","38,716.28","38,716.28","38,413.67","294.72M","-1.06%"
"05/28/2024","38,852.86","39,028.99","39,028.99","38,706.14","306.72M","-0.55%"
"05/24/2024","39,069.59","39,089.23","39,220.31","39,020.29","254.83M","0.01%"
"05/23/2024","39,065.26","39,694.95","39,694.95","39,025.51","338.76M","-1.53%"
"05/22/2024","39,671.04","39,863.33","39,890.91","39,559.09","260.94M","-0.51%"
"05/21/2024","39,872.99","39,804.40","39,905.80","39,778.73","318.22M","0.17%"
"05/20/2024","39,806.77","39,989.76","40,077.40","39,787.09","275.31M","-0.49%"
"05/17/2024","40,003.59","39,911.72","40,010.88","39,858.86","305.08M","0.34%"
"05/16/2024","39,869.38","39,912.34","40,051.05","39,864.68","404.94M","-0.10%"
"05/15/2024","39,908.00","39,615.10","39,935.04","39,615.10","424.32M","0.88%"
"05/14/2024","39,558.11","39,466.76","39,616.41","39,371.92","326.25M","0.32%"
"05/13/2024","39,431.51","39,591.28","39,647.39","39,403.05","325.23M","-0.21%"
"05/10/2024","39,512.84","39,466.52","39,579.88","39,406.26","291.49M","0.32%"
"05/09/2024","39,387.76","39,064.27","39,413.66","38,988.85","307.17M","0.85%"
"05/08/2024","39,056.39","38,818.90","39,094.74","38,814.99","292.35M","0.44%"
"05/07/2024","38,884.26","38,858.94","38,977.61","38,840.40","366.81M","0.08%"
"05/06/2024","38,852.27","38,762.43","38,886.47","38,689.38","319.43M","0.46%"
"05/03/2024","38,675.68","38,709.36","38,808.52","38,518.28","416.04M","1.18%"
"05/02/2024","38,225.66","38,075.65","38,295.29","37,895.66","384.74M","0.85%"
"05/01/2024","37,903.29","37,845.56","38,349.20","37,780.54","417.32M","0.23%"
"04/30/2024","37,815.92","38,337.40","38,337.40","37,810.12","460.10M","-1.49%"
"04/29/2024","38,386.09","38,282.16","38,406.20","38,215.47","345.68M","0.38%"
"04/26/2024","38,239.66","38,114.70","38,337.64","38,065.05","401.46M","0.40%"
"04/25/2024","38,085.80","38,052.09","38,157.22","37,754.38","417.16M","-0.98%"
"04/24/2024","38,460.92","38,552.79","38,552.79","38,310.55","342.89M","-0.11%"
"04/23/2024","38,503.69","38,356.07","38,561.50","38,297.72","329.42M","0.69%"
"04/22/2024","38,239.98","38,116.89","38,447.16","37,985.07","360.16M","0.67%"
"04/19/2024","37,986.40","37,801.98","38,102.57","37,781.61","426.21M","0.56%"
"04/18/2024","37,775.38","37,847.21","38,083.76","37,681.52","305.52M","0.06%"
"04/17/2024","37,753.31","37,949.67","38,036.70","37,611.56","318.71M","-0.12%"
"04/16/2024","37,798.97","37,992.22","37,992.22","37,713.70","341.96M","0.17%"
"04/15/2024","37,735.11","38,075.38","38,386.81","37,657.79","391.71M","-0.65%"
"04/12/2024","37,983.24","38,319.14","38,319.14","37,877.30","444.25M","-1.24%"
"04/11/2024","38,459.08","38,523.26","38,598.98","38,197.28","356.64M","-0.01%"
"04/10/2024","38,461.51","38,662.28","38,662.28","38,304.66","320.96M","-1.09%"
"04/09/2024","38,883.67","38,983.66","38,992.89","38,572.09","330.76M","-0.02%"
"04/08/2024","38,892.80","38,916.42","39,013.20","38,857.70","295.06M","-0.03%"
"04/05/2024","38,904.04","38,664.98","39,040.17","38,602.18","322.02M","0.80%"
"04/04/2024","38,596.98","39,343.60","39,421.35","38,559.42","359.29M","-1.35%"
"04/03/2024","39,127.14","39,139.59","39,305.76","39,017.13","372.22M","-0.11%"
"04/02/2024","39,170.24","39,256.27","39,256.27","39,051.70","325.61M","-1.00%"
"04/01/2024","39,566.85","39,807.93","39,815.00","39,491.22","279.11M","-0.60%"
"03/28/2024","39,807.37","39,763.74","39,868.59","39,717.25","367.24M","0.12%"
"03/27/2024","39,760.08","39,461.98","39,769.41","39,461.98","337.34M","1.22%"
"03/26/2024","39,282.33","39,338.32","39,439.44","39,277.19","312.20M","-0.08%"
"03/25/2024","39,313.64","39,410.54","39,430.17","39,296.03","326.97M","-0.41%"
"03/22/2024","39,475.90","39,774.06","39,824.76","39,469.53","337.23M","-0.77%"
"03/21/2024","39,781.37","39,661.03","39,889.05","39,589.23","408.99M","0.68%"
"03/20/2024","39,512.13","39,072.05","39,529.13","38,988.65","350.05M","1.03%"
"03/19/2024","39,110.76","38,819.61","39,122.71","38,761.28","314.35M","0.83%"
"03/18/2024","38,790.43","38,826.93","38,898.41","38,760.79","331.62M","0.20%"
"03/15/2024","38,714.77","38,809.65","38,928.13","38,618.20","783.32M","-0.49%"
"03/14/2024","38,905.66","39,122.39","39,160.25","38,704.36","378.50M","-0.35%"
"03/13/2024","39,043.32","39,054.58","39,201.94","38,937.92","333.20M","0.10%"
"03/12/2024","39,005.49","38,883.32","39,071.56","38,711.39","334.75M","0.61%"
"03/11/2024","38,769.66","38,667.21","38,794.76","38,483.25","303.96M","0.12%"
"03/08/2024","38,722.69","38,776.80","38,971.15","38,705.03","351.12M","-0.18%"
"03/07/2024","38,791.35","38,784.30","38,910.35","38,730.13","343.26M","0.34%"
"03/06/2024","38,661.05","38,721.15","38,858.13","38,570.80","355.52M","0.20%"
"03/05/2024","38,585.19","38,906.98","38,906.98","38,457.83","404.14M","-1.04%"
"03/04/2024","38,989.83","38,968.77","39,087.86","38,913.30","394.51M","-0.25%"
"03/01/2024","39,087.38","38,989.51","39,120.36","38,850.50","331.03M","0.23%"
"02/29/2024","38,996.39","39,013.75","39,074.13","38,809.28","521.77M","0.12%"
"02/28/2024","38,949.02","38,938.08","38,956.46","38,741.68","272.56M","-0.06%"
"02/27/2024","38,972.41","39,087.90","39,087.90","38,881.90","274.82M","-0.25%"
"02/26/2024","39,069.23","39,144.79","39,245.89","39,025.80","296.93M","-0.16%"
"02/23/2024","39,131.53","39,127.97","39,282.28","39,094.36","292.06M","0.16%"
"02/22/2024","39,069.11","38,845.19","39,149.61","38,802.07","330.54M","1.18%"
"02/21/2024","38,612.24","38,483.66","38,618.03","38,338.58","284.37M","0.13%"
"02/20/2024","38,563.80","38,576.26","38,663.09","38,460.20","340.37M","-0.17%"
"02/16/2024","38,627.99","38,751.71","38,825.03","38,583.24","282.22M","-0.37%"
"02/15/2024","38,773.12","38,397.94","38,781.89","38,397.94","310.71M","0.91%"
"02/14/2024","38,424.27","38,372.67","38,442.56","38,194.62","283.06M","0.40%"
"02/13/2024","38,272.75","38,699.17","38,699.17","38,039.86","322.66M","-1.35%"
"02/12/2024","38,797.38","38,656.76","38,927.08","38,628.92","276.83M","0.33%"
"02/09/2024","38,671.69","38,731.97","38,734.28","38,567.90","302.40M","-0.14%"
"02/08/2024","38,726.33","38,702.11","38,755.68","38,544.36","317.40M","0.13%"
"02/07/2024","38,677.36","38,613.89","38,748.11","38,571.01","305.19M","0.40%"
"02/06/2024","38,521.36","38,392.90","38,545.28","38,350.46","278.50M","0.37%"
"02/05/2024","38,380.12","38,546.77","38,633.88","38,220.40","324.32M","-0.71%"
"02/02/2024","38,654.42","38,448.10","38,783.62","38,336.57","384.22M","0.35%"
"02/01/2024","38,519.84","38,175.34","38,522.50","38,106.84","330.89M","0.97%"
"01/31/2024","38,150.30","38,426.78","38,588.86","38,139.66","456.22M","-0.82%"
"01/30/2024","38,467.31","38,298.23","38,497.39","38,257.80","332.93M","0.35%"
"01/29/2024","38,333.45","38,115.83","38,343.93","38,061.17","314.95M","0.59%"
"01/26/2024","38,109.43","38,006.68","38,215.31","37,997.77","388.69M","0.16%"
"01/25/2024","38,049.13","37,862.57","38,057.53","37,796.47","402.98M","0.64%"
"01/24/2024","37,806.39","37,975.37","38,064.22","37,795.71","339.42M","-0.26%"
"01/23/2024","37,905.45","37,959.79","37,980.73","37,804.99","337.32M","-0.25%"
"01/22/2024","38,001.81","37,919.55","38,109.20","37,911.61","342.50M","0.36%"
"01/19/2024","37,863.80","37,572.50","37,933.73","37,451.71","380.30M","1.05%"
"01/18/2024","37,468.61","37,300.81","37,522.29","37,122.95","340.63M","0.54%"
"01/17/2024","37,266.67","37,281.86","37,371.66","37,132.89","290.88M","-0.25%"
"01/16/2024","37,361.12","37,493.54","37,543.18","37,201.39","379.98M","-0.62%"
"01/12/2024","37,592.98","37,818.05","37,825.27","37,470.19","279.26M","-0.31%"
"01/11/2024","37,711.02","37,747.14","37,801.90","37,424.28","305.80M","0.04%"
"01/10/2024","37,695.73","37,552.91","37,740.77","37,524.40","279.54M","0.45%"
"01/09/2024","37,525.16","37,523.55","37,552.38","37,373.30","293.23M","-0.42%"
"01/08/2024","37,683.01","37,327.37","37,692.92","37,249.24","362.20M","0.58%"
"01/05/2024","37,466.11","37,455.46","37,623.62","37,323.82","299.49M","0.07%"
"01/04/2024","37,440.34","37,425.28","37,716.41","37,425.28","380.22M","0.03%"
"01/03/2024","37,430.19","37,629.23","37,629.23","37,401.85","329.14M","-0.76%"
"01/02/2024","37,715.04","37,566.22","37,790.08","37,495.91","350.29M","0.07%"
"12/29/2023","37,689.54","37,701.63","37,759.43","37,538.80","236.60M","-0.05%"
"12/28/2023","37,710.10","37,661.52","37,778.85","37,650.98","201.87M","0.14%"
"12/27/2023","37,656.52","37,518.62","37,683.70","37,488.60","248.25M","0.30%"
"12/26/2023","37,545.33","37,405.90","37,617.99","37,371.83","215.08M","0.43%"
"12/22/2023","37,385.97","37,349.27","37,534.52","37,268.88","254.55M","-0.05%"
"12/21/2023","37,404.35","37,225.32","37,418.76","37,127.05","258.30M","0.87%"
"12/20/2023","37,082.00","37,520.13","37,641.30","37,073.04","303.46M","-1.27%"
"12/19/2023","37,557.92","37,311.82","37,562.83","37,311.82","277.63M","0.68%"
"12/18/2023","37,306.02","37,330.14","37,393.45","37,284.85","296.07M","0.00%"
"12/15/2023","37,305.16","37,194.50","37,347.60","37,092.02","788.16M","0.15%"
"12/14/2023","37,248.35","37,115.63","37,287.50","37,051.52","458.10M","0.43%"
"12/13/2023","37,090.24","36,601.80","37,094.85","36,523.59","359.63M","1.40%"
"12/12/2023","36,577.94","36,442.10","36,596.11","36,373.22","292.77M","0.48%"
"12/11/2023","36,404.93","36,254.33","36,416.18","36,231.19","342.49M","0.43%"
"12/08/2023","36,247.87","36,084.82","36,296.20","36,061.64","295.19M","0.36%"
"12/07/2023","36,117.38","36,124.17","36,164.17","36,021.95","290.17M","0.17%"
"12/06/2023","36,054.43","36,183.73","36,292.58","36,024.25","283.24M","-0.19%"
"12/05/2023","36,124.56","36,135.65","36,164.68","36,010.85","311.22M","-0.22%"
"12/04/2023","36,204.44","36,089.38","36,238.18","36,029.69","330.58M","-0.11%"
"12/01/2023","36,245.50","35,914.45","36,264.85","35,914.45","321.84M","0.82%"
"11/30/2023","35,950.89","35,596.57","35,970.70","35,592.22","435.55M","1.47%"
"11/29/2023","35,430.42","35,436.80","35,579.13","35,405.89","299.34M","0.04%"
"11/28/2023","35,416.98","35,332.13","35,518.67","35,307.73","263.10M","0.24%"
"11/27/2023","35,333.47","35,376.44","35,410.37","35,280.57","258.35M","-0.16%"
"11/24/2023","35,390.15","35,299.90","35,399.44","35,299.90","117.04M","0.33%"
"11/22/2023","35,273.03","35,189.33","35,315.20","35,155.80","237.30M","0.53%"
"11/21/2023","35,088.29","35,104.84","35,118.04","35,038.44","271.12M","-0.18%"
"11/20/2023","35,151.04","34,932.49","35,227.48","34,907.98","339.64M","0.58%"
"11/17/2023","34,947.28","34,964.82","35,028.22","34,882.82","343.39M","0.01%"
"11/16/2023","34,945.47","34,868.03","35,022.46","34,818.03","436.84M","-0.13%"
"11/15/2023","34,991.21","34,906.72","35,051.10","34,868.48","347.80M","0.47%"
"11/14/2023","34,827.70","34,581.20","34,931.01","34,581.20","331.24M","1.43%"
"11/13/2023","34,337.87","34,259.25","34,405.84","34,205.81","248.50M","0.16%"
"11/10/2023","34,283.10","34,020.82","34,310.36","33,905.62","302.47M","1.15%"
"11/09/2023","33,891.94","34,163.71","34,167.54","33,859.77","332.64M","-0.65%"
"11/08/2023","34,112.27","34,185.92","34,252.75","33,996.20","280.33M","-0.12%"
"11/07/2023","34,152.60","34,075.65","34,206.98","34,026.72","285.18M","0.17%"
"11/06/2023","34,095.86","34,092.61","34,167.26","33,989.72","267.35M","0.10%"
"11/03/2023","34,061.32","33,988.83","34,163.63","33,946.60","311.00M","0.66%"
"11/02/2023","33,839.08","33,457.82","33,852.96","33,450.03","311.13M","1.70%"
"11/01/2023","33,274.58","33,081.87","33,337.15","33,010.85","307.57M","0.67%"
"10/31/2023","33,052.87","33,029.11","33,070.28","32,787.12","310.02M","0.38%"
"10/30/2023","32,928.96","32,537.54","33,002.97","32,537.54","300.24M","1.58%"
"10/27/2023","32,417.59","32,782.40","32,787.56","32,327.20","376.98M","-1.12%"
"10/26/2023","32,784.30","33,017.17","33,105.03","32,743.99","379.88M","-0.76%"
"10/25/2023","33,035.93","33,203.53","33,267.91","32,989.72","355.69M","-0.32%"
"10/24/2023","33,141.38","33,089.64","33,272.19","32,988.43","359.23M","0.62%"
"10/23/2023","32,936.41","32,993.02","33,234.85","32,892.19","345.44M","-0.58%"
"10/20/2023","33,127.28","33,365.27","33,425.77","33,118.12","330.15M","-0.86%"
"10/19/2023","33,414.17","33,669.52","33,852.39","33,368.58","307.06M","-0.75%"
"10/18/2023","33,665.08","33,960.25","33,991.51","33,598.64","286.70M","-0.98%"
"10/17/2023","33,997.65","33,869.84","34,147.63","33,854.70","281.01M","0.04%"
"10/16/2023","33,984.54","33,832.42","34,088.98","33,832.42","272.99M","0.93%"
"10/13/2023","33,670.29","33,733.34","33,957.72","33,551.58","306.34M","0.12%"
"10/12/2023","33,631.14","33,845.65","33,863.80","33,455.60","290.36M","-0.51%"
"10/11/2023","33,804.87","33,822.20","33,882.55","33,612.25","256.56M","0.19%"
"10/10/2023","33,739.30","33,683.41","33,898.22","33,604.32","255.65M","0.40%"
"10/09/2023","33,604.65","33,259.84","33,631.81","33,253.69","229.80M","0.59%"
"10/06/2023","33,407.58","33,040.70","33,557.69","32,846.94","336.61M","0.87%"
"10/05/2023","33,119.57","33,099.23","33,174.38","32,941.56","278.48M","-0.03%"
"10/04/2023","33,129.55","33,034.18","33,156.45","32,873.23","288.69M","0.39%"
"10/03/2023","33,002.38","33,318.84","33,398.54","32,916.20","295.14M","-1.29%"
"10/02/2023","33,433.35","33,455.50","33,511.91","33,219.56","275.63M","-0.22%"
"09/29/2023","33,507.50","33,882.61","33,893.68","33,407.45","322.20M","-0.47%"
"09/28/2023","33,666.34","33,519.44","33,777.90","33,473.50","278.93M","0.35%"
"09/27/2023","33,550.27","33,682.81","33,731.65","33,306.30","302.72M","-0.20%"
"09/26/2023","33,618.88","33,862.68","33,879.93","33,569.60","282.20M","-1.14%"
"09/25/2023","34,006.88","33,907.59","34,017.53","33,780.67","230.07M","0.13%"
"09/22/2023","33,963.84","34,077.08","34,156.15","33,947.24","271.27M","-0.31%"
"09/21/2023","34,070.42","34,332.23","34,378.30","34,058.72","334.33M","-1.08%"
"09/20/2023","34,440.88","34,575.50","34,776.28","34,434.29","294.11M","-0.22%"
"09/19/2023","34,517.73","34,571.84","34,597.56","34,311.69","287.53M","-0.31%"
"09/18/2023","34,624.30","34,612.29","34,725.06","34,545.35","257.31M","0.02%"
"09/15/2023","34,618.24","34,902.04","34,902.04","34,572.27","592.24M","-0.83%"
"09/14/2023","34,907.11","34,687.50","34,977.97","34,687.50","308.30M","0.96%"
"09/13/2023","34,575.53","34,667.28","34,767.11","34,509.95","298.57M","-0.20%"
"09/12/2023","34,645.99","34,620.02","34,852.61","34,560.55","318.67M","-0.05%"
"09/11/2023","34,663.72","34,650.01","34,784.52","34,578.59","295.46M","0.25%"
"09/08/2023","34,576.59","34,487.41","34,627.85","34,473.57","295.98M","0.22%"
"09/07/2023","34,500.73","34,351.18","34,560.86","34,351.18","391.19M","0.17%"
"09/06/2023","34,443.19","34,611.68","34,611.68","34,291.56","308.91M","-0.57%"
"09/05/2023","34,641.97","34,843.22","34,871.26","34,635.63","286.34M","-0.56%"
"09/01/2023","34,837.71","34,876.24","34,979.18","34,720.70","289.07M","0.33%"
"08/31/2023","34,721.91","34,909.09","35,070.21","34,719.77","349.85M","-0.48%"
"08/30/2023","34,890.24","34,847.80","35,025.57","34,811.74","238.90M","0.11%"
"08/29/2023","34,852.67","34,531.12","34,864.42","34,531.12","264.10M","0.85%"
"08/28/2023","34,559.98","34,441.64","34,652.91","34,441.64","227.20M","0.62%"
"08/25/2023","34,346.90","34,217.06","34,441.91","34,029.22","257.44M","0.73%"
"08/24/2023","34,099.42","34,439.83","34,694.68","34,093.65","349.00M","-1.08%"
"08/23/2023","34,472.98","34,338.59","34,534.72","34,321.00","371.47M","0.54%"
"08/22/2023","34,288.83","34,494.17","34,514.04","34,256.84","281.32M","-0.51%"
"08/21/2023","34,463.69","34,531.28","34,570.96","34,248.46","412.30M","-0.11%"
"08/18/2023","34,500.66","34,368.36","34,587.07","34,263.19","325.87M","0.07%"
"08/17/2023","34,474.83","34,829.61","34,888.48","34,440.73","400.80M","-0.84%"
"08/16/2023","34,765.74","34,914.96","35,133.56","34,757.37","336.59M","-0.52%"
"08/15/2023","34,946.39","35,219.37","35,219.37","34,908.50","325.69M","-1.02%"
"08/14/2023","35,307.63","35,273.89","35,335.45","35,169.97","303.58M","0.07%"
"08/11/2023","35,281.40","35,111.36","35,354.60","35,059.99","281.95M","0.30%"
"08/10/2023","35,176.15","35,231.54","35,578.58","35,107.60","340.73M","0.15%"
"08/09/2023","35,123.36","35,324.28","35,370.89","35,058.73","315.45M","-0.54%"
"08/08/2023","35,314.49","35,345.40","35,346.64","35,007.41","308.55M","-0.45%"
"08/07/2023","35,473.13","35,125.60","35,497.38","35,125.60","301.69M","1.16%"
"08/04/2023","35,065.62","35,230.13","35,506.88","35,033.76","342.03M","-0.43%"
"08/03/2023","35,215.89","35,194.56","35,348.20","35,122.32","264.87M","-0.19%"
"08/02/2023","35,282.52","35,551.92","35,551.92","35,226.26","301.32M","-0.98%"
"08/01/2023","35,630.68","35,585.99","35,679.13","35,526.61","261.00M","0.20%"
"07/31/2023","35,559.53","35,465.97","35,566.95","35,430.22","333.14M","0.28%"
"07/28/2023","35,459.29","35,443.49","35,565.51","35,355.15","369.00M","0.50%"
"07/27/2023","35,282.72","35,558.79","35,645.35","35,216.58","352.23M","-0.67%"
"07/26/2023","35,520.12","35,345.99","35,633.61","35,306.27","347.33M","0.23%"
"07/25/2023","35,438.07","35,421.49","35,527.57","35,365.26","309.33M","0.08%"
"07/24/2023","35,411.24","35,230.79","35,463.97","35,230.79","286.17M","0.52%"
"07/21/2023","35,227.69","35,274.32","35,340.66","35,186.05","476.66M","0.01%"
"07/20/2023","35,225.18","35,091.98","35,372.77","35,091.98","342.32M","0.47%"
"07/19/2023","35,061.21","34,991.21","35,234.05","34,991.21","369.62M","0.31%"
"07/18/2023","34,951.93","34,597.08","34,986.36","34,530.61","388.39M","1.06%"
"07/17/2023","34,585.35","34,499.74","34,665.15","34,418.72","359.78M","0.22%"
"07/14/2023","34,509.03","34,425.33","34,592.26","34,425.33","301.91M","0.33%"
"07/13/2023","34,395.14","34,412.31","34,482.26","34,365.33","276.38M","0.14%"
"07/12/2023","34,347.43","34,395.28","34,586.94","34,308.78","334.08M","0.25%"
"07/11/2023","34,261.42","34,056.94","34,288.87","33,993.01","281.65M","0.93%"
"07/10/2023","33,944.40","33,705.68","33,958.36","33,705.68","301.54M","0.62%"
"07/07/2023","33,734.88","33,837.07","34,036.38","33,716.75","274.73M","-0.55%"
"07/06/2023","33,922.26","34,171.39","34,171.39","33,771.47","296.24M","-1.07%"
"07/05/2023","34,288.64","34,344.72","34,376.11","34,226.98","278.25M","-0.38%"
"07/03/2023","34,418.47","34,369.78","34,465.60","34,286.54","157.60M","0.03%"
"06/30/2023","34,407.60","34,269.92","34,467.35","34,269.92","353.29M","0.84%"
"06/29/2023","34,122.42","33,854.57","34,147.68","33,828.63","279.94M","0.80%"
"06/28/2023","33,852.66","33,881.38","33,903.76","33,755.92","268.05M","-0.22%"
"06/27/2023","33,926.74","33,739.03","33,975.65","33,730.39","296.26M","0.63%"
"06/26/2023","33,714.71","33,730.79","33,819.49","33,610.32","267.56M","-0.04%"
"06/23/2023","33,727.43","33,835.66","33,835.66","33,646.49","382.71M","-0.65%"
"06/22/2023","33,946.71","33,900.47","34,003.56","33,835.39","278.55M","-0.01%"
"06/21/2023","33,951.52","33,990.56","34,097.93","33,876.17","326.24M","-0.30%"
"06/20/2023","34,053.87","34,206.66","34,206.66","33,915.93","344.62M","-0.72%"
"06/16/2023","34,299.12","34,464.02","34,588.68","34,285.69","609.15M","-0.32%"
"06/15/2023","34,408.06","33,945.98","34,488.98","33,945.98","362.53M","1.26%"
"06/14/2023","33,979.33","34,044.70","34,151.42","33,783.55","358.49M","-0.68%"
"06/13/2023","34,212.12","34,111.08","34,310.28","34,107.98","310.68M","0.43%"
"06/12/2023","34,066.33","33,906.80","34,077.84","33,878.46","309.50M","0.56%"
"06/09/2023","33,876.78","33,852.44","33,975.32","33,787.16","263.23M","0.13%"
"06/08/2023","33,833.61","33,656.98","33,873.81","33,630.04","272.72M","0.50%"
"06/07/2023","33,665.02","33,562.47","33,708.78","33,546.11","351.54M","0.27%"
"06/06/2023","33,573.28","33,547.67","33,631.25","33,399.69","295.70M","0.03%"
"06/05/2023","33,562.86","33,771.13","33,804.22","33,552.79","371.10M","-0.59%"
"06/02/2023","33,762.76","33,187.58","33,805.00","33,187.58","389.26M","2.12%"
"06/01/2023","33,061.57","32,929.85","33,167.75","32,704.51","349.46M","0.47%"
"05/31/2023","32,908.27","32,948.71","32,984.83","32,739.73","695.13M","-0.41%"
"05/30/2023","33,042.78","33,103.65","33,132.70","32,893.97","324.22M","-0.15%"
"05/26/2023","33,093.34","32,795.50","33,162.06","32,795.50","333.80M","1.00%"
"05/25/2023","32,764.65","32,854.26","32,870.43","32,586.56","371.26M","-0.11%"
"05/24/2023","32,799.92","33,021.76","33,031.75","32,752.44","253.32M","-0.77%"
"05/23/2023","33,055.51","33,190.60","33,310.17","33,013.29","294.26M","-0.69%"
"05/22/2023","33,286.58","33,408.54","33,512.30","33,207.85","271.48M","-0.42%"
"05/19/2023","33,426.63","33,582.95","33,652.90","33,336.66","315.21M","-0.33%"
"05/18/2023","33,535.91","33,374.56","33,579.91","33,212.09","333.07M","0.34%"
"05/17/2023","33,420.77","33,092.48","33,472.38","33,050.41","310.71M","1.24%"
"05/16/2023","33,012.14","33,275.37","33,290.85","33,006.19","247.67M","-1.01%"
"05/15/2023","33,348.60","33,321.21","33,400.30","33,161.93","224.52M","0.14%"
"05/12/2023","33,300.62","33,370.58","33,406.40","33,110.61","228.72M","-0.03%"
"05/11/2023","33,309.51","33,383.89","33,389.88","33,127.70","306.79M","-0.66%"
"05/10/2023","33,531.33","33,707.20","33,772.09","33,239.45","278.73M","-0.09%"
"05/09/2023","33,561.81","33,589.85","33,656.40","33,509.72","235.14M","-0.17%"
"05/08/2023","33,618.69","33,715.15","33,747.49","33,509.23","225.68M","-0.17%"
"05/05/2023","33,674.38","33,248.55","33,748.43","33,248.55","318.57M","1.65%"
"05/04/2023","33,127.74","33,347.78","33,354.86","32,937.50","317.32M","-0.86%"
"05/03/2023","33,414.24","33,726.64","33,811.84","33,396.05","292.78M","-0.80%"
"05/02/2023","33,684.53","34,017.62","34,017.75","33,436.66","275.73M","-1.08%"
"05/01/2023","34,051.70","34,116.81","34,257.83","34,030.14","248.60M","-0.14%"
"04/28/2023","34,098.16","33,797.43","34,104.56","33,728.37","358.27M","0.80%"
"04/27/2023","33,826.16","33,381.66","33,859.75","33,374.65","347.46M","1.57%"
"04/26/2023","33,301.87","33,596.34","33,645.83","33,235.85","325.37M","-0.68%"
"04/25/2023","33,530.83","33,828.34","33,875.49","33,525.39","302.75M","-1.02%"
"04/24/2023","33,875.40","33,805.04","33,891.15","33,726.09","260.22M","0.20%"
"04/21/2023","33,808.96","33,793.60","33,858.83","33,688.57","294.96M","0.07%"
"04/20/2023","33,786.62","33,740.60","33,875.39","33,677.74","309.68M","-0.33%"
"04/19/2023","33,897.01","33,889.83","33,957.98","33,814.65","254.11M","-0.23%"
"04/18/2023","33,976.63","33,965.16","34,018.62","33,791.89","256.48M","-0.03%"
"04/17/2023","33,987.18","33,930.46","33,991.23","33,796.91","235.83M","0.30%"
"04/14/2023","33,886.47","33,981.71","34,082.94","33,730.85","276.72M","-0.42%"
"04/13/2023","34,029.69","33,668.97","34,054.99","33,605.17","277.24M","1.14%"
"04/12/2023","33,646.50","33,764.21","33,895.43","33,593.32","260.31M","-0.11%"
"04/11/2023","33,684.79","33,586.75","33,781.29","33,586.75","241.44M","0.29%"
"04/10/2023","33,586.52","33,425.25","33,590.24","33,343.43","232.92M","0.30%"
"04/06/2023","33,485.29","33,420.96","33,525.96","33,325.37","258.68M","0.01%"
"04/05/2023","33,482.72","33,394.60","33,543.84","33,376.27","288.10M","0.24%"
"04/04/2023","33,402.38","33,594.79","33,634.72","33,275.62","287.79M","-0.59%"
"04/03/2023","33,601.15","33,245.78","33,632.90","33,245.78","316.61M","0.98%"
"03/31/2023","33,274.15","32,901.96","33,291.00","32,901.96","353.74M","1.26%"
"03/30/2023","32,859.03","32,807.43","32,905.80","32,682.87","289.10M","0.43%"
"03/29/2023","32,717.60","32,566.54","32,728.04","32,539.94","317.45M","1.00%"
"03/28/2023","32,394.25","32,434.85","32,551.01","32,295.50","248.56M","-0.12%"
"03/27/2023","32,432.08","32,276.72","32,564.00","32,276.72","291.56M","0.60%"
"03/24/2023","32,237.53","32,038.22","32,257.24","31,805.18","317.08M","0.41%"
"03/23/2023","32,105.25","32,101.49","32,511.49","31,864.74","335.43M","0.23%"
"03/22/2023","32,030.11","32,570.19","32,761.89","32,020.46","333.03M","-1.63%"
"03/21/2023","32,560.60","32,420.71","32,593.68","32,346.12","367.47M","0.98%"
"03/20/2023","32,244.58","31,872.33","32,280.07","31,872.33","360.21M","1.20%"
"03/17/2023","31,861.98","32,217.32","32,217.32","31,728.70","722.09M","-1.19%"
"03/16/2023","32,246.55","31,827.65","32,281.61","31,571.46","444.39M","1.17%"
"03/15/2023","31,874.57","31,759.87","31,906.47","31,429.82","428.11M","-0.87%"
"03/14/2023","32,155.40","32,055.29","32,306.59","31,805.40","395.73M","1.06%"
"03/13/2023","31,819.14","31,819.93","32,240.35","31,624.87","431.15M","-0.28%"
"03/10/2023","31,909.64","32,185.14","32,422.10","31,783.41","400.24M","-1.07%"
"03/09/2023","32,254.86","32,876.83","32,990.46","32,190.60","318.64M","-1.66%"
"03/08/2023","32,798.40","32,872.08","32,903.44","32,612.70","242.76M","-0.18%"
"03/07/2023","32,856.46","33,428.31","33,453.25","32,838.21","301.59M","-1.72%"
"03/06/2023","33,431.44","33,425.32","33,572.22","33,383.47","329.82M","0.12%"
"03/03/2023","33,390.97","33,076.33","33,405.82","33,008.41","302.95M","1.17%"
"03/02/2023","33,003.57","32,780.97","33,083.45","32,665.85","319.32M","1.05%"
"03/01/2023","32,661.84","32,656.37","32,746.15","32,500.71","296.34M","0.02%"
"02/28/2023","32,656.70","32,873.47","32,873.47","32,636.43","308.69M","-0.71%"
"02/27/2023","32,889.09","32,906.16","33,189.28","32,814.18","246.23M","0.22%"
"02/24/2023","32,816.92","32,999.19","32,999.19","32,643.48","277.12M","-1.02%"
"02/23/2023","33,153.91","33,175.39","33,272.40","32,795.67","288.13M","0.33%"
"02/22/2023","33,045.09","33,169.33","33,245.97","32,948.27","325.33M","-0.26%"
"02/21/2023","33,129.59","33,699.69","33,699.69","33,115.74","348.32M","-2.06%"
"02/17/2023","33,826.69","33,677.01","33,846.64","33,517.73","303.77M","0.39%"
"02/16/2023","33,696.85","33,992.09","34,041.16","33,686.59","317.54M","-1.26%"
"02/15/2023","34,128.05","34,008.63","34,130.49","33,833.10","269.85M","0.11%"
"02/14/2023","34,089.27","34,194.09","34,331.47","33,827.45","291.75M","-0.46%"
"02/13/2023","34,245.93","33,887.39","34,249.60","33,887.39","303.58M","1.11%"
"02/10/2023","33,869.27","33,671.54","33,897.31","33,591.99","289.72M","0.50%"
"02/09/2023","33,699.88","34,105.61","34,252.57","33,607.13","347.53M","-0.73%"
"02/08/2023","33,949.01","34,132.90","34,161.65","33,899.79","324.09M","-0.61%"
"02/07/2023","34,156.69","33,769.78","34,240.00","33,634.10","361.63M","0.78%"
"02/06/2023","33,891.02","33,874.44","33,962.84","33,683.58","296.40M","-0.10%"
"02/03/2023","33,926.01","33,926.30","34,179.58","33,813.86","425.15M","-0.38%"
"02/02/2023","34,053.94","34,129.30","34,145.14","33,814.78","442.57M","-0.11%"
"02/01/2023","34,092.96","34,039.60","34,334.70","33,581.42","370.13M","0.02%"
"01/31/2023","34,086.04","33,803.56","34,095.23","33,664.91","360.25M","1.09%"
"01/30/2023","33,717.09","33,909.21","34,055.29","33,695.18","346.04M","-0.77%"
"01/27/2023","33,978.08","33,952.93","34,164.33","33,830.85","444.13M","0.08%"
"01/26/2023","33,949.41","33,771.66","33,953.79","33,635.60","333.74M","0.61%"
"01/25/2023","33,743.84","33,538.36","33,773.09","33,273.21","344.39M","0.03%"
"01/24/2023","33,733.96","33,444.72","33,782.92","33,310.56","305.71M","0.31%"
"01/23/2023","33,629.56","33,439.56","33,782.88","33,316.25","357.54M","0.76%"
"01/20/2023","33,375.49","33,073.46","33,381.95","32,948.93","369.42M","1.00%"
"01/19/2023","33,044.56","33,171.35","33,227.49","32,982.05","321.33M","-0.76%"
"01/18/2023","33,296.96","33,948.49","34,016.53","33,269.90","354.57M","-1.81%"
"01/17/2023","33,910.85","34,222.32","34,269.97","33,860.67","355.39M","-1.14%"
"01/13/2023","34,302.61","34,075.31","34,342.32","33,915.49","274.12M","0.33%"
"01/12/2023","34,189.97","34,047.86","34,292.67","33,792.10","308.20M","0.64%"
"01/11/2023","33,973.01","33,754.03","33,974.69","33,711.04","301.65M","0.80%"
"01/10/2023","33,704.10","33,516.43","33,726.54","33,421.80","269.50M","0.56%"
"01/09/2023","33,517.65","33,664.39","33,935.11","33,487.66","327.85M","-0.34%"
"01/06/2023","33,630.61","33,055.30","33,710.66","32,997.39","365.50M","2.13%"
"01/05/2023","32,930.08","33,191.72","33,191.72","32,812.33","342.66M","-1.02%"
"01/04/2023","33,269.77","33,165.14","33,409.10","33,033.48","383.35M","0.40%"
"01/03/2023","33,136.37","33,148.90","33,387.52","32,850.57","358.61M","-0.03%"
"12/30/2022","33,147.25","33,121.61","33,152.55","32,847.82","296.19M","-0.22%"
"12/29/2022","33,220.80","33,021.43","33,293.42","33,020.35","245.84M","1.05%"
"12/28/2022","32,875.71","33,264.76","33,379.55","32,869.15","254.30M","-1.10%"
"12/27/2022","33,241.56","33,224.23","33,387.72","33,069.58","246.02M","0.11%"
"12/23/2022","33,203.93","32,961.06","33,226.14","32,814.02","221.05M","0.53%"
"12/22/2022","33,027.49","33,233.35","33,233.35","32,573.43","342.11M","-1.05%"
"12/21/2022","33,376.48","33,028.09","33,437.84","33,028.09","328.02M","1.60%"
"12/20/2022","32,849.74","32,735.24","32,992.23","32,649.45","303.98M","0.28%"
"12/19/2022","32,757.54","32,921.45","33,038.94","32,581.97","330.04M","-0.49%"
"12/16/2022","32,920.46","33,166.46","33,166.46","32,654.59","788.12M","-0.85%"
"12/15/2022","33,202.22","33,773.00","33,773.00","33,016.16","394.30M","-2.25%"
"12/14/2022","33,966.35","34,086.07","34,395.65","33,704.17","344.32M","-0.42%"
"12/13/2022","34,108.64","34,268.44","34,712.28","33,890.88","443.98M","0.30%"
"12/12/2022","34,005.04","33,519.50","34,005.04","33,519.50","321.12M","1.58%"
"12/09/2022","33,476.46","33,746.71","33,844.63","33,462.65","292.62M","-0.90%"
"12/08/2022","33,781.48","33,695.97","33,899.17","33,642.46","272.73M","0.55%"
"12/07/2022","33,597.92","33,556.40","33,774.27","33,503.67","295.40M","0.00%"
"12/06/2022","33,596.34","33,936.87","34,006.63","33,418.59","307.79M","-1.03%"
"12/05/2022","33,947.10","34,335.73","34,335.73","33,846.81","315.96M","-1.40%"
"12/02/2022","34,429.88","34,265.45","34,483.21","34,039.73","291.06M","0.10%"
"12/01/2022","34,395.01","34,533.59","34,595.51","34,129.35","349.58M","-0.56%"
"11/30/2022","34,589.77","33,795.43","34,589.77","33,583.77","552.49M","2.18%"
"11/29/2022","33,852.53","33,847.80","33,933.91","33,662.45","282.17M","0.01%"
"11/28/2022","33,849.46","34,275.91","34,303.88","33,799.35","303.02M","-1.45%"
"11/25/2022","34,347.03","34,213.04","34,386.51","34,199.57","131.93M","0.45%"
"11/23/2022","34,194.06","34,091.57","34,262.07","34,004.64","236.82M","0.28%"
"11/22/2022","34,098.10","33,810.05","34,115.70","33,810.05","279.60M","1.18%"
"11/21/2022","33,700.28","33,760.30","33,864.59","33,559.18","352.96M","-0.13%"
"11/18/2022","33,745.69","33,606.59","33,827.94","33,540.64","314.53M","0.59%"
"11/17/2022","33,546.32","33,329.27","33,616.02","33,239.75","321.57M","-0.02%"
"11/16/2022","33,553.83","33,554.93","33,682.83","33,516.99","305.54M","-0.12%"
"11/15/2022","33,592.92","33,755.94","33,987.06","33,320.20","391.84M","0.17%"
"11/14/2022","33,536.70","33,662.05","33,964.30","33,533.96","360.59M","-0.63%"
"11/11/2022","33,747.86","33,797.75","33,817.96","33,394.43","430.72M","0.10%"
"11/10/2022","33,715.37","33,263.91","33,727.73","33,167.82","488.26M","3.70%"
"11/09/2022","32,513.94","33,004.47","33,065.11","32,478.87","360.82M","-1.95%"
"11/08/2022","33,160.83","32,934.56","33,355.39","32,831.46","342.88M","1.02%"
"11/07/2022","32,827.00","32,454.10","32,895.59","32,424.99","341.10M","1.31%"
"11/04/2022","32,403.22","32,265.01","32,611.52","31,938.92","425.48M","1.26%"
"11/03/2022","32,001.25","31,985.05","32,185.71","31,727.05","357.27M","-0.46%"
"11/02/2022","32,147.76","32,576.28","33,071.93","32,139.77","399.65M","-1.55%"
"11/01/2022","32,653.20","32,862.79","32,975.48","32,485.23","325.57M","-0.24%"
"10/31/2022","32,732.95","32,754.27","32,883.86","32,586.93","394.10M","-0.39%"
"10/28/2022","32,861.80","32,204.31","32,889.81","32,158.38","499.42M","2.59%"
"10/27/2022","32,033.28","32,062.14","32,388.42","31,993.21","392.53M","0.61%"
"10/26/2022","31,839.11","31,738.44","32,172.42","31,738.44","430.40M","0.01%"
"10/25/2022","31,836.74","31,463.65","31,876.15","31,423.53","342.09M","1.07%"
"10/24/2022","31,499.62","31,187.32","31,603.63","31,161.41","345.04M","1.34%"
"10/21/2022","31,082.56","30,291.18","31,119.27","30,206.28","418.19M","2.47%"
"10/20/2022","30,333.59","30,411.92","30,822.96","30,265.20","333.19M","-0.30%"
"10/19/2022","30,423.81","30,439.04","30,662.11","30,226.90","315.54M","-0.33%"
"10/18/2022","30,523.80","30,697.52","30,837.90","30,301.83","390.76M","1.12%"
"10/17/2022","30,185.82","30,059.58","30,311.95","29,997.62","374.23M","1.86%"
"10/14/2022","29,634.83","30,192.21","30,428.82","29,614.30","380.98M","-1.34%"
"10/13/2022","30,038.72","28,755.83","30,168.54","28,660.94","472.67M","2.83%"
"10/12/2022","29,210.85","29,233.06","29,455.12","29,136.03","306.53M","-0.10%"
"10/11/2022","29,239.19","29,085.20","29,608.42","29,074.23","358.47M","0.12%"
"10/10/2022","29,202.88","29,419.09","29,485.82","29,010.41","318.47M","-0.32%"
"10/07/2022","29,296.79","29,685.27","29,685.27","29,142.66","370.38M","-2.11%"
"10/06/2022","29,926.94","30,206.13","30,329.61","29,859.34","308.95M","-1.15%"
"10/05/2022","30,273.87","30,078.36","30,454.46","29,886.44","292.04M","-0.14%"
"10/04/2022","30,316.32","29,826.67","30,325.05","29,826.67","379.03M","2.80%"
"10/03/2022","29,490.89","28,855.25","29,647.79","28,855.25","397.83M","2.66%"
"09/30/2022","28,725.51","29,123.03","29,355.78","28,715.85","466.86M","-1.71%"
"09/29/2022","29,225.61","29,513.73","29,513.73","28,997.34","392.42M","-1.54%"
"09/28/2022","29,683.74","29,198.92","29,811.78","29,114.97","439.14M","1.88%"
"09/27/2022","29,134.99","29,419.88","29,659.12","28,958.22","356.59M","-0.43%"
"09/26/2022","29,260.81","29,536.84","29,630.77","29,161.12","374.49M","-1.11%"
"09/23/2022","29,590.41","29,955.65","29,955.65","29,250.47","389.45M","-1.62%"
"09/22/2022","30,076.68","30,204.52","30,302.28","29,994.53","335.27M","-0.35%"
"09/21/2022","30,183.78","30,819.39","31,020.79","30,181.99","354.96M","-1.70%"
"09/20/2022","30,706.23","30,888.53","30,888.53","30,465.91","320.69M","-1.01%"
"09/19/2022","31,019.68","30,722.86","31,026.89","30,559.37","296.57M","0.64%"
"09/16/2022","30,822.42","30,866.61","30,866.61","30,550.08","627.92M","-0.45%"
"09/15/2022","30,961.82","31,124.68","31,277.69","30,882.08","349.09M","-0.56%"
"09/14/2022","31,135.09","31,141.02","31,276.82","30,885.02","353.88M","0.10%"
"09/13/2022","31,104.97","32,006.50","32,006.50","31,018.54","433.80M","-3.94%"
"09/12/2022","32,381.34","32,159.49","32,504.04","32,159.49","343.96M","0.71%"
"09/09/2022","32,151.71","31,876.22","32,227.74","31,876.22","312.40M","1.19%"
"09/08/2022","31,774.52","31,481.95","31,783.37","31,321.50","344.34M","0.61%"
"09/07/2022","31,581.28","31,145.63","31,644.34","31,095.21","355.10M","1.40%"
"09/06/2022","31,145.30","31,343.79","31,463.89","31,048.46","348.98M","-0.55%"
"09/02/2022","31,318.44","31,848.50","32,026.90","31,182.09","306.18M","-1.07%"
"09/01/2022","31,656.42","31,454.58","31,677.51","31,219.75","339.36M","0.46%"
"08/31/2022","31,510.43","31,827.15","31,966.04","31,509.59","392.78M","-0.88%"
"08/30/2022","31,790.87","32,163.84","32,205.66","31,647.22","328.64M","-0.96%"
"08/29/2022","32,098.99","32,188.00","32,325.16","31,972.79","320.09M","-0.57%"
"08/26/2022","32,283.40","33,293.43","33,364.70","32,278.22","352.85M","-3.03%"
"08/25/2022","33,291.78","33,029.27","33,306.09","32,889.85","308.53M","0.98%"
"08/24/2022","32,969.23","32,899.01","33,095.50","32,828.56","258.94M","0.18%"
"08/23/2022","32,909.59","33,033.52","33,138.26","32,858.89","254.46M","-0.47%"
"08/22/2022","33,063.61","33,586.59","33,586.59","33,007.63","308.90M","-1.91%"
"08/19/2022","33,706.74","33,904.69","33,904.69","33,627.09","298.43M","-0.86%"
"08/18/2022","33,999.04","33,981.86","34,043.83","33,844.46","284.14M","0.06%"
"08/17/2022","33,980.32","34,029.55","34,161.01","33,828.41","285.73M","-0.50%"
"08/16/2022","34,152.01","33,924.35","34,281.36","33,852.57","291.75M","0.71%"
"08/15/2022","33,912.44","33,710.70","33,954.71","33,582.96","263.72M","0.45%"
"08/12/2022","33,761.05","33,430.72","33,767.09","33,398.32","299.14M","1.27%"
"08/11/2022","33,336.67","33,451.51","33,651.80","33,289.83","309.72M","0.08%"
"08/10/2022","33,309.51","33,130.63","33,364.41","33,130.63","317.91M","1.63%"
"08/09/2022","32,774.41","32,807.36","32,877.53","32,702.66","283.45M","-0.18%"
"08/08/2022","32,832.54","32,877.36","33,109.96","32,769.10","279.11M","0.09%"
"08/05/2022","32,803.47","32,593.90","32,814.61","32,489.62","276.17M","0.23%"
"08/04/2022","32,726.82","32,805.69","32,829.22","32,652.63","318.77M","-0.26%"
"08/03/2022","32,812.50","32,514.21","32,912.74","32,514.21","344.30M","1.29%"
"08/02/2022","32,396.17","32,691.29","32,772.93","32,387.12","320.39M","-1.23%"
"08/01/2022","32,798.40","32,755.71","32,972.03","32,640.79","325.50M","-0.14%"
"07/29/2022","32,845.13","32,515.62","32,910.18","32,493.02","490.27M","0.97%"
"07/28/2022","32,529.63","32,197.62","32,609.54","31,982.61","350.63M","1.03%"
"07/27/2022","32,197.59","31,865.05","32,336.23","31,799.43","367.62M","1.37%"
"07/26/2022","31,761.54","31,950.04","31,950.04","31,705.36","330.70M","-0.71%"
"07/25/2022","31,990.04","31,950.93","32,029.03","31,821.67","264.61M","0.28%"
"07/22/2022","31,899.29","32,167.92","32,219.25","31,731.47","320.97M","-0.43%"
"07/21/2022","32,036.90","31,826.49","32,040.63","31,534.08","304.09M","0.51%"
"07/20/2022","31,874.84","31,829.99","31,944.45","31,646.95","319.14M","0.15%"
"07/19/2022","31,827.05","31,165.91","31,842.25","31,165.91","379.95M","2.43%"
"07/18/2022","31,072.61","31,475.98","31,644.68","30,982.97","309.96M","-0.69%"
"07/15/2022","31,288.26","30,775.37","31,288.26","30,775.37","337.39M","2.15%"
"07/14/2022","30,630.17","30,451.80","30,680.12","30,143.93","327.45M","-0.46%"
"07/13/2022","30,772.79","30,743.63","30,979.17","30,514.61","293.83M","-0.67%"
"07/12/2022","30,981.33","31,113.31","31,346.10","30,860.51","325.91M","-0.62%"
"07/11/2022","31,173.84","31,277.98","31,367.55","31,114.40","249.43M","-0.52%"
"07/08/2022","31,338.15","31,348.43","31,511.46","31,212.45","241.13M","-0.15%"
"07/07/2022","31,384.55","31,190.65","31,421.84","31,154.64","296.62M","1.12%"
"07/06/2022","31,037.68","30,957.30","31,224.69","30,794.84","292.71M","0.23%"
"07/05/2022","30,967.82","30,903.12","30,971.74","30,355.12","328.20M","-0.42%"
"07/01/2022","31,097.26","30,737.77","31,139.35","30,487.79","313.35M","1.05%"
"06/30/2022","30,775.43","30,790.00","30,979.85","30,431.87","397.27M","-0.82%"
"06/29/2022","31,029.31","31,067.41","31,152.96","30,894.53","273.97M","0.27%"
"06/28/2022","30,946.99","31,549.05","31,885.09","30,934.33","353.77M","-1.56%"
"06/27/2022","31,438.26","31,533.60","31,598.59","31,351.37","313.93M","-0.20%"
"06/24/2022","31,500.68","30,846.94","31,517.29","30,846.94","470.38M","2.68%"
"06/23/2022","30,677.36","30,570.33","30,715.63","30,293.40","362.91M","0.64%"
"06/22/2022","30,483.13","30,352.57","30,777.92","30,166.01","345.82M","-0.15%"
"06/21/2022","30,530.25","30,074.69","30,653.98","30,074.69","379.35M","2.15%"
"06/17/2022","29,888.78","29,912.70","30,167.52","29,653.29","692.83M","-0.13%"
"06/16/2022","29,927.07","30,305.74","30,305.74","29,740.35","444.89M","-2.42%"
"06/15/2022","30,668.53","30,570.50","31,011.97","30,185.08","394.57M","1.00%"
"06/14/2022","30,364.83","30,592.34","30,690.80","30,144.23","368.80M","-0.50%"
"06/13/2022","30,516.74","31,144.91","31,144.91","30,373.72","480.50M","-2.79%"
"06/10/2022","31,392.79","32,053.52","32,053.52","31,387.84","364.81M","-2.73%"
"06/09/2022","32,272.79","32,828.62","32,956.73","32,267.78","289.71M","-1.94%"
"06/08/2022","32,910.90","33,087.07","33,156.50","32,824.37","273.29M","-0.81%"
"06/07/2022","33,180.14","32,783.03","33,207.45","32,641.85","278.20M","0.80%"
"06/06/2022","32,915.78","33,032.04","33,235.37","32,819.50","258.40M","0.05%"
"06/03/2022","32,899.70","32,986.32","33,135.61","32,839.21","298.57M","-1.05%"
"06/02/2022","33,248.28","32,809.01","33,248.61","32,509.43","331.19M","1.33%"
"06/01/2022","32,813.23","33,156.31","33,272.34","32,584.76","338.21M","-0.54%"
"05/31/2022","32,990.12","33,160.59","33,240.22","32,752.34","549.81M","-0.67%"
"05/27/2022","33,212.96","32,735.09","33,213.62","32,682.01","331.19M","1.76%"
"05/26/2022","32,637.19","32,248.17","32,774.14","32,248.17","352.82M","1.61%"
"05/25/2022","32,120.28","31,816.31","32,254.44","31,754.33","348.46M","0.60%"
"05/24/2022","31,928.62","31,717.61","32,014.86","31,365.59","382.95M","0.15%"
"05/23/2022","31,880.24","31,395.89","31,968.42","31,395.89","405.83M","1.98%"
"05/20/2022","31,261.90","31,426.94","31,515.78","30,635.76","498.89M","0.03%"
"05/19/2022","31,253.13","31,262.62","31,569.13","31,016.41","517.19M","-0.75%"
"05/18/2022","31,490.07","32,468.67","32,468.67","31,393.95","465.06M","-3.57%"
"05/17/2022","32,654.59","32,427.00","32,689.14","32,308.15","389.31M","1.34%"
"05/16/2022","32,223.42","32,152.15","32,514.02","31,928.18","332.70M","0.08%"
"05/13/2022","32,196.66","31,963.86","32,276.05","31,862.79","388.52M","1.47%"
"05/12/2022","31,730.30","31,699.04","31,914.46","31,228.22","544.24M","-0.33%"
"05/11/2022","31,834.11","32,123.24","32,584.02","31,798.86","458.46M","-1.02%"
"05/10/2022","32,160.74","32,504.09","32,752.17","31,887.89","440.67M","-0.26%"
"05/09/2022","32,245.70","32,685.17","32,685.17","32,121.98","475.11M","-1.99%"
"05/06/2022","32,899.37","32,773.88","33,055.84","32,474.69","418.14M","-0.30%"
"05/05/2022","32,997.97","33,854.17","33,854.17","32,685.10","448.42M","-3.12%"
"05/04/2022","34,061.06","33,171.80","34,117.74","33,021.84","412.37M","2.81%"
"05/03/2022","33,128.79","33,086.09","33,341.58","32,914.75","364.42M","0.20%"
"05/02/2022","33,061.50","32,978.49","33,224.95","32,449.87","453.39M","0.26%"
"04/29/2022","32,977.21","33,787.01","33,919.59","32,913.15","501.56M","-2.77%"
"04/28/2022","33,916.39","33,425.96","34,054.79","33,248.46","451.60M","1.85%"
"04/27/2022","33,301.93","33,450.92","33,697.18","33,108.89","456.29M","0.19%"
"04/26/2022","33,240.18","33,907.49","33,909.51","33,230.95","403.70M","-2.38%"
"04/25/2022","34,049.46","33,731.65","34,106.01","33,323.37","418.00M","0.70%"
"04/22/2022","33,811.40","34,727.38","34,727.38","33,773.39","373.28M","-2.82%"
"04/21/2022","34,792.76","35,258.80","35,492.22","34,723.82","371.92M","-1.05%"
"04/20/2022","35,160.79","34,962.67","35,315.40","34,962.67","338.74M","0.71%"
"04/19/2022","34,911.20","34,394.62","34,983.11","34,394.62","303.44M","1.45%"
"04/18/2022","34,411.69","34,411.49","34,618.29","34,279.08","268.82M","-0.11%"
"04/14/2022","34,451.23","34,628.46","34,889.17","34,437.50","353.68M","-0.33%"
"04/13/2022","34,564.59","34,166.64","34,598.36","34,140.64","313.63M","1.01%"
"04/12/2022","34,220.36","34,412.51","34,669.97","34,102.81","333.51M","-0.26%"
"04/11/2022","34,308.08","34,630.27","34,701.34","34,272.29","336.63M","-1.19%"
"04/08/2022","34,721.12","34,569.24","34,908.46","34,470.19","306.19M","0.40%"
"04/07/2022","34,583.57","34,439.24","34,705.83","34,190.95","324.81M","0.25%"
"04/06/2022","34,496.51","34,520.34","34,609.84","34,277.17","386.25M","-0.42%"
"04/05/2022","34,641.18","34,876.33","35,112.21","34,566.04","308.98M","-0.80%"
"04/04/2022","34,921.88","34,799.98","34,940.78","34,615.38","317.56M","0.30%"
"04/01/2022","34,818.27","34,740.89","34,847.91","34,538.25","346.81M","0.40%"
"03/31/2022","34,678.35","35,201.52","35,201.52","34,677.99","438.36M","-1.56%"
"03/30/2022","35,228.81","35,273.63","35,361.36","35,058.58","324.67M","-0.19%"
"03/29/2022","35,294.19","35,114.35","35,372.26","35,030.07","355.05M","0.97%"
"03/28/2022","34,955.89","34,833.03","34,957.93","34,552.23","302.86M","0.27%"
"03/25/2022","34,861.24","34,702.39","34,942.70","34,631.52","287.07M","0.44%"
"03/24/2022","34,707.94","34,406.81","34,713.56","34,355.42","324.87M","1.02%"
"03/23/2022","34,358.50","34,748.84","34,748.84","34,352.96","349.59M","-1.29%"
"03/22/2022","34,807.46","34,583.24","34,882.03","34,583.24","368.55M","0.74%"
"03/21/2022","34,552.99","34,669.85","34,808.28","34,341.81","408.49M","-0.58%"
"03/18/2022","34,754.93","34,466.72","34,755.20","34,279.83","627.89M","0.80%"
"03/17/2022","34,480.76","33,995.39","34,483.92","33,896.06","339.47M","1.23%"
"03/16/2022","34,063.10","33,653.93","34,075.94","33,391.24","430.18M","1.55%"
"03/15/2022","33,544.34","32,989.27","33,620.84","32,989.27","394.82M","1.82%"
"03/14/2022","32,945.24","33,000.37","33,395.59","32,818.16","401.15M","0.00%"
"03/11/2022","32,944.19","33,279.72","33,515.61","32,911.89","369.48M","-0.69%"
"03/10/2022","33,174.07","33,106.77","33,236.59","32,819.76","399.48M","-0.34%"
"03/09/2022","33,286.25","32,860.42","33,457.28","32,860.42","421.55M","2.00%"
"03/08/2022","32,632.64","32,885.17","33,402.98","32,578.73","553.75M","-0.56%"
"03/07/2022","32,817.38","33,579.75","33,579.75","32,806.15","493.67M","-2.37%"
"03/04/2022","33,614.80","33,655.43","33,655.43","33,254.12","412.93M","-0.53%"
"03/03/2022","33,794.66","33,972.87","34,179.07","33,641.53","369.87M","-0.29%"
"03/02/2022","33,891.35","33,379.51","34,013.67","33,379.51","402.81M","1.79%"
"03/01/2022","33,294.95","33,813.48","33,870.14","33,107.67","442.31M","-1.76%"
"02/28/2022","33,892.60","33,870.62","33,963.63","33,469.31","451.81M","-0.49%"
"02/25/2022","34,058.75","33,277.22","34,095.74","33,277.22","421.17M","2.51%"
"02/24/2022","33,223.83","32,830.33","33,269.34","32,272.64","593.19M","0.28%"
"02/23/2022","33,131.76","33,680.97","33,832.59","33,084.90","376.49M","-1.38%"
"02/22/2022","33,596.61","33,974.09","34,024.74","33,364.29","438.32M","-1.42%"
"02/18/2022","34,079.18","34,310.45","34,423.58","33,976.18","414.08M","-0.68%"
"02/17/2022","34,312.03","34,858.47","34,858.47","34,246.23","351.85M","-1.78%"
"02/16/2022","34,934.27","34,951.83","35,042.09","34,642.64","309.36M","-0.16%"
"02/15/2022","34,988.84","34,686.19","35,047.79","34,686.19","305.67M","1.22%"
"02/14/2022","34,566.17","34,694.50","34,744.56","34,304.28","373.41M","-0.49%"
"02/11/2022","34,738.06","35,267.89","35,431.15","34,620.52","410.40M","-1.43%"
"02/10/2022","35,241.59","35,630.81","35,800.24","35,100.72","416.71M","-1.47%"
"02/09/2022","35,768.06","35,614.90","35,824.28","35,614.90","339.61M","0.86%"
"02/08/2022","35,462.78","35,160.68","35,544.89","35,090.42","333.94M","1.06%"
"02/07/2022","35,091.13","35,108.38","35,325.01","34,993.98","328.91M","0.00%"
"02/04/2022","35,089.74","35,095.74","35,333.55","34,799.08","349.88M","-0.06%"
"02/03/2022","35,111.16","35,520.08","35,535.94","35,071.06","390.18M","-1.45%"
"02/02/2022","35,629.33","35,378.19","35,679.20","35,290.12","364.06M","0.63%"
"02/01/2022","35,405.24","35,151.47","35,441.09","34,977.95","394.90M","0.78%"
"01/31/2022","35,131.86","34,691.17","35,148.14","34,496.10","474.44M","1.17%"
"01/28/2022","34,725.47","34,135.24","34,731.77","33,807.51","568.44M","1.65%"
"01/27/2022","34,160.78","34,261.75","34,773.32","34,007.78","527.78M","-0.02%"
"01/26/2022","34,168.09","34,520.82","34,815.67","33,876.48","549.31M","-0.38%"
"01/25/2022","34,297.73","34,186.64","34,591.04","33,545.52","522.19M","-0.19%"
"01/24/2022","34,364.50","34,070.61","34,420.99","33,150.33","678.12M","0.29%"
"01/21/2022","34,265.37","34,701.69","34,896.67","34,229.55","523.88M","-1.30%"
"01/20/2022","34,715.39","35,102.66","35,490.20","34,670.12","369.07M","-0.89%"
"01/19/2022","35,028.65","35,412.30","35,547.83","35,015.49","393.08M","-0.96%"
"01/18/2022","35,368.47","35,661.76","35,661.76","35,262.02","427.26M","-1.51%"
"01/14/2022","35,911.81","35,996.43","35,996.43","35,641.49","396.47M","-0.56%"
"01/13/2022","36,113.62","36,312.49","36,513.88","36,044.22","349.74M","-0.49%"
"01/12/2022","36,290.32","36,336.16","36,453.49","36,168.15","317.86M","0.11%"
"01/11/2022","36,252.02","36,058.85","36,271.47","35,769.38","363.19M","0.51%"
"01/10/2022","36,068.87","36,175.21","36,175.21","35,639.91","440.30M","-0.45%"
"01/07/2022","36,231.66","36,249.59","36,382.84","36,111.53","361.42M","-0.01%"
"01/06/2022","36,236.47","36,409.05","36,464.19","36,200.68","390.19M","-0.47%"
"01/05/2022","36,407.11","36,722.60","36,952.65","36,400.39","468.46M","-1.07%"
"01/04/2022","36,799.65","36,636.00","36,934.84","36,636.00","435.08M","0.59%"
"01/03/2022","36,585.06","36,321.59","36,595.82","36,246.45","347.93M","0.68%"
"12/31/2021","36,338.30","36,385.85","36,484.94","36,303.97","218.21M","-0.16%"
"12/30/2021","36,398.08","36,522.48","36,679.44","36,372.13","207.64M","-0.25%"
"12/29/2021","36,488.63","36,421.14","36,571.55","36,396.19","214.40M","0.25%"
"12/28/2021","36,398.21","36,302.99","36,527.26","36,302.99","239.09M","0.26%"
"12/27/2021","36,302.38","35,954.48","36,306.61","35,954.48","250.26M","0.98%"
"12/23/2021","35,950.56","35,782.42","36,060.99","35,782.42","250.94M","0.55%"
"12/22/2021","35,753.89","35,491.71","35,764.67","35,433.13","290.73M","0.74%"
"12/21/2021","35,492.70","35,069.50","35,508.96","35,069.50","349.67M","1.60%"
"12/20/2021","34,932.16","35,222.12","35,222.12","34,665.50","388.89M","-1.23%"
"12/17/2021","35,365.44","35,800.11","35,800.11","35,284.26","760.83M","-1.48%"
"12/16/2021","35,897.64","36,036.28","36,189.83","35,778.21","482.77M","-0.08%"
"12/15/2021","35,927.43","35,549.35","35,943.84","35,389.30","432.38M","1.08%"
"12/14/2021","35,544.18","35,605.73","35,779.47","35,441.74","451.23M","-0.30%"
"12/13/2021","35,650.95","35,958.93","35,958.93","35,609.53","451.59M","-0.89%"
"12/10/2021","35,970.99","35,830.55","35,982.69","35,710.43","361.20M","0.60%"
"12/09/2021","35,754.69","35,722.26","35,864.24","35,577.14","353.02M","0.00%"
"12/08/2021","35,754.75","35,716.85","35,840.52","35,602.65","387.65M","0.10%"
"12/07/2021","35,719.43","35,423.99","35,819.47","35,423.99","482.89M","1.40%"
"12/06/2021","35,227.03","34,633.43","35,356.75","34,633.43","418.75M","1.87%"
"12/03/2021","34,580.08","34,692.78","34,801.31","34,264.57","444.85M","-0.17%"
"12/02/2021","34,639.79","34,076.25","34,759.65","34,076.25","470.58M","1.82%"
"12/01/2021","34,022.04","34,678.94","35,004.64","34,006.98","498.38M","-1.34%"
"11/30/2021","34,483.72","35,056.99","35,056.99","34,424.44","678.80M","-1.86%"
"11/29/2021","35,135.94","35,017.71","35,287.91","34,895.89","416.04M","0.68%"
"11/26/2021","34,899.34","35,366.69","35,366.69","34,749.80","325.39M","-2.53%"
"11/24/2021","35,804.38","35,752.31","35,825.47","35,591.03","287.94M","-0.03%"
"11/23/2021","35,813.80","35,619.92","35,841.52","35,542.87","392.52M","0.55%"
"11/22/2021","35,619.25","35,631.41","35,929.66","35,615.55","420.81M","0.05%"
"11/19/2021","35,601.98","35,879.09","35,879.09","35,555.37","414.65M","-0.75%"
"11/18/2021","35,870.95","35,901.69","35,952.63","35,654.39","435.08M","-0.17%"
"11/17/2021","35,931.05","36,159.70","36,159.70","35,909.48","358.31M","-0.58%"
"11/16/2021","36,142.22","36,076.18","36,316.61","36,076.18","311.90M","0.15%"
"11/15/2021","36,087.45","36,128.83","36,236.07","36,031.78","280.66M","-0.04%"
"11/12/2021","36,100.31","35,963.78","36,147.63","35,934.59","293.18M","0.50%"
"11/11/2021","35,921.23","36,038.78","36,108.17","35,915.27","270.32M","-0.44%"
"11/10/2021","36,079.94","36,299.25","36,346.61","36,009.50","283.52M","-0.66%"
"11/09/2021","36,319.98","36,404.53","36,416.98","36,173.07","258.02M","-0.31%"
"11/08/2021","36,432.22","36,416.46","36,565.73","36,334.42","288.40M","0.29%"
"11/05/2021","36,327.95","36,268.75","36,484.75","36,190.20","344.60M","0.56%"
"11/04/2021","36,124.23","36,107.46","36,168.03","35,986.48","309.99M","-0.09%"
"11/03/2021","36,157.58","36,059.09","36,178.51","35,891.73","262.54M","0.29%"
"11/02/2021","36,052.63","35,935.11","36,088.81","35,884.13","304.51M","0.39%"
"11/01/2021","35,913.84","35,833.65","36,009.74","35,797.97","295.48M","0.26%"
"10/29/2021","35,819.56","35,712.28","35,852.53","35,633.20","407.99M","0.25%"
"10/28/2021","35,730.48","35,545.41","35,742.25","35,545.41","348.43M","0.68%"
"10/27/2021","35,490.69","35,835.43","35,835.43","35,490.43","358.08M","-0.74%"
"10/26/2021","35,756.88","35,791.05","35,892.92","35,734.73","321.91M","0.04%"
"10/25/2021","35,741.15","35,692.62","35,787.04","35,629.37","270.41M","0.18%"
"10/22/2021","35,677.02","35,607.72","35,765.02","35,533.95","349.08M","0.21%"
"10/21/2021","35,603.08","35,520.32","35,612.36","35,442.53","302.12M","-0.02%"
"10/20/2021","35,609.34","35,475.16","35,669.69","35,465.71","267.33M","0.43%"
"10/19/2021","35,457.31","35,325.37","35,462.68","35,290.12","281.26M","0.56%"
"10/18/2021","35,258.61","35,221.02","35,327.57","35,035.94","323.09M","-0.10%"
"10/15/2021","35,294.76","35,023.63","35,320.97","35,023.63","327.87M","1.09%"
"10/14/2021","34,912.56","34,443.22","34,923.83","34,443.22","338.54M","1.56%"
"10/13/2021","34,377.81","34,372.71","34,449.83","34,115.10","319.45M","0.00%"
"10/12/2021","34,378.34","34,507.15","34,611.24","34,318.94","322.03M","-0.34%"
"10/11/2021","34,496.06","34,723.79","34,951.35","34,486.51","256.82M","-0.72%"
"10/08/2021","34,746.25","34,757.57","34,842.62","34,661.95","238.08M","-0.03%"
"10/07/2021","34,754.94","34,509.72","34,975.19","34,509.72","277.05M","0.98%"
"10/06/2021","34,416.99","34,198.96","34,432.68","33,854.69","323.37M","0.30%"
"10/05/2021","34,314.67","34,035.25","34,490.95","34,035.25","312.43M","0.92%"
"10/04/2021","34,002.92","34,312.96","34,410.28","33,821.58","400.19M","-0.94%"
"10/01/2021","34,326.46","33,930.70","34,490.56","33,785.54","429.16M","1.43%"
"09/30/2021","33,843.92","34,467.98","34,557.37","33,833.32","356.20M","-1.59%"
"09/29/2021","34,390.72","34,360.08","34,580.42","34,305.96","291.04M","0.26%"
"09/28/2021","34,299.99","34,747.70","34,798.21","34,254.65","380.22M","-1.63%"
"09/27/2021","34,869.37","34,739.27","35,061.12","34,739.27","292.80M","0.21%"
"09/24/2021","34,798.00","34,762.31","34,857.06","34,648.08","256.58M","0.10%"
"09/23/2021","34,764.82","34,296.30","34,879.78","34,296.30","285.87M","1.48%"
"09/22/2021","34,258.32","34,006.87","34,440.42","34,006.87","300.08M","1.00%"
"09/21/2021","33,919.84","34,025.61","34,313.88","33,914.02","307.98M","-0.15%"
"09/20/2021","33,970.47","34,459.72","34,459.72","33,613.03","441.65M","-1.78%"
"09/17/2021","34,584.88","34,737.86","34,779.86","34,519.63","577.97M","-0.48%"
"09/16/2021","34,751.32","34,810.27","34,943.55","34,540.11","279.31M","-0.18%"
"09/15/2021","34,814.39","34,580.95","34,880.77","34,522.03","324.98M","0.68%"
"09/14/2021","34,577.57","34,906.90","34,990.36","34,510.30","329.18M","-0.84%"
"09/13/2021","34,869.63","34,665.50","34,939.10","34,665.50","334.19M","0.76%"
"09/10/2021","34,607.72","34,949.59","35,104.25","34,599.61","333.23M","-0.78%"
"09/09/2021","34,879.38","35,013.08","35,199.89","34,847.30","262.38M","-0.43%"
"09/08/2021","35,031.07","35,087.45","35,175.15","34,925.61","261.88M","-0.20%"
"09/07/2021","35,100.00","35,373.24","35,373.24","35,060.90","290.73M","-0.76%"
"09/03/2021","35,369.09","35,401.73","35,422.71","35,269.40","223.39M","-0.21%"
"09/02/2021","35,443.82","35,353.06","35,475.40","35,348.48","265.18M","0.37%"
"09/01/2021","35,312.53","35,387.55","35,407.37","35,287.05","266.57M","-0.14%"
"08/31/2021","35,360.73","35,391.38","35,449.79","35,289.86","337.24M","-0.11%"
"08/30/2021","35,399.84","35,471.80","35,510.71","35,374.46","246.81M","-0.16%"
"08/27/2021","35,455.80","35,231.11","35,479.18","35,231.11","242.14M","0.69%"
"08/26/2021","35,213.12","35,449.68","35,498.45","35,205.10","239.93M","-0.54%"
"08/25/2021","35,405.50","35,388.77","35,501.14","35,287.63","239.71M","0.11%"
"08/24/2021","35,366.26","35,382.72","35,445.47","35,356.18","230.48M","0.09%"
"08/23/2021","35,335.71","35,160.97","35,428.91","35,160.97","250.96M","0.61%"
"08/20/2021","35,120.08","34,917.96","35,177.26","34,867.07","269.55M","0.65%"
"08/19/2021","34,894.12","34,874.67","34,997.81","34,690.25","335.05M","-0.19%"
"08/18/2021","34,960.69","35,310.20","35,356.80","34,943.41","291.06M","-1.08%"
"08/17/2021","35,343.28","35,500.01","35,500.01","35,120.31","310.15M","-0.79%"
"08/16/2021","35,625.40","35,490.83","35,631.19","35,231.87","294.01M","0.31%"
"08/13/2021","35,515.38","35,551.56","35,610.57","35,474.78","238.68M","0.04%"
"08/12/2021","35,499.85","35,481.94","35,510.77","35,352.53","236.16M","0.04%"
"08/11/2021","35,484.97","35,300.89","35,501.16","35,300.89","233.04M","0.62%"
"08/10/2021","35,264.67","35,135.17","35,285.16","35,091.91","255.24M","0.46%"
"08/09/2021","35,101.85","35,229.67","35,229.67","35,041.24","207.85M","-0.30%"
"08/06/2021","35,208.51","35,077.44","35,246.79","35,077.44","231.57M","0.41%"
"08/05/2021","35,064.25","34,815.61","35,067.54","34,815.61","217.39M","0.78%"
"08/04/2021","34,792.67","35,047.44","35,047.44","34,790.62","245.30M","-0.92%"
"08/03/2021","35,116.40","34,864.10","35,120.94","34,714.33","259.82M","0.80%"
"08/02/2021","34,838.16","34,968.56","35,192.11","34,808.20","244.89M","-0.28%"
"07/30/2021","34,935.47","35,013.26","35,106.30","34,871.13","281.14M","-0.42%"
"07/29/2021","35,084.53","34,985.99","35,171.52","34,985.99","223.67M","0.44%"
"07/28/2021","34,930.93","35,109.95","35,116.37","34,876.84","347.17M","-0.36%"
"07/27/2021","35,058.52","35,078.90","35,078.90","34,878.07","335.25M","-0.24%"
"07/26/2021","35,144.31","35,055.86","35,150.37","34,950.19","264.80M","0.24%"
"07/23/2021","35,061.55","34,855.11","35,095.33","34,855.11","315.06M","0.68%"
"07/22/2021","34,823.35","34,799.68","34,879.28","34,673.03","294.65M","0.07%"
"07/21/2021","34,798.00","34,556.96","34,820.24","34,556.96","327.19M","0.83%"
"07/20/2021","34,511.99","33,981.79","34,621.79","33,981.79","388.08M","1.62%"
"07/19/2021","33,962.04","34,528.48","34,528.48","33,741.76","450.16M","-2.09%"
"07/16/2021","34,687.85","35,007.94","35,090.01","34,647.82","328.98M","-0.86%"
"07/15/2021","34,987.02","34,924.81","34,990.41","34,762.87","320.45M","0.15%"
"07/14/2021","34,933.23","34,920.83","35,069.18","34,826.87","348.66M","0.13%"
"07/13/2021","34,888.79","34,959.96","35,018.79","34,876.89","323.68M","-0.31%"
"07/12/2021","34,996.18","34,836.75","35,014.90","34,730.15","302.28M","0.36%"
"07/09/2021","34,870.16","34,457.51","34,893.72","34,457.51","301.75M","1.30%"
"07/08/2021","34,421.93","34,569.01","34,569.01","34,145.59","335.76M","-0.75%"
"07/07/2021","34,681.79","34,604.17","34,708.78","34,435.59","305.38M","0.30%"
"07/06/2021","34,577.37","34,790.16","34,814.20","34,358.42","348.43M","-0.60%"
"07/02/2021","34,786.35","34,642.42","34,821.93","34,613.49","303.06M","0.44%"
"07/01/2021","34,633.53","34,507.32","34,640.28","34,498.85","269.31M","0.38%"
"06/30/2021","34,502.51","34,290.74","34,553.16","34,245.48","298.63M","0.61%"
"06/29/2021","34,292.29","34,338.89","34,469.83","34,266.83","288.65M","0.03%"
"06/28/2021","34,283.27","34,428.10","34,449.65","34,186.13","281.29M","-0.44%"
"06/25/2021","34,433.84","34,328.10","34,501.02","34,314.80","456.03M","0.69%"
"06/24/2021","34,196.82","33,933.91","34,233.02","33,933.91","279.38M","0.95%"
"06/23/2021","33,874.24","33,948.54","34,009.40","33,869.83","257.05M","-0.21%"
"06/22/2021","33,945.58","33,872.56","34,040.70","33,751.06","285.33M","0.20%"
"06/21/2021","33,876.97","33,312.07","33,908.09","33,312.07","324.44M","1.76%"
"06/18/2021","33,290.08","33,622.70","33,622.70","33,271.93","569.38M","-1.58%"
"06/17/2021","33,823.45","34,014.38","34,091.79","33,626.61","355.92M","-0.62%"
"06/16/2021","34,033.67","34,308.48","34,333.25","33,917.11","348.03M","-0.77%"
"06/15/2021","34,299.33","34,397.10","34,420.38","34,199.16","274.13M","-0.27%"
"06/14/2021","34,393.75","34,472.52","34,472.52","34,211.54","302.55M","-0.25%"
"06/11/2021","34,479.60","34,499.81","34,618.09","34,328.65","262.62M","0.04%"
"06/10/2021","34,466.24","34,502.51","34,737.79","34,447.25","310.88M","0.06%"
"06/09/2021","34,447.14","34,626.16","34,654.67","34,439.37","246.54M","-0.44%"
"06/08/2021","34,599.82","34,645.84","34,665.38","34,452.94","296.09M","-0.09%"
"06/07/2021","34,630.24","34,766.20","34,820.91","34,574.51","259.44M","-0.36%"
"06/04/2021","34,756.39","34,618.69","34,772.12","34,618.69","271.56M","0.52%"
"06/03/2021","34,577.04","34,550.31","34,667.41","34,334.41","299.74M","-0.07%"
"06/02/2021","34,600.38","34,614.62","34,706.65","34,545.96","265.16M","0.07%"
"06/01/2021","34,575.31","34,584.19","34,849.32","34,542.87","294.79M","0.13%"
"05/28/2021","34,529.45","34,558.50","34,631.11","34,520.09","290.85M","0.19%"
"05/27/2021","34,464.64","34,432.47","34,608.82","34,389.24","520.63M","0.41%"
"05/26/2021","34,323.05","34,336.34","34,409.59","34,271.44","259.81M","0.03%"
"05/25/2021","34,312.46","34,428.66","34,511.35","34,266.03","289.95M","-0.24%"
"05/24/2021","34,393.98","34,253.87","34,472.51","34,253.87","251.81M","0.54%"
"05/21/2021","34,207.84","34,121.91","34,415.48","34,121.91","308.84M","0.36%"
"05/20/2021","34,084.15","33,906.30","34,233.40","33,872.41","324.40M","0.55%"
"05/19/2021","33,896.04","33,945.81","33,945.81","33,473.80","354.00M","-0.48%"
"05/18/2021","34,060.66","34,351.18","34,408.99","34,044.10","301.78M","-0.78%"
"05/17/2021","34,327.79","34,375.29","34,383.84","34,176.65","293.36M","-0.16%"
"05/14/2021","34,382.13","34,050.86","34,454.05","34,050.86","307.38M","1.06%"
"05/13/2021","34,021.45","33,624.74","34,181.77","33,623.49","352.81M","1.29%"
"05/12/2021","33,587.66","34,206.40","34,207.87","33,555.22","383.58M","-1.99%"
"05/11/2021","34,269.16","34,572.74","34,572.74","34,075.31","413.18M","-1.36%"
"05/10/2021","34,742.82","34,785.27","35,091.56","34,741.57","370.04M","-0.10%"
"05/07/2021","34,777.76","34,578.27","34,811.39","34,464.31","311.63M","0.66%"
"05/06/2021","34,548.53","34,245.11","34,561.29","34,185.06","317.12M","0.93%"
"05/05/2021","34,230.34","34,163.99","34,331.20","34,039.66","255.81M","0.29%"
"05/04/2021","34,133.03","34,080.20","34,147.78","33,765.68","410.17M","0.06%"
"05/03/2021","34,113.23","33,904.89","34,221.06","33,904.89","291.34M","0.70%"
"04/30/2021","33,874.85","33,988.75","33,988.75","33,784.96","376.11M","-0.54%"
"04/29/2021","34,060.36","33,855.64","34,087.21","33,744.28","409.60M","0.71%"
"04/28/2021","33,820.38","33,860.46","33,946.60","33,805.56","353.02M","-0.48%"
"04/27/2021","33,984.93","33,932.13","34,043.98","33,870.46","294.95M","0.01%"
"04/26/2021","33,981.57","34,044.23","34,148.94","33,941.37","285.41M","-0.18%"
"04/23/2021","34,043.49","33,804.52","34,157.57","33,713.29","349.67M","0.67%"
"04/22/2021","33,815.90","34,109.88","34,126.57","33,717.19","346.58M","-0.94%"
"04/21/2021","34,137.31","33,808.30","34,160.34","33,773.80","293.51M","0.93%"
"04/20/2021","33,821.30","34,034.18","34,034.18","33,687.01","354.20M","-0.75%"
"04/19/2021","34,077.63","34,182.38","34,182.38","33,980.56","315.62M","-0.36%"
"04/16/2021","34,200.67","34,058.16","34,256.75","34,058.16","348.18M","0.48%"
"04/15/2021","34,035.99","33,788.53","34,068.73","33,788.53","321.83M","0.90%"
"04/14/2021","33,730.89","33,668.95","33,911.25","33,668.95","318.67M","0.16%"
"04/13/2021","33,677.27","33,721.16","33,741.64","33,545.84","330.00M","-0.20%"
"04/12/2021","33,745.40","33,775.06","33,786.19","33,665.54","329.02M","-0.16%"
"04/09/2021","33,800.60","33,526.19","33,810.87","33,526.19","317.82M","0.89%"
"04/08/2021","33,503.57","33,469.89","33,506.80","33,342.64","306.19M","0.17%"
"04/07/2021","33,446.26","33,444.98","33,521.76","33,347.96","279.88M","0.05%"
"04/06/2021","33,430.24","33,500.02","33,544.79","33,380.43","298.31M","-0.29%"
"04/05/2021","33,527.19","33,222.38","33,617.95","33,222.38","345.15M","1.13%"
"04/01/2021","33,153.21","33,054.58","33,167.17","32,985.35","318.34M","0.52%"
"03/31/2021","32,981.55","33,116.04","33,173.77","32,980.57","418.64M","-0.26%"
"03/30/2021","33,066.96","33,127.88","33,170.93","32,988.92","309.57M","-0.31%"
"03/29/2021","33,171.37","33,087.55","33,259.00","32,905.13","351.61M","0.30%"
"03/26/2021","33,072.88","32,681.07","33,098.83","32,681.07","383.45M","1.39%"
"03/25/2021","32,619.48","32,346.81","32,672.69","32,071.41","413.49M","0.62%"
"03/24/2021","32,420.06","32,470.88","32,787.99","32,418.15","405.06M","-0.01%"
"03/23/2021","32,423.15","32,691.50","32,753.77","32,356.28","388.13M","-0.94%"
"03/22/2021","32,731.20","32,601.82","32,810.35","32,512.53","384.32M","0.32%"
"03/19/2021","32,627.97","32,858.36","32,858.36","32,505.07","847.02M","-0.71%"
"03/18/2021","32,862.30","32,928.16","33,227.78","32,831.25","421.02M","-0.46%"
"03/17/2021","33,015.37","32,825.52","33,047.58","32,782.18","391.81M","0.58%"
"03/16/2021","32,825.95","32,966.75","32,966.75","32,778.23","387.91M","-0.39%"
"03/15/2021","32,953.46","32,798.84","32,973.40","32,629.75","362.08M","0.53%"
"03/12/2021","32,778.64","32,462.40","32,793.32","32,462.40","348.29M","0.90%"
"03/11/2021","32,485.59","32,354.50","32,661.59","32,345.70","402.40M","0.58%"
"03/10/2021","32,297.02","31,906.96","32,389.50","31,906.96","410.23M","1.46%"
"03/09/2021","31,832.74","31,892.35","32,150.32","31,822.64","463.74M","0.10%"
"03/08/2021","31,802.44","31,512.15","32,148.04","31,512.15","499.58M","0.97%"
"03/05/2021","31,496.30","31,029.18","31,580.33","30,766.81","505.35M","1.85%"
"03/04/2021","30,924.14","31,289.01","31,461.97","30,547.53","551.23M","-1.11%"
"03/03/2021","31,270.09","31,352.96","31,563.31","31,260.14","411.61M","-0.39%"
"03/02/2021","31,391.52","31,535.37","31,623.27","31,377.16","341.28M","-0.46%"
"03/01/2021","31,535.51","31,065.90","31,668.34","31,065.90","387.58M","1.95%"
"02/26/2021","30,932.37","31,401.29","31,450.89","30,911.37","538.91M","-1.50%"
"02/25/2021","31,402.01","31,955.94","31,984.77","31,293.32","458.96M","-1.75%"
"02/24/2021","31,961.86","31,499.75","32,009.64","31,421.29","413.35M","1.35%"
"02/23/2021","31,537.35","31,501.89","31,653.38","31,158.76","461.92M","0.05%"
"02/22/2021","31,521.69","31,381.12","31,653.48","31,286.57","389.68M","0.09%"
"02/19/2021","31,494.32","31,504.13","31,647.53","31,469.34","353.07M","0.00%"
"02/18/2021","31,493.34","31,558.60","31,558.60","31,285.32","325.99M","-0.38%"
"02/17/2021","31,613.02","31,485.61","31,643.70","31,338.76","345.86M","0.29%"
"02/16/2021","31,522.75","31,472.08","31,608.63","31,443.48","336.99M","0.20%"
"02/12/2021","31,458.40","31,420.80","31,475.31","31,347.80","266.37M","0.09%"
"02/11/2021","31,430.70","31,466.49","31,543.82","31,244.36","284.68M","-0.02%"
"02/10/2021","31,437.80","31,428.02","31,511.44","31,221.32","328.39M","0.20%"
"02/09/2021","31,375.83","31,359.88","31,439.47","31,245.86","310.14M","-0.03%"
"02/08/2021","31,385.76","31,191.20","31,386.10","31,191.20","328.41M","0.76%"
"02/05/2021","31,148.24","31,093.81","31,252.18","31,083.22","295.00M","0.30%"
"02/04/2021","31,055.86","30,737.78","31,065.96","30,737.78","341.49M","1.08%"
"02/03/2021","30,723.60","30,689.65","30,793.41","30,521.31","307.31M","0.12%"
"02/02/2021","30,687.48","30,276.88","30,840.54","30,276.88","338.17M","1.57%"
"02/01/2021","30,211.91","30,054.73","30,335.91","30,014.97","350.24M","0.76%"
"01/29/2021","29,982.62","30,553.91","30,553.91","29,856.30","538.04M","-2.03%"
"01/28/2021","30,603.36","30,377.19","30,951.41","30,377.19","467.34M","0.99%"
"01/27/2021","30,303.17","30,893.78","30,893.78","30,206.91","566.47M","-2.05%"
"01/26/2021","30,937.04","30,968.55","31,121.42","30,921.71","381.87M","-0.07%"
"01/25/2021","30,960.00","30,989.85","30,989.85","30,564.06","477.35M","-0.12%"
"01/22/2021","30,996.98","31,141.56","31,141.56","30,908.47","436.04M","-0.57%"
"01/21/2021","31,176.01","31,198.01","31,272.22","31,120.92","423.15M","-0.04%"
"01/20/2021","31,188.38","31,017.54","31,235.98","30,997.79","384.98M","0.83%"
"01/19/2021","30,930.52","30,887.42","31,086.62","30,865.03","387.75M","0.38%"
"01/15/2021","30,814.26","30,926.77","30,941.98","30,612.67","440.02M","-0.57%"
"01/14/2021","30,991.52","31,085.67","31,223.78","30,982.24","429.70M","-0.22%"
"01/13/2021","31,060.47","31,084.88","31,153.37","30,992.05","415.14M","-0.03%"
"01/12/2021","31,068.69","31,015.01","31,114.56","30,888.76","362.87M","0.19%"
"01/11/2021","31,008.69","31,015.37","31,096.98","30,832.06","363.79M","-0.29%"
"01/08/2021","31,097.97","31,069.58","31,140.67","30,793.27","385.65M","0.18%"
"01/07/2021","31,041.13","30,901.18","31,193.40","30,897.86","430.62M","0.69%"
"01/06/2021","30,829.40","30,362.78","31,022.65","30,313.07","500.43M","1.44%"
"01/05/2021","30,391.60","30,204.25","30,504.89","30,141.78","350.91M","0.55%"
"01/04/2021","30,223.89","30,627.47","30,674.28","29,881.82","476.73M","-1.25%"
"12/31/2020","30,606.48","30,417.64","30,637.47","30,344.50","287.06M","0.65%"
"12/30/2020","30,409.56","30,415.09","30,525.35","30,393.04","296.14M","0.24%"
"12/29/2020","30,335.67","30,492.07","30,588.79","30,274.24","358.87M","-0.22%"
"12/28/2020","30,403.97","30,283.23","30,525.56","30,283.23","303.08M","0.68%"
"12/24/2020","30,199.87","30,155.92","30,209.67","30,099.30","146.44M","0.23%"
"12/23/2020","30,129.83","30,046.73","30,292.53","30,046.73","275.38M","0.38%"
"12/22/2020","30,015.51","30,200.20","30,200.20","29,992.89","392.52M","-0.67%"
"12/21/2020","30,216.45","30,159.00","30,304.14","29,755.53","445.69M","0.12%"
"12/18/2020","30,179.05","30,314.26","30,343.59","30,029.44","798.23M","-0.41%"
"12/17/2020","30,303.37","30,216.00","30,323.78","30,216.00","345.53M","0.49%"
"12/16/2020","30,154.54","30,191.38","30,236.03","30,080.11","349.54M","-0.15%"
"12/15/2020","30,199.31","29,919.09","30,243.26","29,894.95","419.48M","1.13%"
"12/14/2020","29,861.55","30,123.91","30,325.79","29,849.15","371.98M","-0.62%"
"12/11/2020","30,046.37","29,988.21","30,071.13","29,820.84","396.01M","0.16%"
"12/10/2020","29,999.26","30,032.55","30,063.87","29,876.82","326.93M","-0.23%"
"12/09/2020","30,068.81","30,229.81","30,319.70","29,951.85","383.74M","-0.35%"
"12/08/2020","30,173.88","29,997.95","30,246.22","29,972.07","314.83M","0.35%"
"12/07/2020","30,069.79","30,233.03","30,233.03","29,967.22","370.58M","-0.49%"
"12/04/2020","30,218.26","29,989.56","30,218.26","29,989.56","363.09M","0.83%"
"12/03/2020","29,969.52","29,920.83","30,110.88","29,877.27","408.41M","0.29%"
"12/02/2020","29,883.79","29,695.09","29,902.51","29,599.29","389.33M","0.20%"
"12/01/2020","29,823.92","29,797.50","30,083.31","29,797.50","435.44M","0.63%"
"11/30/2020","29,638.64","29,854.51","29,854.51","29,463.64","561.21M","-0.91%"
"11/27/2020","29,910.37","29,911.33","30,015.13","29,819.98","178.10M","0.13%"
"11/25/2020","29,872.47","30,058.87","30,058.87","29,806.25","324.19M","-0.58%"
"11/24/2020","30,046.24","29,746.11","30,116.51","29,746.11","436.45M","1.54%"
"11/23/2020","29,591.27","29,332.82","29,667.75","29,332.82","389.02M","1.12%"
"11/20/2020","29,263.48","29,437.57","29,469.89","29,231.20","308.74M","-0.75%"
"11/19/2020","29,483.23","29,370.92","29,524.90","29,228.38","333.16M","0.15%"
"11/18/2020","29,438.42","29,875.40","29,930.85","29,432.84","384.89M","-1.16%"
"11/17/2020","29,783.35","29,800.15","29,872.42","29,520.29","376.14M","-0.56%"
"11/16/2020","29,950.44","29,672.36","29,964.29","29,672.36","420.76M","1.60%"
"11/13/2020","29,479.81","29,203.90","29,559.25","29,203.90","348.81M","1.37%"
"11/12/2020","29,080.17","29,231.91","29,311.83","28,902.13","372.87M","-1.08%"
"11/11/2020","29,397.63","29,524.35","29,593.11","29,281.22","376.70M","-0.08%"
"11/10/2020","29,420.92","29,254.17","29,478.86","29,126.99","526.98M","0.90%"
"11/09/2020","29,157.97","29,467.90","29,933.83","29,130.66","680.57M","2.95%"
"11/06/2020","28,323.40","28,399.13","28,431.96","28,189.50","328.58M","-0.24%"
"11/05/2020","28,390.18","28,083.37","28,495.05","28,083.37","391.73M","1.95%"
"11/04/2020","27,847.66","27,512.83","28,301.50","27,512.83","449.89M","1.34%"
"11/03/2020","27,480.03","27,138.69","27,640.21","27,138.69","353.35M","2.06%"
"11/02/2020","26,925.05","26,691.28","27,043.48","26,691.28","382.27M","1.60%"
"10/30/2020","26,501.60","26,572.27","26,639.18","26,143.77","506.32M","-0.59%"
"10/29/2020","26,659.11","26,480.98","26,891.89","26,290.78","434.01M","0.52%"
"10/28/2020","26,519.95","27,102.14","27,102.14","26,497.39","499.63M","-3.43%"
"10/27/2020","27,463.19","27,651.18","27,707.69","27,457.96","372.48M","-0.80%"
"10/26/2020","27,685.38","28,185.82","28,185.82","27,370.16","407.04M","-2.29%"
"10/23/2020","28,335.57","28,409.65","28,436.52","28,149.82","350.10M","-0.10%"
"10/22/2020","28,363.66","28,197.42","28,421.31","28,040.18","334.39M","0.54%"
"10/21/2020","28,210.82","28,270.66","28,450.64","28,196.39","301.11M","-0.35%"
"10/20/2020","28,308.79","28,245.85","28,575.03","28,243.04","351.45M","0.40%"
"10/19/2020","28,195.42","28,633.55","28,711.93","28,139.40","360.92M","-1.44%"
"10/16/2020","28,606.31","28,570.72","28,842.90","28,570.72","358.95M","0.39%"
"10/15/2020","28,494.20","28,323.40","28,535.85","28,181.54","330.13M","-0.07%"
"10/14/2020","28,514.00","28,731.30","28,792.56","28,461.73","372.48M","-0.58%"
"10/13/2020","28,679.81","28,764.95","28,808.84","28,604.35","528.27M","-0.55%"
"10/12/2020","28,837.52","28,671.12","28,957.90","28,659.67","493.68M","0.88%"
"10/09/2020","28,586.90","28,533.61","28,676.29","28,440.63","326.48M","0.57%"
"10/08/2020","28,425.51","28,348.86","28,459.13","28,265.56","315.83M","0.43%"
"10/07/2020","28,303.46","27,971.36","28,369.66","27,971.36","330.19M","1.91%"
"10/06/2020","27,772.76","28,214.24","28,354.48","27,728.03","438.44M","-1.34%"
"10/05/2020","28,148.64","27,825.42","28,162.64","27,825.42","322.53M","1.68%"
"10/02/2020","27,682.81","27,536.39","27,861.43","27,382.94","395.82M","-0.48%"
"10/01/2020","27,816.90","27,940.63","28,041.46","27,669.26","375.65M","0.13%"
"09/30/2020","27,781.70","27,514.64","28,026.33","27,511.06","455.15M","1.20%"
"09/29/2020","27,452.66","27,560.24","27,605.60","27,338.09","306.70M","-0.48%"
"09/28/2020","27,584.06","27,362.14","27,722.60","27,362.14","405.06M","1.51%"
"09/25/2020","27,173.96","26,694.51","27,239.29","26,635.38","391.73M","1.34%"
"09/24/2020","26,815.44","26,716.09","27,094.85","26,537.01","448.78M","0.20%"
"09/23/2020","26,763.13","27,413.60","27,464.46","26,716.12","463.20M","-1.92%"
"09/22/2020","27,288.18","27,170.34","27,333.09","26,989.93","423.33M","0.52%"
"09/21/2020","27,147.70","27,484.71","27,484.71","26,715.15","523.66M","-1.84%"
"09/18/2020","27,657.42","27,864.87","27,946.69","27,487.97","703.89M","-0.88%"
"09/17/2020","27,901.98","27,834.18","28,056.79","27,647.93","439.89M","-0.47%"
"09/16/2020","28,032.38","28,031.69","28,364.77","28,021.67","416.65M","0.13%"
"09/15/2020","27,995.60","28,139.76","28,231.06","27,931.45","418.89M","0.01%"
"09/14/2020","27,993.33","27,718.74","28,086.06","27,718.74","384.09M","1.18%"
"09/11/2020","27,665.64","27,613.86","27,828.82","27,448.15","437.53M","0.48%"
"09/10/2020","27,534.58","28,022.51","28,174.78","27,447.08","447.59M","-1.45%"
"09/09/2020","27,940.47","27,711.71","28,206.21","27,704.54","467.06M","1.60%"
"09/08/2020","27,500.89","27,925.23","27,925.23","27,464.90","587.16M","-2.25%"
"09/04/2020","28,133.31","28,341.05","28,539.75","27,664.68","700.49M","-0.56%"
"09/03/2020","28,292.73","29,090.70","29,199.35","28,074.76","658.29M","-2.78%"
"09/02/2020","29,100.50","28,736.79","29,162.88","28,713.53","542.54M","1.59%"
"09/01/2020","28,645.66","28,439.61","28,659.26","28,290.72","428.66M","0.76%"
"08/31/2020","28,430.05","28,643.66","28,643.66","28,363.55","519.82M","-0.78%"
"08/28/2020","28,653.87","28,601.29","28,733.35","28,487.98","373.80M","0.57%"
"08/27/2020","28,492.27","28,384.07","28,634.22","28,363.93","405.09M","0.57%"
"08/26/2020","28,331.92","28,257.88","28,353.80","28,153.91","328.80M","0.30%"
"08/25/2020","28,248.44","28,347.42","28,400.74","28,094.57","341.13M","-0.21%"
"08/24/2020","28,308.46","28,077.58","28,314.94","28,041.75","385.44M","1.35%"
"08/21/2020","27,930.33","27,758.13","27,959.48","27,686.78","374.34M","0.69%"
"08/20/2020","27,739.73","27,622.68","27,781.46","27,526.25","306.05M","0.17%"
"08/19/2020","27,692.88","27,811.26","27,920.42","27,647.67","312.95M","-0.31%"
"08/18/2020","27,778.07","27,853.48","27,891.12","27,668.79","277.12M","-0.24%"
"08/17/2020","27,844.91","27,970.05","27,999.81","27,816.40","291.99M","-0.31%"
"08/14/2020","27,931.02","27,828.93","27,977.81","27,759.39","276.73M","0.12%"
"08/13/2020","27,896.72","27,922.51","27,986.10","27,789.78","364.41M","-0.29%"
"08/12/2020","27,976.84","27,860.24","28,043.89","27,843.32","342.07M","1.05%"
"08/11/2020","27,686.91","27,961.64","28,154.88","27,624.51","430.09M","-0.38%"
"08/10/2020","27,791.44","27,488.21","27,803.86","27,488.21","362.50M","1.30%"
"08/07/2020","27,433.48","27,321.68","27,456.24","27,223.55","324.93M","0.17%"
"08/06/2020","27,386.98","27,170.82","27,394.10","27,145.25","323.72M","0.68%"
"08/05/2020","27,201.52","26,924.78","27,221.67","26,924.78","369.98M","1.39%"
"08/04/2020","26,828.47","26,664.61","26,832.72","26,597.82","355.46M","0.62%"
"08/03/2020","26,664.40","26,542.32","26,707.26","26,534.38","439.38M","0.89%"
"07/31/2020","26,428.32","26,409.33","26,440.02","26,013.59","491.37M","0.44%"
"07/30/2020","26,313.65","26,367.42","26,374.93","25,992.28","358.29M","-0.85%"
"07/29/2020","26,539.57","26,388.44","26,602.45","26,375.39","347.58M","0.61%"
"07/28/2020","26,379.28","26,529.45","26,556.84","26,361.71","362.40M","-0.77%"
"07/27/2020","26,584.77","26,447.67","26,625.46","26,426.92","400.93M","0.43%"
"07/24/2020","26,469.89","26,533.41","26,625.70","26,402.86","497.97M","-0.68%"
"07/23/2020","26,652.33","26,955.97","26,973.85","26,560.04","426.56M","-1.31%"
"07/22/2020","27,005.84","26,824.56","27,035.24","26,794.19","410.82M","0.62%"
"07/21/2020","26,840.40","26,833.14","27,025.38","26,766.22","367.24M","0.60%"
"07/20/2020","26,680.87","26,660.29","26,765.02","26,504.20","312.07M","0.03%"
"07/17/2020","26,671.95","26,774.62","26,808.43","26,619.88","300.52M","-0.23%"
"07/16/2020","26,734.71","26,746.57","26,879.16","26,590.01","288.04M","-0.50%"
"07/15/2020","26,870.10","27,009.81","27,071.33","26,692.48","388.26M","0.85%"
"07/14/2020","26,642.59","26,044.17","26,690.52","25,994.98","407.34M","2.13%"
"07/13/2020","26,085.80","26,225.07","26,639.09","26,044.23","428.57M","0.04%"
"07/10/2020","26,075.30","25,690.35","26,101.32","25,637.50","337.36M","1.44%"
"07/09/2020","25,706.09","26,094.92","26,103.28","25,523.51","389.18M","-1.39%"
"07/08/2020","26,067.28","25,950.06","26,109.49","25,816.25","337.30M","0.68%"
"07/07/2020","25,890.18","26,172.01","26,174.93","25,866.58","349.00M","-1.51%"
"07/06/2020","26,287.03","25,996.08","26,297.53","25,996.08","342.26M","1.78%"
"07/02/2020","25,827.36","25,936.45","26,204.41","25,778.12","350.29M","0.36%"
"07/01/2020","25,734.97","25,879.38","26,019.31","25,713.61","373.98M","-0.30%"
"06/30/2020","25,812.88","25,512.43","25,905.38","25,475.14","412.69M","0.85%"
"06/29/2020","25,595.80","25,152.45","25,601.15","25,096.16","385.13M","2.32%"
"06/26/2020","25,015.55","25,641.69","25,641.69","24,971.03","676.18M","-2.84%"
"06/25/2020","25,745.60","25,365.22","25,769.61","25,209.79","388.07M","1.18%"
"06/24/2020","25,445.94","25,992.96","25,992.96","25,296.73","452.53M","-2.72%"
"06/23/2020","26,156.10","26,159.39","26,314.97","26,105.97","392.16M","0.50%"
"06/22/2020","26,024.96","25,865.08","26,059.81","25,667.68","353.01M","0.59%"
"06/19/2020","25,871.46","26,213.10","26,451.44","25,759.66","681.89M","-0.80%"
"06/18/2020","26,080.10","26,016.45","26,154.20","25,848.53","330.07M","-0.15%"
"06/17/2020","26,119.61","26,330.52","26,400.07","26,068.41","330.57M","-0.65%"
"06/16/2020","26,289.98","26,326.68","26,611.03","25,811.70","493.36M","2.04%"
"06/15/2020","25,763.16","25,270.39","25,891.58","24,843.18","463.13M","0.62%"
"06/12/2020","25,605.54","25,659.42","25,965.55","25,078.41","521.19M","1.90%"
"06/11/2020","25,128.17","26,282.51","26,294.08","25,082.72","651.47M","-6.90%"
"06/10/2020","26,989.99","27,251.89","27,355.22","26,938.05","449.99M","-1.04%"
"06/09/2020","27,272.30","27,447.37","27,447.37","27,151.06","388.25M","-1.09%"
"06/08/2020","27,572.44","27,232.93","27,580.21","27,232.48","433.34M","1.70%"
"06/05/2020","27,110.98","26,836.80","27,338.30","26,836.80","544.41M","3.15%"
"06/04/2020","26,281.82","26,226.49","26,384.10","26,082.31","375.55M","0.05%"
"06/03/2020","26,269.89","25,906.88","26,337.75","25,906.88","401.27M","2.05%"
"06/02/2020","25,742.65","25,582.52","25,743.13","25,523.74","355.24M","1.05%"
"06/01/2020","25,475.02","25,342.99","25,508.83","25,220.66","341.22M","0.36%"
"05/29/2020","25,383.11","25,324.15","25,482.80","25,031.67","545.14M","-0.07%"
"05/28/2020","25,400.64","25,697.36","25,758.79","25,358.73","378.40M","-0.58%"
"05/27/2020","25,548.27","25,298.63","25,551.56","25,009.87","420.36M","2.21%"
"05/26/2020","24,995.11","24,781.84","25,176.42","24,781.84","426.29M","2.17%"
"05/22/2020","24,465.16","24,461.98","24,481.64","24,294.07","255.66M","-0.04%"
"05/21/2020","24,474.12","24,564.27","24,718.46","24,370.88","348.84M","-0.41%"
"05/20/2020","24,575.90","24,455.94","24,649.48","24,455.94","371.93M","1.52%"
"05/19/2020","24,206.86","24,577.48","24,599.50","24,202.96","376.92M","-1.59%"
"05/18/2020","24,597.37","24,059.98","24,708.54","24,059.98","484.19M","3.85%"
"05/15/2020","23,685.42","23,454.83","23,730.08","23,354.15","495.18M","0.25%"
"05/14/2020","23,625.34","23,049.06","23,630.86","22,789.62","476.98M","1.62%"
"05/13/2020","23,247.97","23,702.16","23,708.90","23,067.64","473.32M","-2.17%"
"05/12/2020","23,764.78","24,292.84","24,382.09","23,761.58","361.56M","-1.89%"
"05/11/2020","24,221.99","24,256.45","24,366.21","24,070.22","356.51M","-0.45%"
"05/08/2020","24,331.32","24,107.82","24,349.90","24,107.05","337.34M","1.91%"
"05/07/2020","23,875.89","23,837.21","24,094.62","23,834.39","371.68M","0.89%"
"05/06/2020","23,664.64","23,978.88","24,054.59","23,661.14","379.91M","-0.91%"
"05/05/2020","23,883.09","23,958.88","24,169.72","23,868.91","374.49M","0.56%"
"05/04/2020","23,749.76","23,581.55","23,769.56","23,361.16","358.39M","0.11%"
"05/01/2020","23,723.69","24,120.78","24,120.78","23,645.30","421.59M","-2.55%"
"04/30/2020","24,345.72","24,585.57","24,585.57","24,186.90","487.84M","-1.17%"
"04/29/2020","24,633.86","24,490.37","24,764.77","24,453.99","462.48M","2.21%"
"04/28/2020","24,101.55","24,357.17","24,512.24","24,031.20","405.71M","-0.13%"
"04/27/2020","24,133.78","23,866.15","24,207.65","23,840.61","391.02M","1.51%"
"04/24/2020","23,775.27","23,628.24","23,826.00","23,417.68","379.31M","1.11%"
"04/23/2020","23,515.26","23,543.09","23,885.36","23,483.35","393.57M","0.17%"
"04/22/2020","23,475.82","23,437.34","23,613.10","23,339.60","356.39M","1.99%"
"04/21/2020","23,018.88","23,365.25","23,365.25","22,941.88","487.65M","-2.67%"
"04/20/2020","23,650.44","24,095.10","24,108.69","23,627.19","427.35M","-2.44%"
"04/17/2020","24,242.49","23,817.15","24,264.21","23,817.15","530.28M","2.99%"
"04/16/2020","23,537.68","23,543.66","23,598.08","23,211.38","478.62M","0.14%"
"04/15/2020","23,504.35","23,600.72","23,649.72","23,233.32","442.15M","-1.86%"
"04/14/2020","23,949.76","23,690.57","24,040.58","23,683.44","487.96M","2.39%"
"04/13/2020","23,390.77","23,698.93","23,698.93","23,095.35","396.56M","-1.39%"
"04/09/2020","23,719.37","23,690.66","24,008.99","23,504.09","568.72M","1.22%"
"04/08/2020","23,433.57","22,893.47","23,513.40","22,682.99","476.09M","3.44%"
"04/07/2020","22,653.86","23,537.44","23,617.24","22,634.45","595.87M","-0.12%"
"04/06/2020","22,679.99","21,693.63","22,783.45","21,693.63","614.20M","7.73%"
"04/03/2020","21,052.53","21,285.93","21,447.81","20,863.09","451.62M","-1.69%"
"04/02/2020","21,413.44","20,819.46","21,477.77","20,735.02","534.67M","2.24%"
"04/01/2020","20,943.51","21,227.38","21,487.24","20,784.43","508.31M","-4.44%"
"03/31/2020","21,917.16","22,208.42","22,480.37","21,852.08","573.59M","-1.84%"
"03/30/2020","22,327.48","21,678.22","22,378.09","21,522.08","546.85M","3.19%"
"03/27/2020","21,636.78","21,898.47","22,327.57","21,469.27","591.33M","-4.06%"
"03/26/2020","22,552.17","21,468.38","22,595.06","21,427.10","713.73M","6.38%"
"03/25/2020","21,200.55","21,050.34","22,019.93","20,538.34","803.31M","2.39%"
"03/24/2020","20,704.91","19,722.19","20,737.70","19,649.25","808.47M","11.37%"
"03/23/2020","18,591.93","19,028.36","19,121.01","18,213.65","801.24M","-3.04%"
"03/20/2020","19,173.98","20,253.15","20,531.26","19,094.27","872.29M","-4.55%"
"03/19/2020","20,087.19","19,830.01","20,442.63","19,177.13","795.80M","0.95%"
"03/18/2020","19,898.92","20,188.69","20,489.33","18,917.46","874.09M","-6.30%"
"03/17/2020","21,237.38","20,487.05","21,379.35","19,882.26","795.84M","5.20%"
"03/16/2020","20,188.52","20,917.53","21,768.28","20,116.46","775.91M","-12.93%"
"03/13/2020","23,185.62","21,973.82","23,189.76","21,285.37","843.08M","9.36%"
"03/12/2020","21,200.62","22,184.71","22,837.95","21,154.46","911.77M","-9.99%"
"03/11/2020","23,553.22","24,604.63","24,604.63","23,328.32","663.96M","-5.86%"
"03/10/2020","25,018.16","24,453.00","25,020.99","23,690.34","654.86M","4.89%"
"03/09/2020","23,851.02","24,992.36","24,992.36","23,706.07","750.43M","-7.79%"
"03/06/2020","25,864.78","25,457.21","25,994.38","25,226.62","601.01M","-0.98%"
"03/05/2020","26,121.28","26,671.92","26,671.92","25,943.33","477.37M","-3.58%"
"03/04/2020","27,090.86","26,383.68","27,102.34","26,286.31","457.59M","4.53%"
"03/03/2020","25,917.41","26,762.47","27,084.59","25,706.28","647.08M","-2.94%"
"03/02/2020","26,703.32","25,590.51","26,706.17","25,391.96","637.20M","5.09%"
"02/28/2020","25,409.36","25,270.83","25,494.24","24,681.01","922.68M","-1.39%"
"02/27/2020","25,766.64","26,526.00","26,775.31","25,752.82","670.37M","-4.42%"
"02/26/2020","26,957.59","27,159.46","27,542.78","26,890.97","477.57M","-0.46%"
"02/25/2020","27,081.36","28,037.65","28,149.20","26,997.62","513.27M","-3.15%"
"02/24/2020","27,960.80","28,402.93","28,402.93","27,912.44","458.71M","-3.56%"
"02/21/2020","28,992.41","29,146.53","29,146.53","28,892.70","313.44M","-0.78%"
"02/20/2020","29,219.98","29,296.25","29,368.45","28,959.65","289.07M","-0.44%"
"02/19/2020","29,348.03","29,312.70","29,409.09","29,274.38","242.65M","0.40%"
"02/18/2020","29,232.19","29,282.78","29,330.16","29,116.81","264.16M","-0.56%"
"02/14/2020","29,398.08","29,440.47","29,463.04","29,283.18","232.55M","-0.09%"
"02/13/2020","29,423.31","29,436.03","29,535.40","29,345.93","294.36M","-0.43%"
"02/12/2020","29,551.42","29,406.75","29,568.57","29,406.75","309.53M","0.94%"
"02/11/2020","29,276.34","29,390.71","29,415.39","29,210.47","281.85M","0.00%"
"02/10/2020","29,276.81","28,995.66","29,278.07","28,995.66","257.46M","0.60%"
"02/07/2020","29,102.51","29,286.92","29,286.92","29,056.98","253.87M","-0.94%"
"02/06/2020","29,379.77","29,388.58","29,408.05","29,246.93","263.70M","0.30%"
"02/05/2020","29,290.85","29,048.73","29,308.89","29,000.85","357.54M","1.68%"
"02/04/2020","28,807.63","28,696.74","28,904.88","28,696.74","332.75M","1.44%"
"02/03/2020","28,399.81","28,319.65","28,630.39","28,319.65","315.50M","0.51%"
"01/31/2020","28,256.03","28,813.04","28,813.04","28,169.53","403.89M","-2.09%"
"01/30/2020","28,859.44","28,640.16","28,879.71","28,489.76","326.85M","0.43%"
"01/29/2020","28,734.45","28,820.53","28,944.24","28,728.19","305.93M","0.04%"
"01/28/2020","28,722.85","28,594.28","28,823.23","28,575.75","352.94M","0.66%"
"01/27/2020","28,535.80","28,542.49","28,671.79","28,440.47","337.27M","-1.57%"
"01/24/2020","28,989.73","29,230.39","29,288.79","28,843.31","380.01M","-0.58%"
"01/23/2020","29,160.09","29,111.02","29,190.47","28,966.98","307.06M","-0.09%"
"01/22/2020","29,186.27","29,263.63","29,320.20","29,172.26","283.44M","-0.03%"
"01/21/2020","29,196.04","29,269.05","29,341.21","29,146.47","320.64M","-0.52%"
"01/17/2020","29,348.10","29,313.31","29,373.62","29,289.91","336.87M","0.17%"
"01/16/2020","29,297.64","29,131.95","29,300.32","29,131.95","252.11M","0.92%"
"01/15/2020","29,030.22","28,901.80","29,127.59","28,897.35","263.43M","0.31%"
"01/14/2020","28,939.67","28,895.50","29,054.16","28,872.27","296.04M","0.11%"
"01/13/2020","28,907.05","28,869.01","28,909.91","28,819.43","263.02M","0.29%"
"01/10/2020","28,823.77","28,977.52","29,009.07","28,789.10","239.17M","-0.46%"
"01/09/2020","28,956.90","28,851.97","28,988.01","28,844.31","282.85M","0.74%"
"01/08/2020","28,745.09","28,556.14","28,866.18","28,522.51","296.43M","0.56%"
"01/07/2020","28,583.68","28,639.18","28,685.50","28,565.28","266.68M","-0.42%"
"01/06/2020","28,703.38","28,465.50","28,708.02","28,418.63","261.81M","0.24%"
"01/03/2020","28,634.88","28,553.33","28,716.31","28,500.36","239.59M","-0.81%"
"01/02/2020","28,868.80","28,638.97","28,872.80","28,627.77","254.29M","1.16%"
"12/31/2019","28,538.44","28,414.64","28,547.35","28,376.49","193.34M","0.27%"
"12/30/2019","28,462.14","28,654.76","28,664.69","28,428.98","185.07M","-0.64%"
"12/27/2019","28,645.26","28,675.34","28,701.66","28,608.98","184.93M","0.08%"
"12/26/2019","28,621.39","28,539.46","28,624.10","28,535.15","155.97M","0.37%"
"12/24/2019","28,515.45","28,572.57","28,576.80","28,503.21","95.29M","-0.13%"
"12/23/2019","28,551.53","28,491.78","28,582.49","28,491.78","233.47M","0.34%"
"12/20/2019","28,455.09","28,608.64","28,608.64","28,445.60","603.78M","0.28%"
"12/19/2019","28,376.96","28,278.31","28,381.48","28,278.24","262.57M","0.49%"
"12/18/2019","28,239.28","28,291.44","28,323.25","28,239.28","289.89M","-0.10%"
"12/17/2019","28,267.16","28,221.75","28,328.63","28,220.56","286.77M","0.11%"
"12/16/2019","28,235.89","28,191.67","28,337.49","28,191.67","286.77M","0.36%"
"12/13/2019","28,135.38","28,123.64","28,290.73","28,028.32","254.81M","0.01%"
"12/12/2019","28,132.05","27,898.34","28,224.95","27,859.87","277.74M","0.79%"
"12/11/2019","27,911.30","27,867.31","27,925.50","27,801.80","221.70M","0.11%"
"12/10/2019","27,881.72","27,900.65","27,949.02","27,804.00","215.81M","-0.10%"
"12/09/2019","27,909.60","27,987.05","28,010.42","27,906.14","219.07M","-0.38%"
"12/06/2019","28,015.06","27,839.68","28,035.85","27,839.68","224.83M","1.22%"
"12/05/2019","27,677.79","27,736.05","27,745.20","27,562.80","219.99M","0.10%"
"12/04/2019","27,649.78","27,634.63","27,727.45","27,612.08","218.20M","0.53%"
"12/03/2019","27,502.81","27,501.98","27,524.74","27,325.13","275.35M","-1.01%"
"12/02/2019","27,783.04","28,109.74","28,109.84","27,782.35","236.61M","-0.96%"
"11/29/2019","28,051.41","28,103.16","28,119.51","28,042.53","122.62M","-0.40%"
"11/27/2019","28,164.00","28,156.47","28,174.97","28,075.23","198.21M","0.15%"
"11/26/2019","28,121.68","28,080.75","28,146.02","28,042.21","329.80M","0.20%"
"11/25/2019","28,066.47","27,917.77","28,068.69","27,917.77","248.42M","0.68%"
"11/22/2019","27,875.62","27,831.23","27,898.46","27,773.98","218.58M","0.39%"
"11/21/2019","27,766.29","27,820.28","27,828.33","27,708.34","232.02M","-0.20%"
"11/20/2019","27,821.09","27,879.55","27,897.28","27,675.28","260.24M","-0.40%"
"11/19/2019","27,934.02","28,079.76","28,090.21","27,894.52","256.62M","-0.36%"
"11/18/2019","28,036.22","27,993.22","28,040.97","27,969.24","252.32M","0.11%"
"11/15/2019","28,004.89","27,843.54","28,004.89","27,843.54","288.91M","0.80%"
"11/14/2019","27,781.96","27,757.20","27,800.71","27,676.97","303.97M","-0.01%"
"11/13/2019","27,783.59","27,622.04","27,806.40","27,587.20","278.39M","0.33%"
"11/12/2019","27,691.49","27,701.59","27,770.86","27,635.32","213.67M","0.00%"
"11/11/2019","27,691.49","27,580.66","27,714.39","27,517.67","204.62M","0.04%"
"11/08/2019","27,681.24","27,686.20","27,694.95","27,578.97","222.79M","0.02%"
"11/07/2019","27,674.80","27,590.16","27,774.67","27,590.16","263.58M","0.66%"
"11/06/2019","27,492.56","27,502.74","27,526.05","27,407.81","243.19M","0.00%"
"11/05/2019","27,492.63","27,500.23","27,560.36","27,453.55","293.96M","0.11%"
"11/04/2019","27,462.11","27,402.06","27,517.58","27,402.06","273.03M","0.42%"
"11/01/2019","27,347.36","27,142.95","27,347.43","27,142.95","272.07M","1.11%"
"10/31/2019","27,046.23","27,188.37","27,188.37","26,918.29","273.83M","-0.52%"
"10/30/2019","27,186.69","27,110.71","27,204.36","26,999.64","231.75M","0.43%"
"10/29/2019","27,071.42","27,061.07","27,165.94","27,039.76","269.61M","-0.07%"
"10/28/2019","27,090.72","27,040.33","27,167.88","27,028.71","290.77M","0.49%"
"10/25/2019","26,958.06","26,789.61","27,015.37","26,765.68","274.61M","0.57%"
"10/24/2019","26,805.53","26,893.93","26,931.78","26,714.34","259.64M","-0.11%"
"10/23/2019","26,833.95","26,835.24","26,896.89","26,745.00","247.68M","0.17%"
"10/22/2019","26,788.10","26,850.43","26,946.64","26,782.61","265.51M","-0.15%"
"10/21/2019","26,827.64","26,852.67","26,852.67","26,747.62","241.03M","0.21%"
"10/18/2019","26,770.20","27,004.49","27,018.25","26,770.13","293.61M","-0.95%"
"10/17/2019","27,025.88","27,032.38","27,112.16","26,970.29","225.06M","0.09%"
"10/16/2019","27,001.98","26,972.31","27,058.34","26,943.29","218.24M","-0.08%"
"10/15/2019","27,024.80","26,811.20","27,120.11","26,811.20","247.48M","0.89%"
"10/14/2019","26,787.36","26,766.43","26,874.33","26,749.18","178.62M","-0.11%"
"10/11/2019","26,816.59","26,694.20","27,013.97","26,694.20","283.53M","1.21%"
"10/10/2019","26,496.67","26,317.35","26,603.31","26,314.51","217.68M","0.57%"
"10/09/2019","26,346.01","26,308.23","26,424.31","26,249.75","191.75M","0.70%"
"10/08/2019","26,164.04","26,276.59","26,421.81","26,139.80","251.42M","-1.19%"
"10/07/2019","26,478.02","26,502.33","26,655.84","26,424.54","197.51M","-0.36%"
"10/04/2019","26,573.72","26,271.70","26,590.74","26,271.70","224.49M","1.42%"
"10/03/2019","26,201.04","26,039.02","26,205.20","25,743.46","249.02M","0.47%"
"10/02/2019","26,078.62","26,425.86","26,438.04","25,974.12","312.73M","-1.86%"
"10/01/2019","26,573.04","26,962.54","27,046.21","26,562.22","272.18M","-1.28%"
"09/30/2019","26,916.83","26,852.33","26,998.86","26,852.33","228.48M","0.36%"
"09/27/2019","26,820.25","26,987.26","27,012.54","26,715.82","217.78M","-0.26%"
"09/26/2019","26,891.12","27,004.11","27,015.07","26,803.84","230.80M","-0.30%"
"09/25/2019","26,970.71","26,866.71","27,016.56","26,755.86","237.22M","0.61%"
"09/24/2019","26,807.77","27,034.07","27,079.68","26,704.96","307.43M","-0.53%"
"09/23/2019","26,949.99","26,851.45","27,011.07","26,831.34","214.83M","0.06%"
"09/20/2019","26,935.07","27,102.18","27,194.75","26,926.68","512.57M","-0.59%"
"09/19/2019","27,094.79","27,186.05","27,272.17","27,064.21","216.44M","-0.19%"
"09/18/2019","27,147.08","27,075.39","27,161.93","26,899.15","212.86M","0.13%"
"09/17/2019","27,110.80","27,010.12","27,110.80","26,984.14","223.58M","0.13%"
"09/16/2019","27,076.82","27,146.06","27,172.87","27,032.56","220.62M","-0.52%"
"09/13/2019","27,219.52","27,216.67","27,277.55","27,193.95","255.26M","0.14%"
"09/12/2019","27,182.45","27,197.32","27,306.73","27,105.01","254.65M","0.17%"
"09/11/2019","27,137.04","26,928.05","27,137.04","26,885.48","272.59M","0.85%"
"09/10/2019","26,909.43","26,805.83","26,909.43","26,717.05","322.34M","0.28%"
"09/09/2019","26,835.51","26,866.23","26,900.83","26,762.18","273.12M","0.14%"
"09/06/2019","26,797.46","26,790.25","26,860.87","26,708.39","209.70M","0.26%"
"09/05/2019","26,728.15","26,603.15","26,836.30","26,603.15","256.67M","1.41%"
"09/04/2019","26,355.47","26,301.99","26,362.35","26,244.44","202.71M","0.91%"
"09/03/2019","26,118.02","26,198.26","26,198.26","25,978.22","223.21M","-1.08%"
"08/30/2019","26,403.28","26,476.39","26,514.62","26,295.59","219.08M","0.16%"
"08/29/2019","26,362.25","26,249.09","26,408.84","26,185.71","212.19M","1.25%"
"08/28/2019","26,036.10","25,712.99","26,041.57","25,637.43","207.07M","1.00%"
"08/27/2019","25,777.90","26,014.46","26,054.02","25,721.85","263.53M","-0.47%"
"08/26/2019","25,898.83","25,826.05","25,941.25","25,716.39","222.78M","1.05%"
"08/23/2019","25,628.90","26,134.21","26,320.29","25,507.18","364.26M","-2.37%"
"08/22/2019","26,252.24","26,271.64","26,388.78","26,099.01","222.81M","0.19%"
"08/21/2019","26,202.73","26,145.36","26,268.32","26,141.77","208.79M","0.93%"
"08/20/2019","25,962.44","26,086.86","26,160.12","25,952.00","238.10M","-0.66%"
"08/19/2019","26,135.79","26,020.06","26,222.32","26,020.06","252.64M","0.96%"
"08/16/2019","25,886.01","25,678.17","25,929.65","25,678.17","276.21M","1.20%"
"08/15/2019","25,579.39","25,514.25","25,639.69","25,339.60","335.80M","0.39%"
"08/14/2019","25,479.42","26,035.08","26,035.08","25,471.59","357.00M","-3.05%"
"08/13/2019","26,279.91","25,888.88","26,426.97","25,833.25","309.61M","1.44%"
"08/12/2019","25,907.37","26,169.91","26,178.95","25,824.94","200.58M","-1.45%"
"08/09/2019","26,287.44","26,337.09","26,413.36","26,097.64","241.93M","-0.34%"
"08/08/2019","26,378.19","26,086.52","26,383.61","26,038.10","283.59M","1.43%"
"08/07/2019","26,007.07","25,814.22","26,073.21","25,440.39","350.09M","-0.09%"
"08/06/2019","26,029.52","25,810.62","26,038.68","25,710.87","322.97M","1.21%"
"08/05/2019","25,717.74","26,259.23","26,259.23","25,523.38","423.37M","-2.90%"
"08/02/2019","26,485.01","26,528.66","26,570.02","26,249.22","335.72M","-0.37%"
"08/01/2019","26,583.42","26,879.86","27,175.59","26,548.71","390.49M","-1.05%"
"07/31/2019","26,864.27","27,244.67","27,281.65","26,719.60","389.00M","-1.23%"
"07/30/2019","27,198.02","27,145.39","27,224.36","27,069.86","293.25M","-0.09%"
"07/29/2019","27,221.35","27,192.24","27,275.85","27,178.06","259.32M","0.11%"
"07/26/2019","27,192.45","27,166.00","27,213.70","27,123.25","243.20M","0.19%"
"07/25/2019","27,140.98","27,247.39","27,298.43","27,062.48","244.02M","-0.47%"
"07/24/2019","27,269.97","27,262.24","27,291.04","27,191.12","245.88M","-0.29%"
"07/23/2019","27,349.19","27,231.86","27,368.81","27,204.58","250.80M","0.65%"
"07/22/2019","27,171.90","27,174.18","27,227.77","27,088.90","226.95M","0.07%"
"07/19/2019","27,154.20","27,246.38","27,342.96","27,145.78","287.69M","-0.25%"
"07/18/2019","27,222.97","27,191.98","27,266.81","27,068.79","218.82M","0.01%"
"07/17/2019","27,219.85","27,320.91","27,343.06","27,218.38","196.78M","-0.42%"
"07/16/2019","27,335.63","27,349.32","27,398.68","27,290.24","226.00M","-0.09%"
"07/15/2019","27,359.16","27,364.69","27,364.69","27,294.17","199.73M","0.10%"
"07/12/2019","27,332.03","27,139.49","27,333.79","27,135.45","248.39M","0.90%"
"07/11/2019","27,088.08","26,950.16","27,088.45","26,916.32","252.30M","0.85%"
"07/10/2019","26,860.20","26,851.96","26,983.45","26,813.11","207.99M","0.29%"
"07/09/2019","26,783.49","26,725.12","26,807.70","26,665.57","218.33M","-0.08%"
"07/08/2019","26,806.14","26,835.64","26,839.14","26,744.87","214.29M","-0.43%"
"07/05/2019","26,922.12","26,867.75","26,950.81","26,733.33","192.17M","-0.16%"
"07/03/2019","26,966.00","26,832.32","26,966.00","26,831.44","149.84M","0.67%"
"07/02/2019","26,786.68","26,719.53","26,787.56","26,632.65","219.27M","0.26%"
"07/01/2019","26,717.43","26,805.86","26,890.64","26,616.21","285.35M","0.44%"
"06/28/2019","26,599.96","26,605.93","26,638.35","26,522.27","499.35M","0.28%"
"06/27/2019","26,526.58","26,523.72","26,607.24","26,465.32","246.93M","-0.04%"
"06/26/2019","26,536.82","26,599.42","26,660.04","26,536.33","274.34M","-0.04%"
"06/25/2019","26,548.22","26,731.61","26,752.31","26,527.66","282.16M","-0.67%"
"06/24/2019","26,727.54","26,727.61","26,806.52","26,723.37","232.39M","0.03%"
"06/21/2019","26,719.13","26,749.12","26,907.37","26,705.87","485.56M","-0.13%"
"06/20/2019","26,753.17","26,665.38","26,798.63","26,539.69","278.17M","0.94%"
"06/19/2019","26,504.00","26,490.16","26,569.75","26,415.05","240.95M","0.15%"
"06/18/2019","26,465.54","26,228.88","26,527.19","26,227.76","273.49M","1.35%"
"06/17/2019","26,112.53","26,108.53","26,165.78","26,049.80","199.50M","0.09%"
"06/14/2019","26,089.61","26,076.36","26,162.28","25,988.09","208.02M","-0.07%"
"06/13/2019","26,106.77","26,036.94","26,146.91","25,995.71","213.40M","0.39%"
"06/12/2019","26,004.83","26,040.30","26,082.10","25,958.66","223.69M","-0.17%"
"06/11/2019","26,048.51","26,180.59","26,248.67","25,998.87","253.49M","-0.05%"
"06/10/2019","26,062.68","26,090.22","26,210.61","26,054.31","249.28M","0.30%"
"06/07/2019","25,983.94","25,768.72","26,072.75","25,768.72","263.01M","1.02%"
"06/06/2019","25,720.66","25,567.45","25,800.30","25,518.05","248.07M","0.71%"
"06/05/2019","25,539.57","25,451.00","25,544.66","25,373.58","262.66M","0.82%"
"06/04/2019","25,332.18","24,962.82","25,343.77","24,962.82","281.69M","2.06%"
"06/03/2019","24,819.78","24,830.16","24,935.21","24,680.57","328.24M","0.02%"
"05/31/2019","24,815.04","25,046.31","25,046.31","24,809.51","292.23M","-1.41%"
"05/30/2019","25,169.88","25,139.94","25,218.54","25,066.75","215.24M","0.17%"
"05/29/2019","25,126.41","25,231.46","25,231.46","24,938.24","298.93M","-0.87%"
"05/28/2019","25,347.77","25,616.55","25,717.63","25,342.28","364.85M","-0.93%"
"05/24/2019","25,585.69","25,551.07","25,670.81","25,496.20","201.37M","0.37%"
"05/23/2019","25,490.47","25,657.99","25,657.99","25,328.09","316.94M","-1.11%"
"05/22/2019","25,776.61","25,818.46","25,878.21","25,755.11","241.76M","-0.39%"
"05/21/2019","25,877.33","25,782.34","25,898.27","25,779.61","260.87M","0.77%"
"05/20/2019","25,679.90","25,655.31","25,751.71","25,560.55","279.56M","-0.33%"
"05/17/2019","25,764.00","25,719.95","25,948.74","25,657.78","283.76M","-0.38%"
"05/16/2019","25,862.68","25,692.14","25,957.63","25,692.14","320.96M","0.84%"
"05/15/2019","25,648.02","25,400.13","25,724.89","25,341.94","270.72M","0.45%"
"05/14/2019","25,532.05","25,384.03","25,688.96","25,384.03","291.57M","0.82%"
"05/13/2019","25,324.99","25,568.06","25,568.06","25,222.51","361.24M","-2.38%"
"05/10/2019","25,942.37","25,763.72","26,019.32","25,469.86","294.58M","0.44%"
"05/09/2019","25,828.36","25,878.85","25,884.89","25,517.39","334.76M","-0.54%"
"05/08/2019","25,967.33","25,933.79","26,118.10","25,889.41","276.42M","0.01%"
"05/07/2019","25,965.09","26,276.90","26,276.90","25,789.71","334.96M","-1.79%"
"05/06/2019","26,438.48","26,160.62","26,476.27","26,033.95","283.02M","-0.25%"
"05/03/2019","26,504.95","26,379.14","26,534.96","26,370.09","248.90M","0.75%"
"05/02/2019","26,307.79","26,407.15","26,454.69","26,180.36","287.61M","-0.46%"
"05/01/2019","26,430.14","26,639.06","26,689.39","26,426.38","303.85M","-0.61%"
"04/30/2019","26,592.91","26,594.56","26,614.04","26,419.47","340.32M","0.15%"
"04/29/2019","26,554.39","26,559.87","26,602.54","26,520.75","279.45M","0.04%"
"04/26/2019","26,543.33","26,454.62","26,543.56","26,392.55","317.29M","0.31%"
"04/25/2019","26,462.08","26,426.37","26,536.48","26,310.28","296.73M","-0.51%"
"04/24/2019","26,597.05","26,652.56","26,680.58","26,582.86","283.37M","-0.22%"
"04/23/2019","26,656.39","26,513.83","26,695.96","26,503.56","311.69M","0.55%"
"04/22/2019","26,511.05","26,510.77","26,553.05","26,458.61","232.57M","-0.18%"
"04/18/2019","26,559.54","26,463.37","26,602.42","26,444.53","332.85M","0.42%"
"04/17/2019","26,449.54","26,468.53","26,501.02","26,391.86","367.78M","-0.01%"
"04/16/2019","26,452.66","26,482.19","26,530.71","26,397.19","302.34M","0.26%"
"04/15/2019","26,384.77","26,407.76","26,424.85","26,316.42","250.62M","-0.10%"
"04/12/2019","26,412.30","26,357.79","26,436.68","26,309.72","369.91M","1.03%"
"04/11/2019","26,143.05","26,188.21","26,229.88","26,062.59","211.68M","-0.05%"
"04/10/2019","26,157.16","26,173.71","26,209.49","26,101.24","203.13M","0.03%"
"04/09/2019","26,150.58","26,243.54","26,246.34","26,103.14","244.41M","-0.72%"
"04/08/2019","26,341.02","26,312.67","26,344.65","26,246.03","229.38M","-0.32%"
"04/05/2019","26,424.99","26,427.56","26,487.57","26,370.82","229.55M","0.15%"
"04/04/2019","26,384.63","26,213.42","26,398.90","26,212.78","233.04M","0.64%"
"04/03/2019","26,218.13","26,238.03","26,282.17","26,138.47","271.98M","0.15%"
"04/02/2019","26,179.13","26,213.55","26,221.24","26,122.31","250.94M","-0.30%"
"04/01/2019","26,258.42","26,075.10","26,280.90","26,071.69","295.57M","1.27%"
"03/29/2019","25,928.68","25,827.31","25,949.32","25,771.67","300.62M","0.82%"
"03/28/2019","25,717.46","25,693.32","25,743.41","25,576.69","237.17M","0.36%"
"03/27/2019","25,625.59","25,676.34","25,758.17","25,425.27","270.34M","-0.13%"
"03/26/2019","25,657.73","25,649.56","25,796.29","25,544.78","305.11M","0.55%"
"03/25/2019","25,516.83","25,490.72","25,603.27","25,372.26","303.12M","0.06%"
"03/22/2019","25,502.32","25,844.65","25,877.01","25,501.45","386.51M","-1.77%"
"03/21/2019","25,962.51","25,688.44","26,009.90","25,657.78","335.25M","0.84%"
"03/20/2019","25,745.67","25,867.79","25,929.52","25,670.63","321.98M","-0.55%"
"03/19/2019","25,887.38","25,987.87","26,109.68","25,814.92","342.25M","-0.10%"
"03/18/2019","25,914.10","25,801.88","25,924.77","25,785.66","303.17M","0.25%"
"03/15/2019","25,848.87","25,720.96","25,927.91","25,649.70","616.91M","0.54%"
"03/14/2019","25,709.94","25,692.31","25,752.84","25,621.31","302.79M","0.03%"
"03/13/2019","25,702.89","25,637.23","25,776.49","25,571.31","331.41M","0.58%"
"03/12/2019","25,554.66","25,600.30","25,675.44","25,522.17","312.52M","-0.38%"
"03/11/2019","25,650.88","25,208.00","25,661.63","25,208.00","309.79M","0.79%"
"03/08/2019","25,450.24","25,347.38","25,466.14","25,252.46","270.50M","-0.09%"
"03/07/2019","25,473.23","25,645.45","25,645.45","25,352.55","289.14M","-0.78%"
"03/06/2019","25,673.46","25,818.76","25,837.61","25,633.71","256.25M","-0.52%"
"03/05/2019","25,806.63","25,829.07","25,877.15","25,725.63","252.26M","-0.05%"
"03/04/2019","25,819.65","26,122.19","26,155.98","25,611.55","295.51M","-0.79%"
"03/01/2019","26,026.32","26,019.67","26,143.92","25,914.37","289.89M","0.43%"
"02/28/2019","25,916.00","25,984.28","26,029.21","25,896.56","338.52M","-0.27%"
"02/27/2019","25,985.16","25,995.60","26,039.68","25,877.24","255.38M","-0.28%"
"02/26/2019","26,057.98","26,051.61","26,155.29","25,966.01","257.85M","-0.13%"
"02/25/2019","26,091.95","26,126.15","26,241.42","26,080.66","281.60M","0.23%"
"02/22/2019","26,031.81","25,906.27","26,052.90","25,906.27","279.76M","0.70%"
"02/21/2019","25,850.63","25,922.41","25,938.88","25,762.21","255.71M","-0.40%"
"02/20/2019","25,954.44","25,872.26","25,986.20","25,846.48","287.88M","0.24%"
"02/19/2019","25,891.32","25,849.85","25,961.44","25,820.01","280.62M","0.03%"
"02/15/2019","25,883.25","25,564.63","25,883.72","25,564.63","328.53M","1.74%"
"02/14/2019","25,439.39","25,460.65","25,558.90","25,308.09","313.01M","-0.41%"
"02/13/2019","25,543.27","25,480.86","25,625.95","25,480.86","263.33M","0.46%"
"02/12/2019","25,425.76","25,152.03","25,458.98","25,152.03","278.11M","1.49%"
"02/11/2019","25,053.11","25,142.81","25,196.75","25,009.10","241.70M","-0.21%"
"02/08/2019","25,106.33","25,042.36","25,106.39","24,883.04","248.21M","-0.25%"
"02/07/2019","25,169.53","25,265.81","25,314.26","25,000.52","295.46M","-0.87%"
"02/06/2019","25,390.30","25,371.57","25,439.04","25,312.06","247.59M","-0.08%"
"02/05/2019","25,411.52","25,287.93","25,427.32","25,287.65","310.65M","0.68%"
"02/04/2019","25,239.37","25,062.12","25,239.91","24,977.67","298.54M","0.70%"
"02/01/2019","25,063.89","25,025.31","25,193.15","24,982.49","372.09M","0.26%"
"01/31/2019","24,999.67","24,954.48","25,049.62","24,842.09","507.35M","-0.06%"
"01/30/2019","25,014.86","24,826.52","25,109.62","24,790.90","397.33M","1.77%"
"01/29/2019","24,579.96","24,519.62","24,674.87","24,504.04","330.87M","0.21%"
"01/28/2019","24,528.22","24,596.98","24,596.98","24,323.94","347.17M","-0.84%"
"01/25/2019","24,737.20","24,687.21","24,860.15","24,676.75","376.89M","0.75%"
"01/24/2019","24,553.24","24,579.96","24,626.30","24,422.73","320.17M","-0.09%"
"01/23/2019","24,575.62","24,577.25","24,700.98","24,307.17","318.60M","0.70%"
"01/22/2019","24,404.48","24,607.76","24,607.76","24,244.31","338.48M","-1.22%"
"01/18/2019","24,706.35","24,534.19","24,750.22","24,459.03","372.97M","1.38%"
"01/17/2019","24,370.10","24,147.09","24,474.46","24,088.90","288.59M","0.67%"
"01/16/2019","24,207.16","24,139.91","24,288.61","24,119.72","302.83M","0.59%"
"01/15/2019","24,065.59","23,914.11","24,099.14","23,887.93","291.57M","0.65%"
"01/14/2019","23,909.84","23,880.53","23,964.90","23,765.24","277.56M","-0.36%"
"01/11/2019","23,995.95","23,940.01","23,996.32","23,798.16","262.65M","-0.02%"
"01/10/2019","24,001.92","23,811.11","24,014.78","23,703.25","338.15M","0.51%"
"01/09/2019","23,879.12","23,844.27","23,985.45","23,776.56","324.57M","0.39%"
"01/08/2019","23,787.45","23,680.32","23,864.65","23,581.45","317.42M","1.09%"
"01/07/2019","23,531.35","23,474.26","23,687.74","23,301.59","334.20M","0.42%"
"01/04/2019","23,433.16","22,894.92","23,518.64","22,894.92","396.02M","3.29%"
"01/03/2019","22,686.22","23,176.39","23,176.39","22,638.41","424.24M","-2.83%"
"01/02/2019","23,346.24","23,058.61","23,413.47","22,928.59","321.57M","0.08%"
"12/31/2018","23,327.46","23,153.94","23,333.18","23,118.30","288.83M","1.15%"
"12/28/2018","23,062.40","23,213.61","23,381.88","22,981.33","336.51M","-0.33%"
"12/27/2018","23,138.82","22,629.06","23,138.89","22,267.42","407.94M","1.14%"
"12/26/2018","22,878.45","21,857.73","22,878.92","21,712.53","433.08M","4.98%"
"12/24/2018","21,792.20","22,317.28","22,339.87","21,792.20","308.42M","-2.91%"
"12/21/2018","22,445.37","22,871.74","23,254.59","22,396.34","900.51M","-1.81%"
"12/20/2018","22,859.60","23,224.12","23,282.20","22,644.31","576.70M","-1.99%"
"12/19/2018","23,323.66","23,693.33","24,057.34","23,162.64","503.55M","-1.49%"
"12/18/2018","23,675.64","23,769.13","23,927.77","23,516.02","408.07M","0.35%"
"12/17/2018","23,592.98","23,986.83","24,088.08","23,456.88","466.74M","-2.11%"
"12/14/2018","24,100.51","24,408.04","24,431.14","24,033.79","416.94M","-2.02%"
"12/13/2018","24,597.38","24,575.86","24,740.96","24,473.29","299.97M","0.29%"
"12/12/2018","24,527.27","24,509.09","24,828.29","24,509.09","344.33M","0.64%"
"12/11/2018","24,370.24","24,719.91","24,791.26","24,221.06","342.96M","-0.22%"
"12/10/2018","24,423.26","24,360.95","24,500.81","23,881.37","389.69M","0.14%"
"12/07/2018","24,388.95","24,918.82","25,095.62","24,284.78","398.23M","-2.24%"
"12/06/2018","24,947.67","24,737.42","24,951.01","24,242.22","471.69M","-0.32%"
"12/04/2018","25,027.07","25,752.56","25,773.12","25,008.11","418.90M","-3.10%"
"12/03/2018","25,826.43","25,779.57","25,980.21","25,670.51","388.48M","1.13%"
"11/30/2018","25,538.46","25,307.14","25,549.71","25,250.97","482.25M","0.79%"
"11/29/2018","25,338.84","25,343.65","25,479.04","25,202.79","305.11M","-0.11%"
"11/28/2018","25,366.43","24,832.84","25,368.93","24,832.84","362.16M","2.50%"
"11/27/2018","24,748.73","24,557.02","24,750.73","24,416.03","308.25M","0.44%"
"11/26/2018","24,640.24","24,364.13","24,673.29","24,364.13","306.28M","1.46%"
"11/23/2018","24,285.95","24,336.40","24,408.80","24,268.74","155.94M","-0.73%"
"11/21/2018","24,464.69","24,541.65","24,669.79","24,463.28","289.37M","0.00%"
"11/20/2018","24,465.64","24,618.68","24,707.26","24,368.98","445.92M","-2.21%"
"11/19/2018","25,017.44","25,392.61","25,392.61","24,900.98","358.09M","-1.56%"
"11/16/2018","25,413.22","25,242.35","25,510.23","25,147.80","354.46M","0.49%"
"11/15/2018","25,289.27","25,061.48","25,354.56","24,787.79","392.75M","0.83%"
"11/14/2018","25,080.50","25,388.08","25,501.29","24,935.82","384.24M","-0.81%"
"11/13/2018","25,286.49","25,321.21","25,511.03","25,193.78","339.69M","-0.40%"
"11/12/2018","25,387.18","25,959.33","25,966.71","25,340.51","346.91M","-2.32%"
"11/09/2018","25,989.30","26,149.11","26,161.49","25,882.91","324.45M","-0.77%"
"11/08/2018","26,191.22","26,139.59","26,277.82","26,081.90","295.65M","0.04%"
"11/07/2018","26,180.30","25,788.46","26,200.14","25,765.88","361.78M","2.13%"
"11/06/2018","25,635.01","25,452.83","25,651.86","25,444.90","265.45M","0.68%"
"11/05/2018","25,461.70","25,261.47","25,507.35","25,261.47","334.74M","0.76%"
"11/02/2018","25,270.83","25,443.60","25,578.98","25,078.72","429.48M","-0.43%"
"11/01/2018","25,380.74","25,142.08","25,396.47","25,108.11","383.97M","1.06%"
"10/31/2018","25,115.76","25,008.82","25,336.55","25,008.82","448.93M","0.97%"
"10/30/2018","24,874.64","24,482.04","24,906.68","24,415.69","470.05M","1.77%"
"10/29/2018","24,442.92","24,818.98","25,040.58","24,122.23","443.85M","-0.99%"
"10/26/2018","24,688.31","24,770.25","24,916.16","24,445.19","505.31M","-1.19%"
"10/25/2018","24,984.55","24,736.54","25,104.29","24,645.56","439.67M","1.63%"
"10/24/2018","24,583.42","25,172.88","25,306.23","24,533.19","496.40M","-2.41%"
"10/23/2018","25,191.43","25,038.46","25,307.70","24,768.79","436.43M","-0.50%"
"10/22/2018","25,317.41","25,492.14","25,561.34","25,236.05","314.94M","-0.50%"
"10/19/2018","25,444.34","25,421.09","25,608.71","25,350.02","350.81M","0.26%"
"10/18/2018","25,379.45","25,645.56","25,691.46","25,236.01","328.02M","-1.27%"
"10/17/2018","25,706.68","25,705.87","25,810.09","25,479.16","298.21M","-0.36%"
"10/16/2018","25,798.42","25,351.53","25,817.68","25,351.53","305.80M","2.17%"
"10/15/2018","25,250.55","25,332.46","25,482.42","25,243.88","287.32M","-0.35%"
"10/12/2018","25,339.99","25,407.63","25,467.55","25,000.83","397.51M","1.15%"
"10/11/2018","25,052.83","25,518.39","25,683.64","24,899.77","522.88M","-2.13%"
"10/10/2018","25,598.74","26,441.73","26,441.73","25,593.65","438.20M","-3.15%"
"10/09/2018","26,430.57","26,469.19","26,539.94","26,324.16","282.56M","-0.21%"
"10/08/2018","26,486.78","26,399.45","26,529.35","26,223.09","273.02M","0.15%"
"10/05/2018","26,447.05","26,632.77","26,676.16","26,301.81","267.10M","-0.68%"
"10/04/2018","26,627.48","26,784.08","26,793.82","26,471.61","289.60M","-0.75%"
"10/03/2018","26,828.39","26,833.47","26,951.81","26,789.08","280.13M","0.20%"
"10/02/2018","26,773.94","26,648.91","26,824.78","26,627.66","258.29M","0.46%"
"10/01/2018","26,651.21","26,598.36","26,737.98","26,596.05","238.32M","0.73%"
"09/28/2018","26,458.31","26,407.66","26,515.76","26,383.57","264.03M","0.07%"
"09/27/2018","26,439.93","26,418.27","26,557.01","26,379.95","226.35M","0.21%"
"09/26/2018","26,385.28","26,536.86","26,606.09","26,349.34","262.62M","-0.40%"
"09/25/2018","26,492.21","26,601.58","26,634.85","26,475.58","234.11M","-0.26%"
"09/24/2018","26,562.05","26,705.25","26,709.94","26,548.68","254.85M","-0.68%"
"09/21/2018","26,743.50","26,726.25","26,769.16","26,680.37","657.62M","0.32%"
"09/20/2018","26,656.98","26,519.39","26,697.49","26,519.39","260.48M","0.95%"
"09/19/2018","26,405.76","26,287.84","26,464.41","26,280.76","251.33M","0.61%"
"09/18/2018","26,246.96","26,076.21","26,317.34","26,076.21","243.00M","0.71%"
"09/17/2018","26,062.12","26,151.66","26,184.47","26,030.35","230.23M","-0.35%"
"09/14/2018","26,154.67","26,169.56","26,211.11","26,068.29","228.64M","0.03%"
"09/13/2018","26,145.99","26,083.94","26,191.64","26,067.08","260.80M","0.57%"
"09/12/2018","25,998.92","25,989.07","26,145.72","25,929.43","282.77M","0.11%"
"09/11/2018","25,971.06","25,841.14","26,019.92","25,754.32","265.96M","0.44%"
"09/10/2018","25,857.07","25,991.91","26,039.96","25,854.13","252.17M","-0.23%"
"09/07/2018","25,916.54","25,951.02","26,002.99","25,818.39","281.35M","-0.31%"
"09/06/2018","25,995.87","25,973.02","26,073.68","25,880.84","262.38M","0.08%"
"09/05/2018","25,974.99","25,919.84","26,011.22","25,871.04","289.21M","0.09%"
"09/04/2018","25,952.48","25,916.07","25,971.77","25,805.95","254.60M","-0.05%"
"08/31/2018","25,964.82","25,964.85","26,028.83","25,879.77","273.44M","-0.09%"
"08/30/2018","25,986.92","26,099.01","26,104.37","25,934.80","240.44M","-0.53%"
"08/29/2018","26,124.57","26,082.53","26,167.94","26,035.30","214.96M","0.23%"
"08/28/2018","26,064.02","26,092.70","26,122.24","26,037.85","211.47M","0.06%"
"08/27/2018","26,049.64","25,882.71","26,067.57","25,882.71","220.51M","1.01%"
"08/24/2018","25,790.35","25,688.58","25,826.05","25,688.58","200.33M","0.52%"
"08/23/2018","25,656.98","25,714.86","25,762.56","25,608.02","213.27M","-0.30%"
"08/22/2018","25,733.60","25,825.06","25,836.16","25,722.43","200.48M","-0.34%"
"08/21/2018","25,822.29","25,786.99","25,888.82","25,784.90","241.62M","0.25%"
"08/20/2018","25,758.69","25,727.70","25,790.17","25,716.41","248.57M","0.35%"
"08/17/2018","25,669.32","25,550.80","25,728.16","25,521.66","284.16M","0.43%"
"08/16/2018","25,558.73","25,294.97","25,607.34","25,294.97","342.43M","1.58%"
"08/15/2018","25,162.41","25,235.37","25,235.37","24,965.77","295.81M","-0.54%"
"08/14/2018","25,299.92","25,215.69","25,339.51","25,201.87","219.21M","0.45%"
"08/13/2018","25,187.70","25,327.19","25,381.39","25,153.93","219.99M","-0.50%"
"08/10/2018","25,313.14","25,401.19","25,401.19","25,222.88","234.48M","-0.77%"
"08/09/2018","25,509.23","25,589.79","25,613.31","25,492.69","214.97M","-0.29%"
"08/08/2018","25,583.75","25,615.72","25,634.11","25,557.48","217.77M","-0.18%"
"08/07/2018","25,628.91","25,551.65","25,692.72","25,551.65","239.91M","0.50%"
"08/06/2018","25,502.18","25,437.43","25,540.02","25,381.38","238.99M","0.16%"
"08/03/2018","25,462.58","25,360.37","25,467.90","25,325.17","239.02M","0.54%"
"08/02/2018","25,326.16","25,256.45","25,360.48","25,120.07","307.70M","-0.03%"
"08/01/2018","25,333.82","25,461.63","25,488.80","25,278.32","315.88M","-0.32%"
"07/31/2018","25,415.19","25,345.21","25,490.98","25,345.21","348.70M","0.43%"
"07/30/2018","25,306.83","25,439.32","25,500.16","25,287.38","296.88M","-0.57%"
"07/27/2018","25,451.06","25,520.52","25,580.22","25,370.07","329.68M","-0.30%"
"07/26/2018","25,527.07","25,468.55","25,587.24","25,463.16","297.53M","0.44%"
"07/25/2018","25,414.10","25,183.70","25,432.87","25,113.55","273.67M","0.68%"
"07/24/2018","25,241.94","25,092.43","25,286.62","25,092.43","274.94M","0.79%"
"07/23/2018","25,044.29","25,036.90","25,081.45","24,983.33","228.82M","-0.06%"
"07/20/2018","25,058.12","25,041.14","25,124.10","24,986.35","274.08M","-0.03%"
"07/19/2018","25,064.50","25,139.15","25,154.17","25,052.62","285.76M","-0.53%"
"07/18/2018","25,199.29","25,133.79","25,215.32","25,101.12","252.87M","0.32%"
"07/17/2018","25,119.89","25,033.92","25,155.39","24,989.61","250.45M","0.22%"
"07/16/2018","25,064.36","25,025.58","25,072.41","24,979.64","231.27M","0.18%"
"07/13/2018","25,019.41","24,926.07","25,043.21","24,890.06","255.52M","0.38%"
"07/12/2018","24,924.89","24,802.90","24,939.97","24,802.90","233.15M","0.91%"
"07/11/2018","24,700.45","24,789.48","24,815.16","24,663.82","237.37M","-0.88%"
"07/10/2018","24,919.66","24,806.97","24,945.38","24,806.97","235.04M","0.58%"
"07/09/2018","24,776.59","24,519.20","24,796.52","24,518.43","240.58M","1.31%"
"07/06/2018","24,456.48","24,352.47","24,520.29","24,281.47","219.45M","0.41%"
"07/05/2018","24,356.74","24,285.82","24,372.80","24,177.44","237.67M","0.75%"
"07/03/2018","24,174.82","24,359.39","24,444.88","24,150.85","160.96M","-0.54%"
"07/02/2018","24,307.18","24,161.53","24,319.42","24,077.56","244.11M","0.15%"
"06/29/2018","24,271.41","24,323.93","24,509.52","24,269.71","329.07M","0.23%"
"06/28/2018","24,216.05","24,064.19","24,308.16","23,997.21","305.02M","0.41%"
"06/27/2018","24,117.59","24,303.11","24,569.02","24,115.82","313.79M","-0.68%"
"06/26/2018","24,283.11","24,281.89","24,384.21","24,241.22","301.13M","0.12%"
"06/25/2018","24,252.80","24,463.73","24,463.73","24,084.39","439.13M","-1.33%"
"06/22/2018","24,580.89","24,526.97","24,663.18","24,526.97","473.97M","0.49%"
"06/21/2018","24,461.70","24,639.21","24,639.21","24,406.63","349.57M","-0.80%"
"06/20/2018","24,657.80","24,771.17","24,804.76","24,628.39","359.52M","-0.17%"
"06/19/2018","24,700.21","24,763.59","24,763.59","24,567.75","376.38M","-1.15%"
"06/18/2018","24,987.47","24,944.28","25,003.10","24,825.77","337.07M","-0.41%"
"06/15/2018","25,090.48","25,116.71","25,130.82","24,894.38","659.37M","-0.34%"
"06/14/2018","25,175.31","25,254.65","25,332.50","25,138.60","341.17M","-0.10%"
"06/13/2018","25,201.20","25,328.65","25,362.07","25,191.42","329.70M","-0.47%"
"06/12/2018","25,320.73","25,346.82","25,364.37","25,247.04","265.75M","-0.01%"
"06/11/2018","25,322.31","25,336.67","25,402.83","25,290.20","276.74M","0.02%"
"06/08/2018","25,316.53","25,209.29","25,325.63","25,165.70","317.51M","0.30%"
"06/07/2018","25,241.41","25,192.14","25,326.09","25,164.48","357.68M","0.38%"
"06/06/2018","25,146.39","24,854.14","25,146.46","24,854.14","316.09M","1.40%"
"06/05/2018","24,799.98","24,820.12","24,838.78","24,710.82","306.34M","-0.06%"
"06/04/2018","24,813.69","24,727.55","24,859.37","24,722.14","340.40M","0.72%"
"06/01/2018","24,635.21","24,542.09","24,673.60","24,542.09","315.71M","0.90%"
"05/31/2018","24,415.84","24,620.79","24,620.79","24,352.15","429.74M","-1.02%"
"05/30/2018","24,667.78","24,467.83","24,714.48","24,459.09","324.87M","1.26%"
"05/29/2018","24,361.45","24,606.59","24,635.18","24,247.84","395.81M","-1.58%"
"05/25/2018","24,753.09","24,781.29","24,824.22","24,687.81","257.21M","-0.24%"
"05/24/2018","24,811.76","24,877.36","24,877.36","24,605.90","347.05M","-0.30%"
"05/23/2018","24,886.81","24,757.71","24,889.46","24,667.12","399.61M","0.21%"
"05/22/2018","24,834.41","25,047.55","25,064.99","24,812.06","288.20M","-0.72%"
"05/21/2018","25,013.29","24,883.06","25,086.49","24,883.06","308.92M","1.21%"
"05/18/2018","24,715.09","24,707.72","24,774.97","24,664.87","269.70M","0.00%"
"05/17/2018","24,713.98","24,752.40","24,839.49","24,639.40","314.65M","-0.22%"
"05/16/2018","24,768.93","24,722.32","24,801.19","24,672.79","280.81M","0.25%"
"05/15/2018","24,706.41","24,809.55","24,809.55","24,629.39","301.90M","-0.78%"
"05/14/2018","24,899.41","24,879.37","24,994.19","24,862.52","282.86M","0.27%"
"05/11/2018","24,831.17","24,758.64","24,868.65","24,717.50","274.15M","0.37%"
"05/10/2018","24,739.53","24,591.66","24,794.99","24,575.91","304.21M","0.80%"
"05/09/2018","24,542.54","24,399.18","24,586.48","24,323.87","361.58M","0.75%"
"05/08/2018","24,360.21","24,341.35","24,412.34","24,198.34","344.94M","0.01%"
"05/07/2018","24,357.32","24,317.66","24,479.45","24,263.42","307.67M","0.39%"
"05/04/2018","24,262.51","23,865.22","24,333.35","23,778.87","329.48M","1.39%"
"05/03/2018","23,930.15","23,836.23","23,996.15","23,531.31","389.24M","0.02%"
"05/02/2018","23,924.98","24,097.63","24,185.52","23,886.30","385.35M","-0.72%"
"05/01/2018","24,099.05","24,117.29","24,117.29","23,808.19","380.07M","-0.27%"
"04/30/2018","24,163.15","24,410.41","24,498.23","24,163.08","416.65M","-0.61%"
"04/27/2018","24,311.19","24,342.14","24,359.38","24,194.45","392.81M","-0.05%"
"04/26/2018","24,322.34","24,128.72","24,402.46","24,128.72","390.36M","0.99%"
"04/25/2018","24,083.83","24,070.20","24,146.34","23,823.08","437.10M","0.25%"
"04/24/2018","24,024.13","24,579.94","24,579.94","23,828.73","468.18M","-1.74%"
"04/23/2018","24,448.69","24,488.07","24,536.89","24,328.54","351.03M","-0.06%"
"04/20/2018","24,462.94","24,657.39","24,678.07","24,375.04","537.77M","-0.82%"
"04/19/2018","24,664.89","24,711.30","24,762.48","24,557.03","381.11M","-0.34%"
"04/18/2018","24,748.07","24,820.85","24,832.54","24,721.09","302.03M","-0.16%"
"04/17/2018","24,786.63","24,681.79","24,858.97","24,681.79","342.41M","0.87%"
"04/16/2018","24,573.04","24,483.15","24,675.36","24,480.20","305.07M","0.87%"
"04/13/2018","24,360.14","24,582.82","24,646.45","24,243.74","331.89M","-0.50%"
"04/12/2018","24,483.05","24,302.82","24,592.12","24,302.82","336.13M","1.21%"
"04/11/2018","24,189.45","24,274.19","24,366.57","24,150.87","286.36M","-0.90%"
"04/10/2018","24,408.00","24,198.95","24,511.35","24,198.95","368.59M","1.79%"
"04/09/2018","23,979.10","24,037.52","24,373.18","23,954.83","380.79M","0.19%"
"04/06/2018","23,932.76","24,373.60","24,434.40","23,738.20","395.99M","-2.34%"
"04/05/2018","24,505.22","24,313.91","24,622.26","24,313.91","347.79M","0.99%"
"04/04/2018","24,264.30","23,654.15","24,308.96","23,523.16","388.54M","0.96%"
"04/03/2018","24,033.36","23,698.33","24,044.35","23,664.33","394.13M","1.65%"
"04/02/2018","23,644.19","24,076.60","24,123.80","23,344.52","509.82M","-1.90%"
"03/29/2018","24,103.11","23,949.18","24,314.30","23,928.13","463.55M","1.07%"
"03/28/2018","23,848.42","23,883.08","24,092.47","23,728.67","530.04M","-0.04%"
"03/27/2018","23,857.71","24,276.62","24,446.22","23,708.73","524.48M","-1.43%"
"03/26/2018","24,202.60","23,825.74","24,232.30","23,741.22","479.54M","2.84%"
"03/23/2018","23,533.20","23,995.18","24,108.47","23,509.06","482.55M","-1.77%"
"03/22/2018","23,957.89","24,526.01","24,526.01","23,938.74","439.28M","-2.93%"
"03/21/2018","24,682.31","24,723.49","24,977.65","24,655.40","343.23M","-0.18%"
"03/20/2018","24,727.27","24,650.64","24,803.61","24,650.64","342.51M","0.47%"
"03/19/2018","24,610.91","24,893.69","24,893.69","24,453.14","377.99M","-1.35%"
"03/16/2018","24,946.51","24,877.34","25,031.00","24,857.09","654.24M","0.29%"
"03/15/2018","24,873.66","24,837.29","25,053.87","24,753.29","316.31M","0.47%"
"03/14/2018","24,758.12","25,086.97","25,130.12","24,668.83","356.83M","-1.00%"
"03/13/2018","25,007.03","25,257.75","25,376.40","24,947.50","447.88M","-0.68%"
"03/12/2018","25,178.61","25,372.44","25,449.15","25,152.02","362.58M","-0.62%"
"03/09/2018","25,335.74","25,004.89","25,336.33","25,004.89","371.57M","1.77%"
"03/08/2018","24,895.21","24,853.41","24,950.49","24,703.05","327.30M","0.38%"
"03/07/2018","24,801.36","24,758.15","24,849.68","24,535.12","394.07M","-0.33%"
"03/06/2018","24,884.12","24,965.89","24,995.24","24,708.41","331.77M","0.04%"
"03/05/2018","24,874.76","24,471.31","24,961.00","24,387.15","383.91M","1.37%"
"03/02/2018","24,538.06","24,394.91","24,592.46","24,217.76","437.13M","-0.29%"
"03/01/2018","24,608.98","25,024.04","25,185.35","24,442.56","506.28M","-1.68%"
"02/28/2018","25,029.20","25,485.15","25,576.15","25,022.42","451.87M","-1.50%"
"02/27/2018","25,410.03","25,735.78","25,800.35","25,407.83","438.39M","-1.16%"
"02/26/2018","25,709.27","25,403.35","25,732.80","25,398.56","473.36M","1.58%"
"02/23/2018","25,309.99","25,050.51","25,313.91","25,028.73","335.42M","1.39%"
"02/22/2018","24,962.48","24,855.41","25,156.72","24,854.83","378.90M","0.66%"
"02/21/2018","24,797.78","24,988.06","25,267.99","24,792.99","456.07M","-0.67%"
"02/20/2018","24,964.75","25,124.91","25,179.01","24,884.19","421.51M","-1.01%"
"02/16/2018","25,219.38","25,165.94","25,432.42","25,149.26","406.73M","0.08%"
"02/15/2018","25,200.37","25,047.82","25,203.95","24,809.42","416.78M","1.23%"
"02/14/2018","24,893.49","24,535.82","24,925.95","24,490.36","431.16M","1.03%"
"02/13/2018","24,640.45","24,540.33","24,705.72","24,421.03","374.41M","0.16%"
"02/12/2018","24,601.27","24,337.76","24,765.16","24,290.48","496.61M","1.70%"
"02/09/2018","24,190.90","23,992.67","24,382.14","23,360.29","735.03M","1.38%"
"02/08/2018","23,860.46","24,902.30","24,903.68","23,849.23","657.50M","-4.15%"
"02/07/2018","24,893.35","24,892.87","25,293.96","24,785.44","504.62M","-0.08%"
"02/06/2018","24,912.77","24,085.17","24,946.23","23,778.74","823.94M","2.33%"
"02/05/2018","24,345.75","25,337.87","25,520.53","23,923.88","714.45M","-4.60%"
"02/02/2018","25,520.96","26,061.79","26,061.79","25,490.66","522.88M","-2.54%"
"02/01/2018","26,186.71","26,083.04","26,306.70","26,014.44","410.62M","0.14%"
"01/31/2018","26,149.39","26,268.17","26,338.03","26,050.98","479.13M","0.28%"
"01/30/2018","26,076.89","26,198.45","26,256.99","26,028.42","448.33M","-1.37%"
"01/29/2018","26,439.48","26,584.28","26,608.90","26,435.34","421.00M","-0.67%"
"01/26/2018","26,616.71","26,466.74","26,616.71","26,425.35","477.78M","0.85%"
"01/25/2018","26,392.79","26,313.06","26,458.25","26,259.72","401.39M","0.54%"
"01/24/2018","26,252.12","26,282.07","26,392.80","26,106.94","518.79M","0.16%"
"01/23/2018","26,210.81","26,214.87","26,246.19","26,143.90","433.49M","-0.01%"
"01/22/2018","26,214.60","26,025.32","26,215.23","25,974.65","431.20M","0.55%"
"01/19/2018","26,071.72","25,987.35","26,071.72","25,942.83","585.00M","0.21%"
"01/18/2018","26,017.81","26,149.55","26,153.42","25,947.32","492.78M","-0.37%"
"01/17/2018","26,115.65","25,910.78","26,130.45","25,865.02","522.72M","1.25%"
"01/16/2018","25,792.86","25,987.62","26,086.12","25,702.99","606.52M","-0.04%"
"01/12/2018","25,803.19","25,638.39","25,810.43","25,633.08","376.39M","0.89%"
"01/11/2018","25,574.73","25,398.60","25,575.42","25,396.19","346.83M","0.81%"
"01/10/2018","25,369.13","25,348.13","25,404.92","25,256.99","341.47M","-0.07%"
"01/09/2018","25,385.80","25,312.05","25,439.78","25,308.41","333.49M","0.41%"
"01/08/2018","25,283.00","25,308.40","25,311.99","25,235.41","341.39M","-0.05%"
"01/05/2018","25,295.87","25,114.92","25,299.79","25,112.01","358.02M","0.88%"
"01/04/2018","25,075.13","24,964.86","25,105.96","24,963.27","403.28M","0.61%"
"01/03/2018","24,922.68","24,850.45","24,941.92","24,825.55","456.79M","0.40%"
"01/02/2018","24,824.01","24,809.35","24,864.19","24,741.70","341.13M","0.42%"
"12/29/2017","24,719.22","24,849.63","24,871.66","24,719.22","270.76M","-0.48%"
"12/28/2017","24,837.51","24,807.21","24,839.23","24,797.13","200.96M","0.26%"
"12/27/2017","24,774.30","24,766.52","24,789.52","24,731.68","225.89M","0.11%"
"12/26/2017","24,746.21","24,715.84","24,778.13","24,708.42","208.29M","-0.03%"
"12/22/2017","24,754.06","24,764.04","24,784.15","24,717.51","255.14M","-0.11%"
"12/21/2017","24,782.29","24,778.26","24,850.91","24,766.27","339.53M","0.23%"
"12/20/2017","24,726.65","24,838.09","24,852.44","24,697.11","341.79M","-0.11%"
"12/19/2017","24,754.75","24,834.38","24,850.11","24,715.60","335.33M","-0.15%"
"12/18/2017","24,792.20","24,739.56","24,876.07","24,739.56","354.88M","0.57%"
"12/15/2017","24,651.74","24,585.71","24,688.62","24,584.44","635.74M","0.58%"
"12/14/2017","24,508.66","24,631.01","24,672.48","24,508.66","314.78M","-0.31%"
"12/13/2017","24,585.43","24,525.19","24,666.02","24,518.30","325.28M","0.33%"
"12/12/2017","24,504.80","24,452.96","24,552.97","24,443.83","342.22M","0.49%"
"12/11/2017","24,386.03","24,338.11","24,389.72","24,314.74","300.58M","0.23%"
"12/08/2017","24,329.16","24,263.26","24,330.12","24,225.50","293.59M","0.49%"
"12/07/2017","24,211.48","24,116.60","24,262.88","24,101.24","319.06M","0.29%"
"12/06/2017","24,140.91","24,157.85","24,229.19","24,134.49","312.72M","-0.16%"
"12/05/2017","24,180.64","24,335.01","24,349.74","24,155.28","371.19M","-0.45%"
"12/04/2017","24,290.05","24,424.11","24,534.04","24,288.19","424.25M","0.24%"
"12/01/2017","24,231.59","24,305.40","24,322.06","23,921.90","417.91M","-0.17%"
"11/30/2017","24,272.35","24,013.80","24,327.82","24,013.80","488.20M","1.39%"
"11/29/2017","23,940.68","23,883.26","23,959.76","23,872.59","401.41M","0.44%"
"11/28/2017","23,836.71","23,625.19","23,849.61","23,617.11","319.24M","1.09%"
"11/27/2017","23,580.78","23,552.86","23,638.92","23,545.02","296.32M","0.10%"
"11/24/2017","23,557.99","23,552.75","23,599.18","23,551.59","118.61M","0.14%"
"11/22/2017","23,526.18","23,597.24","23,605.77","23,507.61","268.76M","-0.27%"
"11/21/2017","23,590.83","23,500.15","23,617.80","23,500.15","329.65M","0.69%"
"11/20/2017","23,430.33","23,370.71","23,456.88","23,360.58","315.33M","0.31%"
"11/17/2017","23,358.24","23,433.77","23,433.77","23,356.01","386.00M","-0.43%"
"11/16/2017","23,458.36","23,365.34","23,492.19","23,365.34","402.02M","0.80%"
"11/15/2017","23,271.28","23,334.59","23,344.99","23,242.75","404.30M","-0.59%"
"11/14/2017","23,409.47","23,388.40","23,414.08","23,271.57","561.33M","-0.13%"
"11/13/2017","23,439.70","23,367.47","23,461.68","23,343.34","491.26M","0.07%"
"11/10/2017","23,422.21","23,432.71","23,452.20","23,392.96","351.28M","-0.17%"
"11/09/2017","23,461.94","23,492.09","23,516.74","23,310.02","305.44M","-0.43%"
"11/08/2017","23,563.36","23,542.60","23,575.00","23,510.56","264.67M","0.03%"
"11/07/2017","23,557.23","23,574.03","23,602.12","23,484.19","285.08M","0.04%"
"11/06/2017","23,548.42","23,533.96","23,574.86","23,520.75","325.19M","0.04%"
"11/03/2017","23,539.19","23,549.59","23,557.06","23,481.57","312.25M","0.10%"
"11/02/2017","23,516.26","23,463.24","23,531.38","23,350.98","348.04M","0.35%"
"11/01/2017","23,435.01","23,442.90","23,517.71","23,388.91","361.26M","0.25%"
"10/31/2017","23,377.24","23,369.22","23,406.35","23,334.39","388.05M","0.12%"
"10/30/2017","23,348.74","23,405.75","23,428.75","23,327.87","436.90M","-0.36%"
"10/27/2017","23,434.19","23,419.16","23,449.40","23,353.16","518.87M","0.14%"
"10/26/2017","23,400.86","23,380.89","23,459.84","23,380.89","370.60M","0.31%"
"10/25/2017","23,329.46","23,431.09","23,451.51","23,251.11","399.56M","-0.48%"
"10/24/2017","23,441.76","23,346.78","23,485.25","23,343.23","406.85M","0.72%"
"10/23/2017","23,273.96","23,348.95","23,368.37","23,273.96","456.83M","-0.23%"
"10/20/2017","23,328.63","23,205.18","23,328.84","23,201.78","474.38M","0.71%"
"10/19/2017","23,163.04","23,107.47","23,167.24","23,052.67","350.40M","0.02%"
"10/18/2017","23,157.60","23,087.13","23,172.93","23,086.75","271.87M","0.70%"
"10/17/2017","22,997.44","22,952.41","23,002.20","22,948.23","273.09M","0.18%"
"10/16/2017","22,956.96","22,892.92","22,960.12","22,887.12","247.18M","0.37%"
"10/13/2017","22,871.72","22,876.43","22,905.33","22,855.93","259.56M","0.13%"
"10/12/2017","22,841.01","22,854.85","22,884.82","22,821.13","291.79M","-0.14%"
"10/11/2017","22,872.89","22,827.65","22,872.89","22,821.66","316.00M","0.18%"
"10/10/2017","22,830.68","22,784.76","22,850.51","22,770.99","319.27M","0.31%"
"10/09/2017","22,761.07","22,779.73","22,803.37","22,739.38","310.77M","-0.06%"
"10/06/2017","22,773.67","22,762.03","22,773.67","22,730.85","221.45M","-0.01%"
"10/05/2017","22,775.39","22,669.08","22,777.04","22,655.14","246.40M","0.50%"
"10/04/2017","22,661.64","22,645.67","22,685.94","22,632.80","235.73M","0.09%"
"10/03/2017","22,641.67","22,564.45","22,646.32","22,562.90","238.83M","0.37%"
"10/02/2017","22,557.60","22,423.47","22,559.38","22,416.00","268.53M","0.68%"
"09/29/2017","22,405.09","22,358.47","22,405.63","22,332.96","274.79M","0.11%"
"09/28/2017","22,381.20","22,306.83","22,394.74","22,288.97","263.01M","0.18%"
"09/27/2017","22,340.71","22,330.93","22,371.10","22,254.93","342.90M","0.25%"
"09/26/2017","22,284.32","22,322.03","22,369.35","22,279.52","285.99M","-0.05%"
"09/25/2017","22,296.09","22,320.47","22,359.88","22,219.11","332.43M","-0.24%"
"09/22/2017","22,349.59","22,334.07","22,364.31","22,299.58","297.14M","-0.04%"
"09/21/2017","22,359.23","22,414.02","22,419.51","22,356.55","287.39M","-0.24%"
"09/20/2017","22,412.59","22,351.38","22,413.26","22,314.68","334.56M","0.19%"
"09/19/2017","22,370.80","22,349.70","22,386.01","22,340.71","295.57M","0.18%"
"09/18/2017","22,331.35","22,297.92","22,355.62","22,283.35","302.74M","0.28%"
"09/15/2017","22,268.34","22,252.44","22,275.02","22,214.52","527.54M","0.29%"
"09/14/2017","22,203.48","22,144.96","22,216.44","22,135.26","297.78M","0.20%"
"09/13/2017","22,158.18","22,103.47","22,158.18","22,095.79","291.89M","0.18%"
"09/12/2017","22,118.86","22,090.56","22,134.57","22,087.09","364.58M","0.28%"
"09/11/2017","22,057.37","21,927.79","22,067.10","21,927.79","312.77M","1.19%"
"09/08/2017","21,797.79","21,764.43","21,846.63","21,731.12","289.40M","0.06%"
"09/07/2017","21,784.78","21,820.38","21,850.01","21,745.71","333.81M","-0.10%"
"09/06/2017","21,807.64","21,815.76","21,849.24","21,794.07","318.76M","0.25%"
"09/05/2017","21,753.31","21,912.37","21,921.09","21,709.63","332.84M","-1.07%"
"09/01/2017","21,987.56","21,981.77","22,038.97","21,974.91","256.24M","0.18%"
"08/31/2017","21,948.10","21,936.01","21,985.76","21,910.50","376.79M","0.25%"
"08/30/2017","21,892.43","21,859.76","21,914.26","21,839.47","242.84M","0.12%"
"08/29/2017","21,865.37","21,718.00","21,879.22","21,673.58","227.34M","0.26%"
"08/28/2017","21,808.40","21,832.50","21,861.49","21,767.94","218.74M","-0.02%"
"08/25/2017","21,813.67","21,819.08","21,906.86","21,812.81","217.57M","0.14%"
"08/24/2017","21,783.40","21,839.90","21,870.11","21,765.82","228.48M","-0.13%"
"08/23/2017","21,812.09","21,850.27","21,866.66","21,808.39","234.81M","-0.40%"
"08/22/2017","21,899.89","21,739.78","21,912.83","21,738.13","244.98M","0.90%"
"08/21/2017","21,703.75","21,671.36","21,718.74","21,600.34","277.88M","0.13%"
"08/18/2017","21,674.51","21,724.88","21,793.35","21,641.63","309.07M","-0.35%"
"08/17/2017","21,750.73","21,984.74","21,984.74","21,750.32","311.03M","-1.24%"
"08/16/2017","22,024.87","22,031.93","22,085.71","22,002.47","264.92M","0.12%"
"08/15/2017","21,998.99","22,029.91","22,038.92","21,971.48","269.07M","0.02%"
"08/14/2017","21,993.71","21,945.64","22,019.23","21,945.64","235.03M","0.62%"
"08/11/2017","21,858.32","21,883.32","21,911.09","21,842.74","237.79M","0.07%"
"08/10/2017","21,844.01","21,988.20","21,988.20","21,843.94","303.31M","-0.93%"
"08/09/2017","22,048.70","22,022.34","22,057.19","21,996.69","277.80M","-0.17%"
"08/08/2017","22,085.34","22,095.14","22,179.11","22,057.29","262.00M","-0.15%"
"08/07/2017","22,118.42","22,100.20","22,121.15","22,081.97","213.01M","0.12%"
"08/04/2017","22,092.81","22,058.39","22,092.81","22,024.64","253.64M","0.30%"
"08/03/2017","22,026.10","22,007.58","22,044.85","21,991.32","278.73M","0.04%"
"08/02/2017","22,016.24","22,004.36","22,036.10","21,967.46","336.82M","0.24%"
"08/01/2017","21,963.92","21,961.42","21,990.96","21,940.81","328.41M","0.33%"
"07/31/2017","21,891.12","21,863.39","21,929.80","21,861.71","307.61M","0.28%"
"07/28/2017","21,830.31","21,787.51","21,841.18","21,756.12","285.63M","0.15%"
"07/27/2017","21,796.55","21,717.42","21,798.47","21,687.85","407.32M","0.39%"
"07/26/2017","21,711.01","21,690.38","21,742.70","21,683.29","278.24M","0.45%"
"07/25/2017","21,613.43","21,638.56","21,670.62","21,577.37","304.30M","0.47%"
"07/24/2017","21,513.17","21,577.78","21,577.78","21,496.13","284.08M","-0.31%"
"07/21/2017","21,580.07","21,591.72","21,592.61","21,503.78","362.83M","-0.15%"
"07/20/2017","21,611.78","21,641.54","21,661.91","21,576.96","313.95M","-0.13%"
"07/19/2017","21,640.75","21,569.25","21,640.75","21,565.84","253.04M","0.31%"
"07/18/2017","21,574.73","21,589.94","21,589.94","21,471.14","251.11M","-0.25%"
"07/17/2017","21,629.72","21,633.97","21,661.81","21,617.66","244.78M","-0.04%"
"07/14/2017","21,637.74","21,532.77","21,681.53","21,521.72","235.59M","0.39%"
"07/13/2017","21,553.09","21,537.19","21,568.72","21,512.36","232.27M","0.10%"
"07/12/2017","21,532.14","21,467.93","21,580.79","21,467.93","267.87M","0.57%"
"07/11/2017","21,409.07","21,410.17","21,441.62","21,279.30","247.57M","0.00%"
"07/10/2017","21,408.52","21,381.23","21,446.39","21,371.11","270.34M","-0.03%"
"07/07/2017","21,414.34","21,354.66","21,425.82","21,350.72","242.24M","0.44%"
"07/06/2017","21,320.04","21,423.93","21,433.10","21,305.38","320.45M","-0.74%"
"07/05/2017","21,478.17","21,492.83","21,505.36","21,404.76","273.69M","-0.01%"
"07/03/2017","21,479.27","21,392.30","21,562.75","21,391.71","186.81M","0.61%"
"06/30/2017","21,349.63","21,348.60","21,426.12","21,325.08","313.26M","0.29%"
"06/29/2017","21,287.03","21,487.38","21,487.38","21,197.08","336.75M","-0.78%"
"06/28/2017","21,454.61","21,372.36","21,478.75","21,372.36","271.51M","0.68%"
"06/27/2017","21,310.66","21,411.19","21,440.60","21,310.66","292.17M","-0.46%"
"06/26/2017","21,409.55","21,434.68","21,506.21","21,381.25","241.88M","0.07%"
"06/23/2017","21,394.76","21,380.92","21,421.79","21,333.89","368.40M","-0.01%"
"06/22/2017","21,397.29","21,407.98","21,456.47","21,394.81","270.68M","-0.06%"
"06/21/2017","21,410.03","21,466.39","21,492.62","21,390.00","292.50M","-0.27%"
"06/20/2017","21,467.14","21,521.25","21,535.03","21,464.24","310.20M","-0.29%"
"06/19/2017","21,528.99","21,444.75","21,528.99","21,436.08","289.40M","0.68%"
"06/16/2017","21,384.28","21,335.93","21,384.42","21,308.01","603.26M","0.11%"
"06/15/2017","21,359.90","21,291.69","21,367.28","21,261.87","317.20M","-0.07%"
"06/14/2017","21,374.56","21,342.71","21,391.97","21,294.09","295.09M","0.22%"
"06/13/2017","21,328.47","21,256.83","21,332.77","21,256.83","323.51M","0.44%"
"06/12/2017","21,235.67","21,259.95","21,277.08","21,186.15","528.08M","-0.17%"
"06/09/2017","21,271.97","21,208.96","21,305.35","21,159.45","397.20M","0.42%"
"06/08/2017","21,182.53","21,169.76","21,265.69","21,138.16","330.33M","0.04%"
"06/07/2017","21,173.69","21,171.57","21,189.84","21,113.31","273.40M","0.18%"
"06/06/2017","21,136.23","21,145.48","21,180.47","21,118.46","283.55M","-0.23%"
"06/05/2017","21,184.04","21,195.03","21,224.41","21,168.69","269.79M","-0.10%"
"06/02/2017","21,206.29","21,142.09","21,225.04","21,129.56","329.70M","0.29%"
"06/01/2017","21,144.18","21,030.55","21,144.18","20,994.22","276.73M","0.65%"
"05/31/2017","21,008.65","21,048.46","21,051.70","20,942.57","371.58M","-0.10%"
"05/30/2017","21,029.47","21,045.49","21,063.62","21,009.60","242.81M","-0.24%"
"05/26/2017","21,080.28","21,070.15","21,092.82","21,050.49","208.00M","-0.01%"
"05/25/2017","21,082.95","21,062.96","21,112.32","21,051.41","268.97M","0.34%"
"05/24/2017","21,012.42","20,949.21","21,022.82","20,933.58","283.18M","0.36%"
"05/23/2017","20,937.91","20,908.67","20,961.14","20,896.22","244.95M","0.21%"
"05/22/2017","20,894.83","20,867.77","20,914.26","20,860.16","276.12M","0.43%"
"05/19/2017","20,804.84","20,698.28","20,857.13","20,687.94","365.18M","0.69%"
"05/18/2017","20,663.02","20,579.65","20,759.20","20,553.45","422.59M","0.27%"
"05/17/2017","20,606.93","20,846.17","20,846.17","20,601.08","423.20M","-1.78%"
"05/16/2017","20,979.75","20,984.48","21,033.53","20,932.88","311.58M","-0.01%"
"05/15/2017","20,981.94","20,923.63","21,000.83","20,923.63","313.17M","0.41%"
"05/12/2017","20,896.61","20,893.19","20,916.10","20,869.74","288.50M","-0.11%"
"05/11/2017","20,919.42","20,925.72","20,933.36","20,798.90","287.68M","-0.11%"
"05/10/2017","20,943.11","20,958.49","20,976.28","20,884.15","283.34M","-0.16%"
"05/09/2017","20,975.78","21,022.28","21,046.85","20,938.04","273.00M","-0.17%"
"05/08/2017","21,012.28","20,991.26","21,017.89","20,971.05","276.15M","0.03%"
"05/05/2017","21,006.94","20,929.04","21,006.94","20,905.00","260.96M","0.26%"
"05/04/2017","20,951.47","20,987.83","20,990.79","20,847.95","274.72M","-0.03%"
"05/03/2017","20,957.90","20,915.00","20,972.74","20,874.18","310.92M","0.04%"
"05/02/2017","20,949.89","20,941.19","20,960.92","20,904.06","338.81M","0.17%"
"05/01/2017","20,913.46","20,962.73","20,976.62","20,898.38","288.16M","-0.13%"
"04/28/2017","20,940.51","20,987.39","20,987.76","20,926.75","329.99M","-0.19%"
"04/27/2017","20,981.33","20,991.12","21,005.80","20,935.80","305.69M","0.03%"
"04/26/2017","20,975.09","21,009.95","21,070.90","20,972.27","328.55M","-0.10%"
"04/25/2017","20,996.12","20,915.51","21,026.97","20,909.38","348.18M","1.12%"
"04/24/2017","20,763.89","20,723.59","20,792.20","20,723.59","342.40M","1.05%"
"04/21/2017","20,547.76","20,578.10","20,601.40","20,505.33","369.60M","-0.15%"
"04/20/2017","20,578.71","20,406.68","20,629.78","20,406.68","312.44M","0.85%"
"04/19/2017","20,404.49","20,503.52","20,546.69","20,379.55","294.79M","-0.58%"
"04/18/2017","20,523.28","20,561.39","20,600.12","20,462.28","263.18M","-0.55%"
"04/17/2017","20,636.92","20,484.75","20,644.41","20,484.75","229.24M","0.90%"
"04/13/2017","20,453.25","20,561.69","20,612.27","20,453.25","235.81M","-0.67%"
"04/12/2017","20,591.86","20,637.95","20,642.54","20,553.03","267.67M","-0.29%"
"04/11/2017","20,651.30","20,644.32","20,660.03","20,512.56","255.12M","-0.03%"
"04/10/2017","20,658.02","20,668.22","20,750.33","20,614.86","230.48M","0.01%"
"04/07/2017","20,656.10","20,647.81","20,726.07","20,606.95","219.73M","-0.03%"
"04/06/2017","20,662.95","20,653.77","20,746.46","20,612.17","251.72M","0.07%"
"04/05/2017","20,648.15","20,745.06","20,887.50","20,639.55","284.98M","-0.20%"
"04/04/2017","20,689.24","20,634.94","20,701.29","20,605.30","237.39M","0.19%"
"04/03/2017","20,650.21","20,665.17","20,692.34","20,517.82","285.67M","-0.06%"
"03/31/2017","20,663.22","20,700.34","20,722.59","20,660.68","303.77M","-0.31%"
"03/30/2017","20,728.49","20,662.79","20,753.78","20,643.60","270.90M","0.33%"
"03/29/2017","20,659.32","20,675.75","20,684.73","20,625.03","238.32M","-0.20%"
"03/28/2017","20,701.50","20,542.14","20,735.61","20,520.10","299.67M","0.73%"
"03/27/2017","20,550.98","20,488.35","20,578.46","20,412.80","269.38M","-0.22%"
"03/24/2017","20,596.72","20,674.45","20,718.33","20,529.67","292.98M","-0.29%"
"03/23/2017","20,656.58","20,645.07","20,757.89","20,618.62","280.05M","-0.02%"
"03/22/2017","20,661.30","20,640.42","20,686.21","20,578.95","325.09M","-0.03%"
"03/21/2017","20,668.01","20,956.33","20,970.04","20,653.26","369.32M","-1.14%"
"03/20/2017","20,905.86","20,916.27","20,955.45","20,885.70","253.61M","-0.04%"
"03/17/2017","20,914.62","20,965.37","20,980.51","20,911.07","535.28M","-0.10%"
"03/16/2017","20,934.55","20,969.27","21,000.11","20,893.50","264.36M","-0.07%"
"03/15/2017","20,950.10","20,874.78","20,977.47","20,859.60","306.59M","0.54%"
"03/14/2017","20,837.37","20,848.60","20,874.00","20,786.31","246.82M","-0.21%"
"03/13/2017","20,881.48","20,899.28","20,926.06","20,845.71","289.26M","-0.10%"
"03/10/2017","20,902.98","20,919.01","20,940.29","20,827.66","315.43M","0.21%"
"03/09/2017","20,858.19","20,864.32","20,900.57","20,777.16","275.96M","0.01%"
"03/08/2017","20,855.73","20,940.44","20,951.44","20,835.58","296.78M","-0.33%"
"03/07/2017","20,924.76","20,934.89","20,970.54","20,901.26","274.63M","-0.14%"
"03/06/2017","20,954.34","20,955.71","20,986.43","20,912.11","266.62M","-0.24%"
"03/03/2017","21,005.71","21,008.75","21,039.96","20,953.86","254.42M","0.01%"
"03/02/2017","21,002.97","21,128.91","21,129.20","20,996.61","319.91M","-0.53%"
"03/01/2017","21,115.55","20,957.29","21,169.11","20,957.29","392.82M","1.46%"
"02/28/2017","20,812.24","20,833.88","20,841.24","20,781.21","339.21M","-0.12%"
"02/27/2017","20,837.44","20,808.71","20,851.33","20,774.76","256.54M","0.08%"
"02/24/2017","20,821.76","20,751.91","20,821.76","20,733.95","292.54M","0.05%"
"02/23/2017","20,810.32","20,817.21","20,840.70","20,746.41","302.11M","0.17%"
"02/22/2017","20,775.60","20,715.41","20,781.59","20,692.39","310.53M","0.16%"
"02/21/2017","20,743.00","20,663.43","20,757.64","20,663.37","336.88M","0.58%"
"02/17/2017","20,624.05","20,564.13","20,624.05","20,532.61","340.62M","0.02%"
"02/16/2017","20,619.77","20,627.31","20,639.87","20,556.83","354.12M","0.04%"
"02/15/2017","20,611.86","20,504.27","20,620.45","20,496.03","384.38M","0.52%"
"02/14/2017","20,504.41","20,374.22","20,504.41","20,374.02","356.58M","0.45%"
"02/13/2017","20,412.16","20,338.54","20,441.48","20,322.95","314.62M","0.70%"
"02/10/2017","20,269.37","20,211.23","20,298.21","20,204.76","312.23M","0.48%"
"02/09/2017","20,172.40","20,061.73","20,206.36","20,061.73","325.31M","0.59%"
"02/08/2017","20,054.34","20,049.29","20,068.28","20,015.33","280.41M","-0.18%"
"02/07/2017","20,090.29","20,107.62","20,155.35","20,068.68","279.67M","0.19%"
"02/06/2017","20,052.42","20,025.61","20,094.95","20,002.81","281.72M","-0.09%"
"02/03/2017","20,071.46","19,964.21","20,081.48","19,964.21","344.22M","0.94%"
"02/02/2017","19,884.91","19,858.34","19,922.75","19,831.09","347.22M","-0.03%"
"02/01/2017","19,890.94","19,923.81","19,967.73","19,845.99","426.67M","0.14%"
"01/31/2017","19,864.09","19,913.16","19,918.17","19,784.77","373.75M","-0.54%"
"01/30/2017","19,971.13","20,028.62","20,028.62","19,870.39","317.28M","-0.61%"
"01/27/2017","20,093.78","20,103.36","20,115.97","20,072.64","343.13M","-0.04%"
"01/26/2017","20,100.91","20,076.25","20,125.58","20,067.53","356.73M","0.16%"
"01/25/2017","20,068.51","19,994.48","20,082.00","19,994.48","372.24M","0.78%"
"01/24/2017","19,912.71","19,794.68","19,949.24","19,786.71","374.46M","0.57%"
"01/23/2017","19,799.85","19,794.79","19,833.98","19,732.36","326.69M","-0.14%"
"01/20/2017","19,827.25","19,795.06","19,843.94","19,759.14","435.26M","0.48%"
"01/19/2017","19,732.40","19,813.55","19,824.14","19,677.94","301.75M","-0.37%"
"01/18/2017","19,804.72","19,822.73","19,828.20","19,739.00","279.76M","-0.11%"
"01/17/2017","19,826.77","19,848.82","19,882.99","19,775.35","341.90M","-0.30%"
"01/13/2017","19,885.73","19,912.54","19,952.03","19,849.38","263.78M","-0.03%"
"01/12/2017","19,891.00","19,926.21","19,929.29","19,770.47","306.29M","-0.32%"
"01/11/2017","19,954.28","19,887.38","19,973.42","19,833.16","336.15M","0.50%"
"01/10/2017","19,855.53","19,876.35","19,957.12","19,836.03","299.41M","-0.16%"
"01/09/2017","19,887.38","19,931.41","19,943.78","19,887.38","287.51M","-0.38%"
"01/06/2017","19,963.80","19,906.96","19,999.63","19,834.08","277.70M","0.32%"
"01/05/2017","19,899.29","19,924.56","19,948.60","19,811.12","269.92M","-0.21%"
"01/04/2017","19,942.16","19,890.94","19,956.14","19,878.83","280.01M","0.30%"
"01/03/2017","19,881.76","19,872.86","19,938.53","19,775.93","339.18M","0.60%"
"12/30/2016","19,762.60","19,833.17","19,852.55","19,718.67","271.91M","-0.29%"
"12/29/2016","19,819.78","19,835.46","19,878.44","19,788.94","172.04M","-0.07%"
"12/28/2016","19,833.68","19,964.31","19,981.11","19,827.31","188.35M","-0.56%"
"12/27/2016","19,945.04","19,943.46","19,980.24","19,939.80","158.54M","0.06%"
"12/23/2016","19,933.81","19,908.61","19,934.15","19,899.06","158.26M","0.07%"
"12/22/2016","19,918.88","19,922.68","19,933.83","19,882.19","258.29M","-0.12%"
"12/21/2016","19,941.96","19,968.97","19,986.56","19,941.96","256.64M","-0.16%"
"12/20/2016","19,974.62","19,920.59","19,987.63","19,920.42","284.08M","0.46%"
"12/19/2016","19,883.06","19,836.66","19,917.78","19,832.95","302.31M","0.20%"
"12/16/2016","19,843.41","19,909.01","19,923.17","19,821.00","573.47M","-0.04%"
"12/15/2016","19,852.24","19,811.50","19,951.29","19,811.50","357.35M","0.30%"
"12/14/2016","19,792.53","19,876.13","19,966.43","19,748.67","408.43M","-0.60%"
"12/13/2016","19,911.21","19,852.21","19,953.75","19,846.45","388.42M","0.58%"
"12/12/2016","19,796.43","19,770.20","19,824.59","19,747.74","333.66M","0.20%"
"12/09/2016","19,756.85","19,631.35","19,757.74","19,623.19","334.47M","0.72%"
"12/08/2016","19,614.81","19,559.94","19,664.97","19,527.83","324.57M","0.33%"
"12/07/2016","19,549.62","19,241.99","19,558.42","19,229.83","385.20M","1.55%"
"12/06/2016","19,251.78","19,219.91","19,255.89","19,184.74","284.96M","0.18%"
"12/05/2016","19,216.24","19,244.35","19,274.85","19,186.73","317.80M","0.24%"
"12/02/2016","19,170.42","19,161.25","19,196.14","19,141.18","84.92M","-0.11%"
"12/01/2016","19,191.93","19,149.20","19,214.30","19,138.79","108.80M","0.36%"
"11/30/2016","19,123.58","19,135.64","19,225.29","19,123.38","164.57M","0.01%"
"11/29/2016","19,121.60","19,064.07","19,144.40","19,062.22","81.51M","0.12%"
"11/28/2016","19,097.90","19,122.14","19,138.72","19,072.25","88.46M","-0.28%"
"11/25/2016","19,152.14","19,093.72","19,152.14","19,093.72","45.89M","0.36%"
"11/23/2016","19,083.18","19,015.52","19,083.76","19,000.38","77.88M","0.31%"
"11/22/2016","19,023.87","18,970.39","19,043.90","18,962.82","85.31M","0.35%"
"11/21/2016","18,956.69","18,898.68","18,960.76","18,883.10","80.52M","0.47%"
"11/18/2016","18,867.93","18,905.33","18,915.74","18,853.83","109.88M","-0.19%"
"11/17/2016","18,903.82","18,866.22","18,904.03","18,845.27","89.94M","0.19%"
"11/16/2016","18,868.14","18,909.85","18,909.85","18,825.89","87.32M","-0.29%"
"11/15/2016","18,923.06","18,858.21","18,925.26","18,806.06","100.66M","0.29%"
"11/14/2016","18,868.69","18,876.77","18,934.05","18,815.75","112.25M","0.11%"
"11/11/2016","18,847.66","18,781.65","18,855.78","18,736.96","107.30M","0.21%"
"11/10/2016","18,807.88","18,603.14","18,873.66","18,603.14","164.39M","1.17%"
"11/09/2016","18,589.69","18,317.26","18,650.06","18,252.55","173.11M","1.40%"
"11/08/2016","18,332.74","18,251.38","18,400.50","18,200.75","79.82M","0.40%"
"11/07/2016","18,259.60","17,994.64","18,263.30","17,994.64","93.45M","2.08%"
"11/04/2016","17,888.28","17,928.35","17,986.76","17,883.56","97.76M","-0.24%"
"11/03/2016","17,930.67","17,978.75","18,006.96","17,904.07","77.86M","-0.16%"
"11/02/2016","17,959.64","18,017.72","18,044.15","17,931.89","88.61M","-0.43%"
"11/01/2016","18,037.10","18,158.24","18,177.01","17,940.84","101.28M","-0.58%"
"10/31/2016","18,142.42","18,176.60","18,193.68","18,130.58","110.08M","-0.10%"
"10/28/2016","18,161.19","18,193.79","18,257.06","18,094.97","107.85M","-0.05%"
"10/27/2016","18,169.68","18,234.81","18,253.20","18,149.20","83.53M","-0.16%"
"10/26/2016","18,199.33","18,103.80","18,236.04","18,062.30","86.34M","0.17%"
"10/25/2016","18,169.27","18,206.52","18,241.69","18,151.70","83.19M","-0.30%"
"10/24/2016","18,223.03","18,197.14","18,275.04","18,191.18","88.55M","0.43%"
"10/21/2016","18,145.71","18,152.63","18,168.76","18,049.77","117.82M","-0.09%"
"10/20/2016","18,162.35","18,161.87","18,249.05","18,129.07","88.83M","-0.22%"
"10/19/2016","18,202.62","18,178.21","18,252.20","18,169.25","88.04M","0.22%"
"10/18/2016","18,161.94","18,145.06","18,225.80","18,129.45","74.80M","0.42%"
"10/17/2016","18,086.40","18,135.85","18,162.28","18,063.02","75.96M","-0.29%"
"10/14/2016","18,138.38","18,177.35","18,261.11","18,138.38","87.05M","0.22%"
"10/13/2016","18,098.94","18,088.32","18,137.70","17,959.95","83.16M","-0.25%"
"10/12/2016","18,144.20","18,132.63","18,193.96","18,082.09","72.23M","0.09%"
"10/11/2016","18,128.66","18,308.43","18,312.33","18,061.96","88.61M","-1.09%"
"10/10/2016","18,329.04","18,282.95","18,399.96","18,282.95","72.11M","0.49%"
"10/07/2016","18,240.49","18,295.35","18,319.73","18,149.35","82.68M","-0.15%"
"10/06/2016","18,268.50","18,280.42","18,288.12","18,162.97","78.66M","-0.07%"
"10/05/2016","18,281.03","18,205.50","18,315.82","18,205.50","76.19M","0.62%"
"10/04/2016","18,168.45","18,267.68","18,313.77","18,116.26","79.71M","-0.47%"
"10/03/2016","18,253.85","18,279.60","18,279.80","18,203.75","68.52M","-0.30%"
"09/30/2016","18,308.15","18,181.80","18,369.62","18,181.80","135.47M","0.91%"
"09/29/2016","18,143.45","18,322.88","18,366.23","18,091.64","95.88M","-1.07%"
"09/28/2016","18,339.24","18,240.22","18,349.86","18,179.34","97.65M","0.61%"
"09/27/2016","18,228.30","18,099.21","18,238.10","18,052.16","84.13M","0.74%"
"09/26/2016","18,094.83","18,217.76","18,217.76","18,083.32","95.51M","-0.91%"
"09/23/2016","18,261.45","18,377.36","18,383.76","18,254.84","87.18M","-0.71%"
"09/22/2016","18,392.46","18,343.76","18,449.88","18,343.76","73.03M","0.54%"
"09/21/2016","18,293.70","18,164.96","18,307.43","18,121.57","94.10M","0.90%"
"09/20/2016","18,129.96","18,175.36","18,227.21","18,128.80","72.45M","0.05%"
"09/19/2016","18,120.17","18,154.82","18,254.88","18,093.05","78.09M","-0.02%"
"09/16/2016","18,123.80","18,217.21","18,217.21","18,070.21","278.54M","-0.49%"
"09/15/2016","18,212.48","18,024.91","18,250.11","18,015.49","99.56M","0.99%"
"09/14/2016","18,034.77","18,073.39","18,163.48","17,992.21","103.36M","-0.18%"
"09/13/2016","18,066.75","18,262.99","18,262.99","18,028.06","102.83M","-1.41%"
"09/12/2016","18,325.07","18,028.95","18,358.69","17,994.84","103.26M","1.32%"
"09/09/2016","18,085.45","18,404.17","18,404.17","18,085.45","120.67M","-2.13%"
"09/08/2016","18,479.91","18,486.69","18,506.24","18,446.69","79.06M","-0.25%"
"09/07/2016","18,526.14","18,527.71","18,536.89","18,474.77","67.57M","-0.06%"
"09/06/2016","18,538.12","18,493.40","18,551.54","18,450.32","83.71M","0.25%"
"09/02/2016","18,491.96","18,466.01","18,544.76","18,439.10","74.35M","0.39%"
"09/01/2016","18,419.30","18,396.57","18,430.05","18,295.48","74.78M","0.10%"
"08/31/2016","18,400.88","18,436.70","18,439.68","18,333.56","98.25M","-0.29%"
"08/30/2016","18,454.30","18,491.28","18,514.29","18,408.52","68.92M","-0.26%"
"08/29/2016","18,502.99","18,421.29","18,523.09","18,419.92","64.48M","0.58%"
"08/26/2016","18,395.40","18,467.92","18,572.09","18,335.34","78.73M","-0.29%"
"08/25/2016","18,448.41","18,471.21","18,497.68","18,431.46","64.48M","-0.18%"
"08/24/2016","18,481.48","18,537.50","18,539.15","18,448.27","72.27M","-0.35%"
"08/23/2016","18,547.30","18,568.94","18,631.60","18,545.52","73.99M","0.10%"
"08/22/2016","18,529.42","18,535.86","18,570.92","18,466.86","73.45M","-0.12%"
"08/19/2016","18,552.57","18,585.17","18,585.17","18,491.24","93.17M","-0.24%"
"08/18/2016","18,597.70","18,566.54","18,600.82","18,533.29","70.74M","0.13%"
"08/17/2016","18,573.94","18,537.09","18,582.35","18,468.68","71.00M","0.12%"
"08/16/2016","18,552.02","18,614.48","18,614.86","18,550.65","67.57M","-0.45%"
"08/15/2016","18,636.05","18,588.59","18,668.44","18,588.59","62.35M","0.32%"
"08/12/2016","18,576.47","18,595.65","18,606.06","18,535.86","61.58M","-0.20%"
"08/11/2016","18,613.52","18,519.08","18,638.34","18,519.08","71.47M","0.64%"
"08/10/2016","18,495.66","18,541.48","18,561.75","18,468.78","62.78M","-0.20%"
"08/09/2016","18,533.05","18,538.05","18,585.32","18,507.75","60.09M","0.02%"
"08/08/2016","18,529.29","18,540.65","18,569.31","18,502.03","71.81M","-0.08%"
"08/05/2016","18,543.53","18,402.80","18,543.53","18,402.80","92.42M","1.04%"
"08/04/2016","18,352.05","18,351.43","18,397.87","18,325.17","64.50M","-0.02%"
"08/03/2016","18,355.00","18,313.08","18,355.00","18,283.23","78.55M","0.23%"
"08/02/2016","18,313.77","18,401.15","18,403.65","18,247.79","89.68M","-0.49%"
"08/01/2016","18,404.51","18,434.50","18,467.03","18,355.75","83.47M","-0.15%"
"07/29/2016","18,432.24","18,442.52","18,466.55","18,371.12","111.55M","-0.13%"
"07/28/2016","18,456.35","18,461.01","18,483.26","18,368.82","85.75M","-0.09%"
"07/27/2016","18,472.17","18,473.27","18,542.39","18,430.94","111.37M","-0.01%"
"07/26/2016","18,473.75","18,497.37","18,522.47","18,387.22","85.37M","-0.10%"
"07/25/2016","18,493.06","18,554.49","18,555.69","18,452.62","76.81M","-0.42%"
"07/22/2016","18,570.85","18,524.15","18,571.30","18,491.59","87.71M","0.29%"
"07/21/2016","18,517.23","18,589.96","18,590.44","18,469.67","86.80M","-0.42%"
"07/20/2016","18,595.03","18,582.70","18,622.01","18,555.65","93.23M","0.19%"
"07/19/2016","18,559.01","18,503.12","18,562.53","18,495.11","85.84M","0.14%"
"07/18/2016","18,533.05","18,521.55","18,556.13","18,489.84","75.54M","0.09%"
"07/15/2016","18,516.55","18,508.88","18,557.43","18,471.62","123.69M","0.05%"
"07/14/2016","18,506.41","18,414.30","18,537.57","18,414.30","87.05M","0.73%"
"07/13/2016","18,372.12","18,356.78","18,390.16","18,315.76","80.92M","0.13%"
"07/12/2016","18,347.67","18,259.12","18,371.95","18,259.12","90.21M","0.66%"
"07/11/2016","18,226.93","18,161.53","18,283.90","18,161.53","80.88M","0.44%"
"07/08/2016","18,146.74","17,971.22","18,166.77","17,971.22","93.46M","1.40%"
"07/07/2016","17,895.88","17,924.24","17,984.95","17,816.65","81.57M","-0.13%"
"07/06/2016","17,918.62","17,807.47","17,926.91","17,713.45","93.00M","0.44%"
"07/05/2016","17,840.62","17,904.45","17,904.45","17,785.28","103.67M","-0.61%"
"07/01/2016","17,949.37","17,924.24","18,002.38","17,916.91","82.16M","0.11%"
"06/30/2016","17,929.99","17,712.76","17,930.61","17,711.80","133.03M","1.33%"
"06/29/2016","17,694.68","17,456.02","17,704.51","17,456.02","106.38M","1.64%"
"06/28/2016","17,409.72","17,190.51","17,409.72","17,190.51","112.19M","1.57%"
"06/27/2016","17,140.24","17,355.21","17,355.21","17,063.08","138.74M","-1.50%"
"06/24/2016","17,400.75","17,946.63","17,946.63","17,356.34","239.00M","-3.39%"
"06/23/2016","18,011.07","17,844.11","18,011.07","17,844.11","98.11M","1.29%"
"06/22/2016","17,780.83","17,832.67","17,920.16","17,770.36","89.44M","-0.27%"
"06/21/2016","17,829.73","17,827.33","17,877.84","17,799.80","85.14M","0.14%"
"06/20/2016","17,804.87","17,736.87","17,946.36","17,736.87","99.38M","0.73%"
"06/17/2016","17,675.16","17,733.44","17,733.44","17,602.78","248.68M","-0.33%"
"06/16/2016","17,733.10","17,602.23","17,754.91","17,471.29","91.95M","0.53%"
"06/15/2016","17,640.17","17,703.65","17,762.96","17,629.01","94.13M","-0.20%"
"06/14/2016","17,674.82","17,710.77","17,733.92","17,595.79","93.74M","-0.33%"
"06/13/2016","17,732.48","17,830.50","17,893.28","17,731.35","101.69M","-0.74%"
"06/10/2016","17,865.34","17,938.82","17,938.82","17,812.34","90.54M","-0.67%"
"06/09/2016","17,985.19","17,969.98","18,005.22","17,915.88","69.69M","-0.11%"
"06/08/2016","18,005.05","17,931.91","18,016.00","17,931.91","71.26M","0.37%"
"06/07/2016","17,938.28","17,936.22","18,003.23","17,936.22","78.75M","0.10%"
"06/06/2016","17,920.33","17,825.69","17,949.68","17,822.81","71.87M","0.64%"
"06/03/2016","17,807.06","17,799.80","17,833.17","17,689.68","82.28M","-0.18%"
"06/02/2016","17,838.56","17,789.05","17,838.56","17,703.55","75.56M","0.27%"
"06/01/2016","17,789.67","17,754.55","17,809.18","17,664.79","78.53M","0.01%"
"05/31/2016","17,787.20","17,891.50","17,899.24","17,724.03","147.39M","-0.48%"
"05/27/2016","17,873.22","17,826.85","17,873.22","17,824.73","73.19M","0.25%"
"05/26/2016","17,828.29","17,859.52","17,888.66","17,803.82","68.94M","-0.13%"
"05/25/2016","17,851.51","17,735.09","17,891.71","17,735.09","79.18M","0.82%"
"05/24/2016","17,706.05","17,525.19","17,742.59","17,525.19","86.48M","1.22%"
"05/23/2016","17,492.93","17,507.04","17,550.70","17,480.05","87.79M","-0.05%"
"05/20/2016","17,500.94","17,437.32","17,571.75","17,437.32","112.00M","0.38%"
"05/19/2016","17,435.40","17,514.16","17,514.16","17,331.07","95.53M","-0.52%"
"05/18/2016","17,526.62","17,501.28","17,636.22","17,418.21","79.12M","-0.02%"
"05/17/2016","17,529.98","17,701.46","17,701.46","17,469.92","103.26M","-1.02%"
"05/16/2016","17,710.71","17,531.76","17,755.80","17,531.76","88.44M","1.00%"
"05/13/2016","17,535.32","17,711.12","17,734.74","17,512.48","86.65M","-1.05%"
"05/12/2016","17,720.50","17,722.01","17,798.19","17,625.38","88.56M","0.05%"
"05/11/2016","17,711.12","17,919.03","17,919.03","17,711.05","87.39M","-1.21%"
"05/10/2016","17,928.35","17,726.66","17,934.61","17,726.66","75.79M","1.26%"
"05/09/2016","17,705.91","17,743.85","17,783.16","17,668.38","85.59M","-0.20%"
"05/06/2016","17,740.63","17,650.30","17,744.54","17,580.38","80.02M","0.45%"
"05/05/2016","17,660.71","17,664.48","17,736.11","17,615.82","81.53M","0.05%"
"05/04/2016","17,651.26","17,735.02","17,738.06","17,609.01","95.02M","-0.56%"
"05/03/2016","17,750.91","17,870.75","17,870.75","17,670.88","97.06M","-0.78%"
"05/02/2016","17,891.16","17,783.78","17,912.35","17,773.71","80.10M","0.66%"
"04/29/2016","17,773.64","17,813.09","17,814.83","17,651.98","136.67M","-0.32%"
"04/28/2016","17,830.76","18,023.88","18,035.73","17,796.55","100.92M","-1.17%"
"04/27/2016","18,041.55","17,996.14","18,084.66","17,920.26","109.09M","0.28%"
"04/26/2016","17,990.32","17,987.38","18,043.77","17,934.17","92.57M","0.07%"
"04/25/2016","17,977.24","17,990.94","17,990.94","17,855.55","83.77M","-0.15%"
"04/22/2016","18,003.75","17,985.05","18,026.85","17,909.89","134.12M","0.12%"
"04/21/2016","17,982.52","18,092.84","18,107.29","17,963.89","102.72M","-0.63%"
"04/20/2016","18,096.27","18,059.49","18,167.63","18,031.21","100.21M","0.24%"
"04/19/2016","18,053.60","18,012.10","18,103.46","17,984.43","89.82M","0.27%"
"04/18/2016","18,004.16","17,890.20","18,009.53","17,848.22","89.39M","0.60%"
"04/15/2016","17,897.46","17,925.95","17,937.65","17,867.41","118.16M","-0.16%"
"04/14/2016","17,926.43","17,912.25","17,962.14","17,885.44","84.51M","0.10%"
"04/13/2016","17,908.28","17,741.66","17,918.35","17,741.66","91.71M","1.06%"
"04/12/2016","17,721.25","17,571.34","17,744.43","17,553.57","81.02M","0.94%"
"04/11/2016","17,556.41","17,586.48","17,731.63","17,555.90","107.10M","-0.12%"
"04/08/2016","17,576.96","17,555.39","17,694.51","17,528.16","79.99M","0.20%"
"04/07/2016","17,541.96","17,687.28","17,687.28","17,484.23","90.12M","-0.98%"
"04/06/2016","17,716.05","17,605.45","17,723.55","17,542.54","99.41M","0.64%"
"04/05/2016","17,603.32","17,718.03","17,718.03","17,579.56","115.23M","-0.75%"
"04/04/2016","17,737.00","17,799.39","17,806.38","17,710.67","85.23M","-0.31%"
"04/01/2016","17,792.75","17,661.74","17,811.48","17,568.02","104.89M","0.61%"
"03/31/2016","17,685.09","17,716.05","17,755.70","17,669.72","102.60M","-0.18%"
"03/30/2016","17,716.66","17,652.36","17,790.11","17,652.36","79.33M","0.47%"
"03/29/2016","17,633.11","17,512.58","17,642.81","17,434.27","86.16M","0.56%"
"03/28/2016","17,535.39","17,526.08","17,583.81","17,493.03","70.46M","0.11%"
"03/24/2016","17,515.73","17,485.33","17,517.14","17,399.01","84.10M","0.08%"
"03/23/2016","17,502.59","17,588.81","17,588.81","17,486.27","84.24M","-0.45%"
"03/22/2016","17,582.57","17,602.71","17,648.94","17,540.42","95.45M","-0.23%"
"03/21/2016","17,623.87","17,589.70","17,644.97","17,551.28","84.41M","0.12%"
"03/18/2016","17,602.30","17,481.49","17,620.58","17,481.49","321.23M","0.69%"
"03/17/2016","17,481.49","17,321.38","17,529.01","17,297.65","117.99M","0.90%"
"03/16/2016","17,325.76","17,249.34","17,379.18","17,204.07","118.71M","0.43%"
"03/15/2016","17,251.53","17,217.15","17,251.70","17,120.35","92.83M","0.13%"
"03/14/2016","17,229.13","17,207.49","17,275.07","17,161.16","96.35M","0.09%"
"03/11/2016","17,213.31","17,014.99","17,220.09","17,014.99","123.43M","1.28%"
"03/10/2016","16,995.13","17,006.05","17,130.11","16,821.86","117.57M","-0.03%"
"03/09/2016","17,000.36","16,969.17","17,048.50","16,947.94","116.69M","0.21%"
"03/08/2016","16,964.10","17,050.67","17,072.79","16,921.51","108.38M","-0.64%"
"03/07/2016","17,073.95","16,991.29","17,099.25","16,940.48","100.29M","0.40%"
"03/04/2016","17,006.77","16,945.00","17,062.38","16,898.84","106.91M","0.37%"
"03/03/2016","16,943.90","16,896.17","16,944.31","16,820.73","91.11M","0.26%"
"03/02/2016","16,899.32","16,851.17","16,900.17","16,766.32","104.47M","0.20%"
"03/01/2016","16,865.08","16,545.67","16,865.56","16,545.67","105.05M","2.11%"
"02/29/2016","16,516.50","16,634.15","16,726.12","16,510.40","126.22M","-0.74%"
"02/26/2016","16,639.97","16,712.70","16,795.98","16,623.91","98.48M","-0.34%"
"02/25/2016","16,697.29","16,504.38","16,697.98","16,458.42","94.12M","1.29%"
"02/24/2016","16,484.99","16,418.84","16,507.39","16,165.86","93.62M","0.32%"
"02/23/2016","16,431.78","16,610.39","16,610.39","16,403.53","98.17M","-1.14%"
"02/22/2016","16,620.66","16,417.13","16,664.24","16,417.13","102.24M","1.40%"
"02/19/2016","16,391.99","16,410.96","16,410.96","16,278.00","134.34M","-0.13%"
"02/18/2016","16,413.43","16,483.76","16,511.84","16,390.43","104.95M","-0.25%"
"02/17/2016","16,453.83","16,217.98","16,486.12","16,217.98","124.08M","1.59%"
"02/16/2016","16,196.41","16,012.39","16,196.41","16,012.39","142.03M","1.39%"
"02/12/2016","15,973.84","15,691.62","15,974.04","15,691.62","132.55M","2.00%"
"02/11/2016","15,660.18","15,897.82","15,897.82","15,503.01","172.07M","-1.60%"
"02/10/2016","15,914.74","16,035.61","16,201.89","15,899.91","122.29M","-0.62%"
"02/09/2016","16,014.38","16,005.41","16,136.62","15,881.11","127.74M","-0.08%"
"02/08/2016","16,027.05","16,147.51","16,147.51","15,803.55","165.88M","-1.10%"
"02/05/2016","16,204.97","16,417.95","16,423.63","16,129.81","139.01M","-1.29%"
"02/04/2016","16,416.58","16,329.67","16,485.84","16,266.16","131.49M","0.49%"
"02/03/2016","16,336.66","16,186.20","16,381.69","15,960.45","141.87M","1.13%"
"02/02/2016","16,153.54","16,420.21","16,420.21","16,108.44","126.21M","-1.80%"
"02/01/2016","16,449.18","16,453.63","16,510.98","16,299.47","114.45M","-0.10%"
"01/29/2016","16,466.30","16,090.26","16,466.30","16,090.26","217.94M","2.47%"
"01/28/2016","16,069.64","15,960.28","16,102.14","15,863.72","130.12M","0.79%"
"01/27/2016","15,944.46","16,168.74","16,235.03","15,878.30","138.35M","-1.38%"
"01/26/2016","16,167.23","15,893.16","16,185.79","15,893.16","118.21M","1.78%"
"01/25/2016","15,885.22","16,086.46","16,086.46","15,880.15","123.25M","-1.29%"
"01/22/2016","16,093.51","15,921.10","16,136.79","15,921.10","145.85M","1.33%"
"01/21/2016","15,882.68","15,768.87","16,038.59","15,704.66","145.14M","0.74%"
"01/20/2016","15,766.74","15,989.45","15,989.45","15,450.56","191.87M","-1.56%"
"01/19/2016","16,016.02","16,009.45","16,171.96","15,900.25","144.36M","0.17%"
"01/15/2016","15,988.08","16,354.33","16,354.33","15,842.11","239.21M","-2.39%"
"01/14/2016","16,379.05","16,159.01","16,482.05","16,075.12","158.83M","1.41%"
"01/13/2016","16,151.41","16,526.63","16,593.51","16,123.20","153.53M","-2.21%"
"01/12/2016","16,516.22","16,419.11","16,591.35","16,322.07","117.48M","0.72%"
"01/11/2016","16,398.57","16,358.71","16,461.85","16,232.03","127.79M","0.32%"
"01/08/2016","16,346.45","16,519.17","16,651.89","16,314.57","141.85M","-1.02%"
"01/07/2016","16,514.10","16,888.36","16,888.36","16,463.63","176.24M","-2.32%"
"01/06/2016","16,906.51","17,154.83","17,154.83","16,817.62","120.25M","-1.47%"
"01/05/2016","17,158.66","17,147.50","17,195.84","17,038.61","105.75M","0.06%"
"01/04/2016","17,148.94","17,405.48","17,405.48","16,957.63","148.06M","-1.58%"
"12/31/2015","17,425.03","17,590.66","17,590.66","17,421.16","93.69M","-1.02%"
"12/30/2015","17,603.87","17,711.94","17,714.13","17,588.87","59.76M","-0.66%"
"12/29/2015","17,720.98","17,547.37","17,750.02","17,547.37","69.86M","1.10%"
"12/28/2015","17,528.27","17,535.66","17,536.90","17,437.34","59.77M","-0.14%"
"12/24/2015","17,552.17","17,593.26","17,606.34","17,543.95","40.35M","-0.29%"
"12/23/2015","17,602.61","17,427.63","17,607.92","17,427.63","92.82M","1.06%"
"12/22/2015","17,417.27","17,253.55","17,451.11","17,242.86","91.57M","0.96%"
"12/21/2015","17,251.62","17,154.94","17,272.36","17,116.73","114.91M","0.72%"
"12/18/2015","17,128.55","17,495.04","17,496.58","17,124.31","344.56M","-2.10%"
"12/17/2015","17,495.84","17,756.54","17,796.76","17,493.50","115.78M","-1.43%"
"12/16/2015","17,749.09","17,530.85","17,784.36","17,483.68","123.79M","1.28%"
"12/15/2015","17,524.91","17,374.78","17,627.63","17,341.18","123.43M","0.90%"
"12/14/2015","17,368.50","17,277.11","17,378.02","17,138.47","142.54M","0.60%"
"12/11/2015","17,265.21","17,574.75","17,574.75","17,230.50","134.51M","-1.76%"
"12/10/2015","17,574.75","17,493.17","17,697.74","17,474.66","107.31M","0.47%"
"12/09/2015","17,492.30","17,558.18","17,767.69","17,403.51","122.02M","-0.43%"
"12/08/2015","17,568.00","17,703.99","17,703.99","17,485.39","113.72M","-0.92%"
"12/07/2015","17,730.51","17,845.49","17,845.49","17,639.25","99.67M","-0.66%"
"12/04/2015","17,847.63","17,482.68","17,866.47","17,482.68","137.65M","2.12%"
"12/03/2015","17,477.67","17,741.57","17,780.59","17,425.56","126.99M","-1.42%"
"12/02/2015","17,729.68","17,883.14","17,901.58","17,708.20","102.86M","-0.89%"
"12/01/2015","17,888.35","17,719.72","17,895.50","17,719.72","103.88M","0.95%"
"11/30/2015","17,719.92","17,802.84","17,837.24","17,719.79","155.56M","-0.44%"
"11/27/2015","17,798.49","17,806.04","17,830.36","17,749.32","46.82M","-0.08%"
"11/25/2015","17,813.39","17,820.81","17,854.92","17,801.83","82.54M","0.01%"
"11/24/2015","17,812.19","17,770.90","17,862.60","17,683.51","127.17M","0.11%"
"11/23/2015","17,792.68","17,823.61","17,868.18","17,751.53","134.68M","-0.17%"
"11/20/2015","17,823.81","17,732.75","17,914.34","17,732.75","153.14M","0.51%"
"11/19/2015","17,732.75","17,739.83","17,772.97","17,681.98","114.63M","-0.02%"
"11/18/2015","17,737.16","17,485.49","17,752.16","17,485.49","106.81M","1.42%"
"11/17/2015","17,489.50","17,486.99","17,599.33","17,451.41","167.19M","0.04%"
"11/16/2015","17,483.01","17,229.94","17,483.01","17,210.43","137.59M","1.38%"
"11/13/2015","17,245.24","17,439.25","17,439.25","17,238.89","134.64M","-1.16%"
"11/12/2015","17,448.07","17,691.93","17,691.93","17,443.50","113.66M","-1.44%"
"11/11/2015","17,702.22","17,769.50","17,807.18","17,696.91","95.23M","-0.32%"
"11/10/2015","17,758.21","17,724.13","17,768.66","17,657.72","108.64M","0.16%"
"11/09/2015","17,730.48","17,900.78","17,900.78","17,667.78","121.21M","-1.00%"
"11/06/2015","17,910.33","17,855.22","17,912.04","17,768.60","107.45M","0.26%"
"11/05/2015","17,863.43","17,871.25","17,929.51","17,779.19","98.91M","-0.02%"
"11/04/2015","17,867.58","17,929.58","17,964.12","17,828.83","99.89M","-0.28%"
"11/03/2015","17,918.15","17,819.74","17,977.85","17,796.02","92.29M","0.50%"
"11/02/2015","17,828.76","17,672.62","17,845.90","17,655.02","100.84M","0.94%"
"10/30/2015","17,663.54","17,756.60","17,799.96","17,662.87","149.25M","-0.52%"
"10/29/2015","17,755.80","17,771.50","17,786.00","17,684.72","90.30M","-0.13%"
"10/28/2015","17,779.52","17,586.69","17,779.95","17,556.71","115.63M","1.13%"
"10/27/2015","17,581.43","17,608.89","17,635.18","17,540.57","115.18M","-0.24%"
"10/26/2015","17,623.05","17,649.57","17,660.70","17,602.51","116.66M","-0.13%"
"10/23/2015","17,646.70","17,525.11","17,679.37","17,525.11","158.09M","0.90%"
"10/22/2015","17,489.16","17,180.88","17,505.18","17,180.88","152.42M","1.87%"
"10/21/2015","17,168.61","17,225.93","17,314.99","17,153.13","107.10M","-0.28%"
"10/20/2015","17,217.11","17,228.47","17,264.88","17,147.99","106.67M","-0.08%"
"10/19/2015","17,230.54","17,209.43","17,235.95","17,129.19","118.43M","0.08%"
"10/16/2015","17,215.97","17,141.75","17,220.02","17,107.35","145.88M","0.43%"
"10/15/2015","17,141.75","16,944.86","17,144.42","16,933.57","122.96M","1.28%"
"10/14/2015","16,924.75","17,079.08","17,111.38","16,887.67","120.11M","-0.92%"
"10/13/2015","17,081.89","17,113.55","17,172.81","17,034.45","99.40M","-0.29%"
"10/12/2015","17,131.86","17,082.29","17,139.21","17,064.58","72.50M","0.28%"
"10/09/2015","17,084.49","17,054.69","17,110.88","17,027.23","103.73M","0.20%"
"10/08/2015","17,050.75","16,904.17","17,081.28","16,859.34","100.73M","0.82%"
"10/07/2015","16,912.29","16,805.42","16,963.30","16,765.00","115.69M","0.73%"
"10/06/2015","16,790.19","16,774.02","16,865.09","16,746.03","120.01M","0.08%"
"10/05/2015","16,776.43","16,502.10","16,798.37","16,502.10","127.66M","1.85%"
"10/02/2015","16,472.37","16,258.25","16,472.77","16,013.66","136.89M","1.23%"
"10/01/2015","16,272.01","16,278.62","16,348.87","16,073.82","111.42M","-0.08%"
"09/30/2015","16,284.70","16,057.08","16,297.60","16,057.08","145.74M","1.47%"
"09/29/2015","16,049.13","16,001.76","16,118.89","15,942.37","121.16M","0.30%"
"09/28/2015","16,001.89","16,313.26","16,313.26","15,981.85","139.93M","-1.92%"
"09/25/2015","16,314.67","16,205.07","16,465.23","16,205.07","130.79M","0.70%"
"09/24/2015","16,201.32","16,257.11","16,257.11","16,016.36","122.22M","-0.48%"
"09/23/2015","16,279.89","16,332.81","16,355.29","16,211.98","86.03M","-0.31%"
"09/22/2015","16,330.47","16,477.45","16,477.45","16,221.73","119.01M","-1.09%"
"09/21/2015","16,510.19","16,406.10","16,578.60","16,391.88","90.73M","0.77%"
"09/18/2015","16,384.58","16,674.74","16,674.74","16,343.76","341.71M","-1.74%"
"09/17/2015","16,674.74","16,738.08","16,933.43","16,639.93","129.60M","-0.39%"
"09/16/2015","16,739.95","16,599.51","16,755.98","16,593.90","99.62M","0.84%"
"09/15/2015","16,599.85","16,382.58","16,644.11","16,382.58","93.05M","1.40%"
"09/14/2015","16,370.96","16,450.86","16,450.86","16,330.87","92.66M","-0.38%"
"09/11/2015","16,433.09","16,330.40","16,434.76","16,244.65","104.63M","0.63%"
"09/10/2015","16,330.40","16,252.57","16,441.94","16,212.08","122.69M","0.47%"
"09/09/2015","16,253.57","16,505.04","16,664.65","16,220.10","118.79M","-1.45%"
"09/08/2015","16,492.68","16,109.93","16,503.41","16,109.93","123.87M","2.42%"
"09/04/2015","16,102.38","16,371.76","16,371.76","16,026.61","127.27M","-1.66%"
"09/03/2015","16,374.76","16,364.34","16,550.07","16,317.31","109.73M","0.14%"
"09/02/2015","16,351.38","16,058.35","16,352.58","16,058.35","133.48M","1.82%"
"09/01/2015","16,058.35","16,528.03","16,528.03","15,979.95","171.39M","-2.84%"
"08/31/2015","16,528.03","16,632.02","16,632.02","16,444.05","141.44M","-0.69%"
"08/28/2015","16,643.01","16,649.42","16,669.97","16,535.18","131.79M","-0.07%"
"08/27/2015","16,654.77","16,285.51","16,666.69","16,285.51","171.98M","2.27%"
"08/26/2015","16,285.51","15,676.26","16,303.75","15,676.26","208.42M","3.95%"
"08/25/2015","15,666.44","15,882.27","16,312.94","15,651.24","213.22M","-1.29%"
"08/24/2015","15,871.35","16,459.75","16,459.75","15,370.33","293.92M","-3.57%"
"08/21/2015","16,459.75","16,990.69","16,990.69","16,459.55","225.17M","-3.12%"
"08/20/2015","16,990.69","17,345.32","17,345.32","16,990.69","128.53M","-2.06%"
"08/19/2015","17,348.73","17,508.74","17,517.19","17,282.42","104.72M","-0.93%"
"08/18/2015","17,511.34","17,537.30","17,568.40","17,486.42","79.90M","-0.19%"
"08/17/2015","17,545.18","17,472.66","17,551.40","17,341.72","73.38M","0.39%"
"08/14/2015","17,477.40","17,410.12","17,492.90","17,394.06","82.12M","0.40%"
"08/13/2015","17,408.25","17,401.64","17,481.78","17,341.34","88.55M","0.03%"
"08/12/2015","17,402.51","17,382.93","17,423.90","17,125.81","120.40M","0.00%"
"08/11/2015","17,402.84","17,593.59","17,593.59","17,352.63","103.01M","-1.21%"
"08/10/2015","17,615.17","17,375.18","17,629.13","17,375.18","92.43M","1.39%"
"08/07/2015","17,373.38","17,414.94","17,414.94","17,279.08","81.80M","-0.27%"
"08/06/2015","17,419.75","17,542.61","17,572.04","17,362.86","96.17M","-0.69%"
"08/05/2015","17,540.47","17,555.24","17,661.37","17,492.90","102.45M","-0.06%"
"08/04/2015","17,550.69","17,596.93","17,635.78","17,505.50","99.06M","-0.27%"
"08/03/2015","17,598.20","17,696.74","17,704.76","17,496.61","87.88M","-0.52%"
"07/31/2015","17,689.86","17,755.87","17,783.59","17,671.59","106.12M","-0.32%"
"07/30/2015","17,745.98","17,743.24","17,761.25","17,640.85","76.65M","-0.03%"
"07/29/2015","17,751.39","17,631.40","17,776.78","17,629.20","93.14M","0.69%"
"07/28/2015","17,630.27","17,449.81","17,650.07","17,449.81","103.45M","1.09%"
"07/27/2015","17,440.59","17,561.78","17,561.78","17,399.17","117.86M","-0.73%"
"07/24/2015","17,568.53","17,731.05","17,756.54","17,553.73","103.47M","-0.92%"
"07/23/2015","17,731.92","17,853.78","17,860.95","17,705.03","88.60M","-0.67%"
"07/22/2015","17,851.04","17,918.35","17,919.35","17,807.41","112.37M","-0.38%"
"07/21/2015","17,919.29","18,096.67","18,096.67","17,868.34","100.17M","-1.00%"
"07/20/2015","18,100.41","18,085.91","18,137.12","18,064.50","75.06M","0.08%"
"07/17/2015","18,086.45","18,117.58","18,121.12","18,032.06","106.51M","-0.19%"
"07/16/2015","18,120.25","18,078.16","18,131.61","18,065.33","85.03M","0.39%"
"07/15/2015","18,050.17","18,053.38","18,090.39","18,010.15","80.46M","-0.02%"
"07/14/2015","18,053.58","17,974.61","18,072.82","17,956.17","76.74M","0.42%"
"07/13/2015","17,977.68","17,787.27","17,987.57","17,787.27","86.38M","1.22%"
"07/10/2015","17,760.41","17,561.12","17,797.49","17,561.12","85.80M","1.21%"
"07/09/2015","17,548.62","17,530.38","17,764.85","17,530.38","100.52M","0.19%"
"07/08/2015","17,515.42","17,759.01","17,759.01","17,496.22","69.83M","-1.47%"
"07/07/2015","17,776.91","17,684.92","17,793.45","17,465.68","105.84M","0.53%"
"07/06/2015","17,683.58","17,728.08","17,734.36","17,564.36","90.13M","-0.26%"
"07/02/2015","17,730.11","17,763.32","17,825.49","17,687.52","83.10M","-0.16%"
"07/01/2015","17,757.91","17,638.12","17,801.83","17,638.12","87.01M","0.79%"
"06/30/2015","17,619.51","17,599.96","17,714.66","17,576.50","126.46M","0.13%"
"06/29/2015","17,596.35","17,936.74","17,936.74","17,590.55","116.34M","-1.95%"
"06/26/2015","17,946.68","17,892.03","18,013.15","17,892.03","158.12M","0.31%"
"06/25/2015","17,890.36","17,977.11","18,036.10","17,890.36","78.99M","-0.42%"
"06/24/2015","17,966.07","18,139.10","18,139.10","17,966.07","104.98M","-0.98%"
"06/23/2015","18,144.07","18,121.78","18,188.81","18,108.10","75.97M","0.13%"
"06/22/2015","18,119.78","18,027.63","18,181.67","18,027.63","77.78M","0.58%"
"06/19/2015","18,015.95","18,116.24","18,117.71","18,010.58","258.30M","-0.55%"
"06/18/2015","18,115.84","17,944.61","18,174.73","17,944.61","94.46M","1.00%"
"06/17/2015","17,935.74","17,909.58","17,998.00","17,839.65","92.41M","0.17%"
"06/16/2015","17,904.48","17,787.43","17,919.62","17,774.12","77.51M","0.64%"
"06/15/2015","17,791.17","17,890.76","17,890.76","17,698.42","91.92M","-0.60%"
"06/12/2015","17,898.84","18,035.83","18,035.83","17,857.07","83.76M","-0.78%"
"06/11/2015","18,039.37","18,001.27","18,109.77","18,001.27","89.49M","0.22%"
"06/10/2015","18,000.40","17,765.38","18,045.14","17,765.38","96.98M","1.33%"
"06/09/2015","17,764.04","17,766.95","17,817.83","17,714.97","90.55M","-0.01%"
"06/08/2015","17,766.55","17,849.46","17,852.35","17,760.61","86.30M","-0.46%"
"06/05/2015","17,849.46","17,905.38","17,940.78","17,822.90","89.14M","-0.31%"
"06/04/2015","17,905.58","18,072.47","18,087.15","17,876.95","93.47M","-0.94%"
"06/03/2015","18,076.27","18,018.42","18,168.09","18,010.42","73.12M","0.36%"
"06/02/2015","18,011.94","18,033.33","18,091.87","17,925.33","77.55M","-0.16%"
"06/01/2015","18,040.37","18,017.82","18,105.83","17,982.06","85.64M","0.16%"
"05/29/2015","18,010.68","18,128.12","18,128.12","17,967.74","139.81M","-0.64%"
"05/28/2015","18,126.12","18,154.14","18,154.14","18,066.40","67.51M","-0.20%"
"05/27/2015","18,162.99","18,045.08","18,190.35","18,045.08","96.40M","0.67%"
"05/26/2015","18,041.54","18,229.75","18,229.75","17,990.02","109.44M","-1.04%"
"05/22/2015","18,232.02","18,286.87","18,286.87","18,217.14","78.89M","-0.29%"
"05/21/2015","18,285.74","18,285.87","18,314.89","18,249.90","84.27M","0.00%"
"05/20/2015","18,285.40","18,315.06","18,350.13","18,272.56","80.19M","-0.15%"
"05/19/2015","18,312.39","18,300.48","18,351.36","18,261.35","87.20M","0.07%"
"05/18/2015","18,298.88","18,267.25","18,325.54","18,244.26","79.08M","0.14%"
"05/15/2015","18,272.56","18,251.97","18,272.72","18,215.07","108.22M","0.11%"
"05/14/2015","18,252.24","18,062.49","18,255.21","18,062.49","91.58M","1.06%"
"05/13/2015","18,060.49","18,070.37","18,132.79","18,039.20","85.18M","-0.04%"
"05/12/2015","18,068.23","18,096.16","18,119.18","17,924.80","89.27M","-0.20%"
"05/11/2015","18,105.17","18,187.78","18,199.95","18,089.11","86.05M","-0.47%"
"05/08/2015","18,191.11","17,933.64","18,205.23","17,933.64","94.96M","1.49%"
"05/07/2015","17,924.06","17,840.25","17,973.07","17,796.94","80.92M","0.46%"
"05/06/2015","17,841.98","17,934.81","18,019.75","17,733.12","100.43M","-0.48%"
"05/05/2015","17,928.20","18,062.53","18,086.01","17,905.71","95.34M","-0.79%"
"05/04/2015","18,070.40","18,026.02","18,133.76","18,026.02","86.01M","0.26%"
"05/01/2015","18,024.06","17,859.27","18,028.89","17,859.27","91.70M","1.03%"
"04/30/2015","17,840.52","18,033.33","18,033.33","17,774.89","129.21M","-1.08%"
"04/29/2015","18,035.53","18,093.69","18,096.46","17,953.69","102.08M","-0.41%"
"04/28/2015","18,110.14","18,035.90","18,119.65","17,917.36","124.93M","0.40%"
"04/27/2015","18,037.97","18,097.89","18,175.56","18,024.66","121.11M","-0.23%"
"04/24/2015","18,080.14","18,056.42","18,108.87","18,009.08","119.13M","0.12%"
"04/23/2015","18,058.69","18,031.90","18,133.03","17,966.77","100.24M","0.11%"
"04/22/2015","18,038.27","17,950.82","18,056.02","17,887.76","91.26M","0.49%"
"04/21/2015","17,949.59","18,034.23","18,109.70","17,929.63","95.18M","-0.47%"
"04/20/2015","18,034.93","17,841.18","18,092.22","17,841.18","103.16M","1.17%"
"04/17/2015","17,826.30","18,102.56","18,102.56","17,748.53","138.86M","-1.54%"
"04/16/2015","18,105.77","18,106.27","18,169.26","18,063.86","89.52M","-0.04%"
"04/15/2015","18,112.61","18,045.71","18,160.52","18,045.71","113.61M","0.42%"
"04/14/2015","18,036.70","17,979.11","18,075.60","17,905.48","82.83M","0.33%"
"04/13/2015","17,977.04","18,052.32","18,107.57","17,974.81","120.09M","-0.45%"
"04/10/2015","18,057.65","17,956.73","18,066.76","17,945.55","116.41M","0.55%"
"04/09/2015","17,958.73","17,897.70","17,984.22","17,823.10","86.74M","0.31%"
"04/08/2015","17,902.51","17,877.62","17,976.20","17,822.23","76.82M","0.15%"
"04/07/2015","17,875.42","17,884.32","17,983.12","17,871.21","72.15M","-0.03%"
"04/06/2015","17,880.85","17,755.50","17,941.79","17,646.80","100.85M","0.66%"
"04/02/2015","17,763.24","17,699.52","17,815.03","17,673.49","87.37M","0.37%"
"04/01/2015","17,698.18","17,778.52","17,778.52","17,585.01","103.36M","-0.44%"
"03/31/2015","17,776.12","17,965.37","17,965.37","17,773.02","119.47M","-1.11%"
"03/30/2015","17,976.31","17,727.48","18,008.64","17,727.48","104.04M","1.49%"
"03/27/2015","17,712.66","17,673.63","17,729.14","17,630.49","103.22M","0.19%"
"03/26/2015","17,678.23","17,716.27","17,759.51","17,579.27","117.74M","-0.23%"
"03/25/2015","17,718.54","18,012.61","18,041.97","17,718.54","106.59M","-1.62%"
"03/24/2015","18,011.14","18,110.87","18,149.24","18,010.44","87.19M","-0.58%"
"03/23/2015","18,116.04","18,136.73","18,205.93","18,116.04","98.03M","-0.06%"
"03/20/2015","18,127.65","17,961.13","18,197.29","17,961.13","334.25M","0.94%"
"03/19/2015","17,959.03","18,072.58","18,072.99","17,934.24","107.82M","-0.65%"
"03/18/2015","18,076.19","17,846.80","18,097.12","17,697.52","130.95M","1.27%"
"03/17/2015","17,849.08","17,972.22","17,972.22","17,785.79","82.56M","-0.71%"
"03/16/2015","17,977.42","17,751.24","17,988.50","17,751.24","101.76M","1.29%"
"03/13/2015","17,749.31","17,889.05","17,889.05","17,629.89","113.63M","-0.82%"
"03/12/2015","17,895.22","17,626.84","17,900.10","17,620.49","111.55M","1.47%"
"03/11/2015","17,635.39","17,662.94","17,731.78","17,627.00","102.12M","-0.16%"
"03/10/2015","17,662.94","17,989.56","17,989.56","17,662.94","120.45M","-1.85%"
"03/09/2015","17,995.72","17,856.56","18,031.04","17,856.56","85.82M","0.78%"
"03/06/2015","17,856.78","18,135.72","18,135.72","17,825.15","113.35M","-1.54%"
"03/05/2015","18,135.72","18,096.90","18,160.35","18,087.65","75.84M","0.21%"
"03/04/2015","18,096.90","18,203.37","18,203.37","18,029.50","80.90M","-0.58%"
"03/03/2015","18,203.37","18,281.95","18,281.95","18,136.88","83.83M","-0.47%"
"03/02/2015","18,288.63","18,134.05","18,288.63","18,122.59","89.79M","0.86%"
"02/27/2015","18,132.70","18,213.26","18,213.26","18,132.38","101.11M","-0.45%"
"02/26/2015","18,214.42","18,224.41","18,239.43","18,157.07","81.50M","-0.06%"
"02/25/2015","18,224.57","18,208.67","18,244.38","18,182.76","80.48M","0.08%"
"02/24/2015","18,209.19","18,112.57","18,231.09","18,098.73","79.31M","0.51%"
"02/23/2015","18,116.84","18,140.76","18,141.21","18,054.84","83.67M","-0.13%"
"02/20/2015","18,140.44","17,985.77","18,144.29","17,878.37","111.39M","0.86%"
"02/19/2015","17,985.77","18,028.67","18,028.67","17,924.60","79.13M","-0.24%"
"02/18/2015","18,029.85","18,045.72","18,048.70","17,982.20","75.09M","-0.10%"
"02/17/2015","18,047.58","18,019.80","18,052.01","17,951.41","98.76M","0.16%"
"02/13/2015","18,019.35","17,968.65","18,037.41","17,961.76","85.23M","0.26%"
"02/12/2015","17,972.38","17,862.14","17,975.65","17,862.14","117.16M","0.62%"
"02/11/2015","17,862.14","17,867.86","17,897.21","17,759.65","89.89M","-0.04%"
"02/10/2015","17,868.76","17,736.15","17,890.34","17,729.24","89.93M","0.79%"
"02/09/2015","17,729.21","17,821.49","17,821.49","17,685.32","81.59M","-0.53%"
"02/06/2015","17,824.29","17,881.54","17,951.09","17,764.40","93.61M","-0.34%"
"02/05/2015","17,884.88","17,677.26","17,889.58","17,677.26","79.89M","1.20%"
"02/04/2015","17,673.02","17,664.99","17,782.22","17,603.21","102.56M","0.04%"
"02/03/2015","17,666.40","17,369.97","17,670.76","17,369.97","112.86M","1.76%"
"02/02/2015","17,361.04","17,169.99","17,367.68","17,037.76","108.09M","1.14%"
"01/30/2015","17,164.95","17,416.85","17,419.90","17,156.82","168.56M","-1.45%"
"01/29/2015","17,416.85","17,195.29","17,433.13","17,136.30","111.69M","1.31%"
"01/28/2015","17,191.37","17,402.91","17,484.41","17,189.00","115.98M","-1.13%"
"01/27/2015","17,387.21","17,638.53","17,638.53","17,288.31","135.94M","-1.65%"
"01/26/2015","17,678.70","17,668.11","17,696.36","17,567.60","87.22M","0.03%"
"01/23/2015","17,672.60","17,812.50","17,812.50","17,667.53","97.11M","-0.79%"
"01/22/2015","17,813.98","17,557.29","17,840.89","17,482.54","111.98M","1.48%"
"01/21/2015","17,554.28","17,509.96","17,599.58","17,396.04","95.53M","0.22%"
"01/20/2015","17,515.23","17,516.96","17,588.70","17,346.73","119.60M","0.02%"
"01/16/2015","17,511.57","17,320.00","17,528.37","17,243.55","140.48M","1.10%"
"01/15/2015","17,320.71","17,436.30","17,517.41","17,298.04","94.52M","-0.61%"
"01/14/2015","17,427.09","17,609.06","17,609.06","17,264.90","109.18M","-1.06%"
"01/13/2015","17,613.68","17,645.02","17,923.01","17,498.23","99.36M","-0.15%"
"01/12/2015","17,640.84","17,742.05","17,793.88","17,571.58","92.50M","-0.54%"
"01/09/2015","17,737.37","17,911.02","17,915.32","17,686.09","93.39M","-0.95%"
"01/08/2015","17,907.87","17,591.97","17,916.04","17,591.97","114.89M","1.84%"
"01/07/2015","17,584.52","17,374.78","17,597.08","17,374.78","91.03M","1.23%"
"01/06/2015","17,371.64","17,504.18","17,581.05","17,262.37","101.87M","-0.74%"
"01/05/2015","17,501.65","17,821.30","17,821.30","17,475.93","116.16M","-1.86%"
"01/02/2015","17,832.99","17,823.07","17,951.78","17,731.30","76.27M","0.06%"