"Date","Price","Open","High","Low","Vol.","Change %"
"01/29/2025","72.59","73.47","73.69","72.08","","-1.21%"
"01/28/2025","73.48","72.85","73.99","72.69","","0.85%"
"01/27/2025","72.86","73.91","74.86","72.21","","-1.43%"
"01/26/2025","73.92","74.23","74.35","73.88","","-0.63%"
"01/24/2025","74.39","74.08","75.02","73.85","","0.40%"
"01/23/2025","74.09","75.06","75.82","74.03","","-1.28%"
"01/22/2025","75.05","75.61","76.28","75.02","","-0.73%"
"01/21/2025","75.60","76.25","77.02","74.94","","-0.87%"
"01/20/2025","76.26","77.55","77.74","75.75","","-1.66%"
"01/19/2025","77.55","77.55","77.55","77.54","","0.38%"
"01/17/2025","77.26","77.86","78.41","77.04","","-0.76%"
"01/16/2025","77.85","78.99","79.13","76.89","","-1.46%"
"01/15/2025","79.00","76.79","79.38","76.18","","2.86%"
"01/14/2025","76.80","77.38","77.59","76.30","","-0.75%"
"01/13/2025","77.38","77.16","77.80","76.41","","2.02%"
"01/10/2025","75.85","73.66","77.00","73.44","","2.99%"
"01/09/2025","73.65","72.74","73.75","72.35","","1.26%"
"01/08/2025","72.73","74.12","74.66","72.69","","-1.89%"
"01/07/2025","74.13","72.89","74.22","72.70","","1.70%"
"01/06/2025","72.89","73.67","74.47","72.78","","-1.06%"
"01/05/2025","73.67","73.56","73.77","73.48","","0.08%"
"01/03/2025","73.61","72.77","73.83","72.36","","1.18%"
"01/02/2025","72.75","71.81","73.40","71.54","","1.32%"
"01/01/2025","71.80","71.56","71.80","71.55","","0.34%"
"12/31/2024","71.56","71.00","71.77","70.66","","0.80%"
"12/30/2024","70.99","70.27","71.33","70.03","","1.01%"
"12/29/2024","70.28","70.17","70.33","69.97","","0.29%"
"12/27/2024","70.08","69.52","70.58","69.29","","0.79%"
"12/26/2024","69.53","70.07","70.56","69.21","","-0.76%"
"12/25/2024","70.06","70.07","70.13","70.04","","0.20%"
"12/24/2024","69.92","69.35","70.28","69.24","","0.84%"
"12/23/2024","69.34","69.50","69.82","68.50","","-0.22%"
"12/22/2024","69.49","69.33","69.54","69.32","","0.01%"
"12/20/2024","69.48","69.12","69.76","68.39","","0.51%"
"12/19/2024","69.13","69.39","70.51","69.05","","-0.36%"
"12/18/2024","69.38","69.72","70.75","69.33","","-0.49%"
"12/17/2024","69.72","70.19","70.52","68.84","","-0.67%"
"12/16/2024","70.19","70.69","70.75","70.00","","-0.71%"
"12/15/2024","70.69","70.69","70.77","70.58","","0.03%"
"12/13/2024","70.67","69.60","70.96","69.55","","1.54%"
"12/12/2024","69.60","69.95","70.32","68.80","","-0.50%"
"12/11/2024","69.95","68.22","70.14","68.22","","2.52%"
"12/10/2024","68.23","67.94","68.79","67.53","","0.44%"
"12/09/2024","67.93","67.17","68.67","67.00","","1.15%"
"12/08/2024","67.16","66.98","67.17","66.93","","0.24%"
"12/06/2024","67.00","68.20","68.23","66.82","","-1.75%"
"12/05/2024","68.19","68.55","68.91","67.78","","-0.51%"
"12/04/2024","68.54","69.81","70.28","68.31","","-1.81%"
"12/03/2024","69.80","68.03","70.01","67.78","","2.65%"
"12/02/2024","68.00","68.16","68.96","67.58","","-0.23%"
"12/01/2024","68.16","67.85","68.24","67.84","","-0.50%"
"11/29/2024","68.50","68.70","69.53","68.11","","-0.29%"
"11/28/2024","68.70","68.64","69.15","68.13","","0.09%"
"11/27/2024","68.64","68.73","69.22","68.03","","-0.13%"
"11/26/2024","68.73","68.52","70.14","67.95","","0.31%"
"11/25/2024","68.52","71.15","71.28","68.52","","-3.68%"
"11/24/2024","71.14","71.28","71.28","70.94","","0.11%"
"11/22/2024","71.06","70.05","71.39","69.22","","1.44%"
"11/21/2024","70.05","68.99","70.32","68.82","","1.52%"
"11/20/2024","69.00","69.28","69.92","68.62","","-0.43%"
"11/19/2024","69.30","68.92","69.72","68.48","","0.54%"
"11/18/2024","68.93","66.72","69.36","66.66","","3.30%"
"11/17/2024","66.73","66.75","66.86","66.53","","-0.24%"
"11/15/2024","66.89","68.43","68.51","66.72","","-2.26%"
"11/14/2024","68.44","67.90","69.25","67.78","","0.81%"
"11/13/2024","67.89","67.94","68.71","66.83","","-0.04%"
"11/12/2024","67.92","68.09","68.99","67.67","","-0.25%"
"11/11/2024","68.09","70.05","70.34","67.83","","-2.78%"
"11/10/2024","70.04","70.06","70.22","69.88","","-0.27%"
"11/08/2024","70.23","71.90","71.97","69.77","","-2.34%"
"11/07/2024","71.91","71.42","72.54","70.42","","0.70%"
"11/06/2024","71.41","71.75","72.33","69.52","","-0.49%"
"11/05/2024","71.76","71.21","72.38","71.04","","0.76%"
"11/04/2024","71.22","70.30","71.56","70.12","","1.31%"
"11/03/2024","70.30","70.26","70.55","70.04","","1.69%"
"11/01/2024","69.13","70.34","71.18","69.11","","-1.71%"
"10/31/2024","70.33","68.75","70.53","68.09","","2.30%"
"10/30/2024","68.75","67.28","68.99","67.14","","2.18%"
"10/29/2024","67.28","67.81","68.36","66.58","","-0.77%"
"10/28/2024","67.80","68.65","68.75","66.82","","-1.25%"
"10/27/2024","68.66","67.87","68.69","67.83","","-4.05%"
"10/25/2024","71.56","70.36","71.80","69.89","","1.75%"
"10/24/2024","70.33","71.08","72.23","69.69","","-1.10%"
"10/23/2024","71.11","71.37","71.63","70.08","","-0.35%"
"10/22/2024","71.36","69.94","72.03","69.30","","2.02%"
"10/21/2024","69.95","68.79","70.34","68.51","","1.67%"
"10/20/2024","68.80","68.84","68.97","68.44","","0.00%"
"10/18/2024","68.80","70.24","70.62","68.16","","-2.08%"
"10/17/2024","70.26","70.16","70.53","68.92","","0.19%"
"10/16/2024","70.13","70.47","70.71","69.17","","-0.50%"
"10/15/2024","70.48","71.13","71.45","69.27","","-0.96%"
"10/14/2024","71.16","73.65","74.25","70.91","","-3.38%"
"10/13/2024","73.65","74.37","74.37","73.52","","-1.67%"
"10/11/2024","74.90","75.04","75.42","73.98","","-0.21%"
"10/10/2024","75.06","72.86","75.62","72.85","","3.03%"
"10/09/2024","72.85","73.49","73.95","71.20","","-0.84%"
"10/08/2024","73.47","76.78","76.88","72.33","","-4.27%"
"10/07/2024","76.75","73.49","77.93","73.38","","4.42%"
"10/06/2024","73.50","73.95","73.95","73.25","","-0.81%"
"10/04/2024","74.10","73.55","75.11","73.16","","0.75%"
"10/03/2024","73.55","70.58","73.77","70.31","","4.19%"
"10/02/2024","70.59","70.56","72.22","69.67","","0.01%"
"10/01/2024","70.58","68.13","71.67","66.19","","3.58%"
"09/30/2024","68.14","68.09","69.12","67.41","","0.09%"
"09/29/2024","68.08","68.38","68.41","67.72","","-0.54%"
"09/27/2024","68.45","67.17","68.47","66.90","","1.91%"
"09/26/2024","67.17","69.50","69.83","66.81","","-3.24%"
"09/25/2024","69.42","71.39","71.53","69.14","","-2.76%"
"09/24/2024","71.39","70.44","72.20","70.28","","1.33%"
"09/23/2024","70.45","70.92","71.64","69.37","","-0.58%"
"09/22/2024","70.86","71.13","71.21","70.74","","-0.37%"
"09/20/2024","71.12","70.94","71.31","70.27","","0.30%"
"09/19/2024","70.91","69.34","71.44","69.09","","2.31%"
"09/18/2024","69.31","69.89","70.26","68.56","","-0.79%"
"09/17/2024","69.86","69.28","70.66","68.53","","0.84%"
"09/16/2024","69.28","67.94","69.66","67.75","","1.96%"
"09/15/2024","67.95","68.28","68.47","67.94","","-0.57%"
"09/13/2024","68.34","68.55","69.44","67.68","","-0.31%"
"09/12/2024","68.55","66.66","69.05","66.66","","2.82%"
"09/11/2024","66.67","65.73","67.28","65.12","","1.45%"
"09/10/2024","65.72","68.16","68.48","64.78","","-3.59%"
"09/09/2024","68.17","67.80","68.36","66.81","","0.53%"
"09/08/2024","67.81","67.59","67.83","67.51","","0.25%"
"09/06/2024","67.64","68.89","69.64","66.73","","-1.83%"
"09/05/2024","68.90","68.83","70.30","68.39","","0.09%"
"09/04/2024","68.84","69.79","70.96","68.44","","-1.39%"
"09/03/2024","69.81","73.28","73.73","69.72","","-4.68%"
"09/02/2024","73.24","72.54","73.86","72.44","","0.98%"
"09/01/2024","72.53","72.77","72.77","72.53","","-0.89%"
"08/30/2024","73.18","75.12","75.95","72.92","","-2.57%"
"08/29/2024","75.11","73.97","76.27","73.56","","1.53%"
"08/28/2024","73.98","75.38","75.52","73.50","","-1.86%"
"08/27/2024","75.38","76.74","77.02","75.03","","-1.79%"
"08/26/2024","76.75","76.67","77.22","76.48","","-1.94%"
"08/16/2024","78.27","78.44","78.56","78.22","","-0.17%"
"08/15/2024","78.40","77.67","79.08","77.39","","0.90%"
"08/14/2024","77.70","78.91","79.27","77.37","","-1.57%"
"08/13/2024","78.94","79.81","80.39","78.43","","-1.11%"
"08/12/2024","79.83","77.04","80.42","76.98","","3.61%"
"08/11/2024","77.05","77.32","77.33","76.97","","-0.45%"
"08/09/2024","77.40","76.44","77.45","76.20","","1.24%"
"08/08/2024","76.45","75.89","76.89","74.97","","0.80%"
"08/07/2024","75.84","73.23","76.25","72.97","","3.54%"
"08/06/2024","73.25","74.53","74.98","72.64","","-1.84%"
"08/05/2024","74.62","74.42","74.73","72.11","","0.24%"
"08/04/2024","74.44","74.75","74.92","74.17","","-0.33%"
"08/02/2024","74.69","77.35","77.86","73.51","","-3.46%"
"08/01/2024","77.37","79.17","79.48","76.86","","-2.24%"
"07/31/2024","79.14","75.92","79.30","75.78","","4.26%"
"07/30/2024","75.91","76.31","76.61","75.25","","-0.51%"
"07/29/2024","76.30","77.97","78.38","76.04","","-2.12%"
"07/28/2024","77.95","78.08","78.17","77.91","","0.96%"
"07/26/2024","77.21","79.08","79.39","76.97","","-2.34%"
"07/25/2024","79.06","78.27","79.29","76.83","","0.97%"
"07/24/2024","78.30","78.20","79.03","77.82","","0.14%"
"07/23/2024","78.19","79.12","79.61","77.25","","-1.20%"
"07/22/2024","79.14","79.97","80.06","78.49","","-1.01%"
"07/21/2024","79.95","79.75","80.00","79.67","","0.38%"
"07/19/2024","79.65","81.81","82.38","79.59","","-2.66%"
"07/18/2024","81.83","82.75","83.36","81.68","","-1.15%"
"07/17/2024","82.78","80.75","82.80","80.53","","2.49%"
"07/16/2024","80.77","81.89","81.94","80.33","","-1.37%"
"07/15/2024","81.89","82.36","82.59","81.56","","-0.55%"
"07/14/2024","82.34","82.31","82.66","82.31","","0.01%"
"07/12/2024","82.33","83.19","83.87","82.24","","-0.97%"
"07/11/2024","83.14","82.61","83.27","81.79","","0.65%"
"07/10/2024","82.60","81.86","82.81","80.95","","0.93%"
"07/09/2024","81.84","82.42","82.64","81.42","","-0.69%"
"07/08/2024","82.41","83.36","83.38","82.27","","-1.16%"
"07/07/2024","83.38","83.36","83.50","83.02","","-0.24%"
"07/05/2024","83.58","84.17","84.75","83.31","","-0.69%"
"07/04/2024","84.16","83.84","84.43","83.25","","0.36%"
"07/03/2024","83.86","83.25","84.17","82.71","","0.71%"
"07/02/2024","83.27","83.66","84.64","82.98","","-0.48%"
"07/01/2024","83.67","81.98","83.88","81.88","","2.05%"
"06/30/2024","81.99","81.70","82.10","81.69","","0.22%"
"06/28/2024","81.81","82.16","83.02","81.28","","-0.46%"
"06/27/2024","82.19","80.97","82.36","80.83","","1.54%"
"06/26/2024","80.94","81.06","81.96","80.52","","-0.15%"
"06/25/2024","81.06","82.06","82.22","80.89","","-1.18%"
"06/24/2024","82.03","80.58","82.19","80.58","","1.79%"
"06/23/2024","80.59","80.86","81.05","80.58","","-0.46%"
"06/21/2024","80.96","81.58","82.16","80.73","","-0.83%"
"06/20/2024","81.64","81.00","81.91","80.80","","0.82%"
"06/19/2024","80.98","81.15","81.56","80.72","","-0.25%"
"06/18/2024","81.18","80.28","81.26","79.58","","1.23%"
"06/17/2024","80.19","78.31","80.43","78.02","","2.44%"
"06/16/2024","78.28","78.44","78.54","78.28","","-0.32%"
"06/14/2024","78.53","78.00","79.25","77.88","","0.72%"
"06/13/2024","77.97","78.39","78.98","77.78","","-0.54%"
"06/12/2024","78.39","78.23","79.44","78.01","","0.18%"
"06/11/2024","78.25","78.20","78.48","77.36","","0.08%"
"06/10/2024","78.19","75.47","78.43","75.44","","3.56%"
"06/09/2024","75.50","75.39","75.64","75.39","","-0.12%"
"06/07/2024","75.59","75.89","76.42","75.39","","-0.38%"
"06/06/2024","75.88","74.64","75.97","74.25","","1.69%"
"06/05/2024","74.62","73.17","74.64","73.06","","1.98%"
"06/04/2024","73.17","74.25","74.31","72.69","","-1.49%"
"06/03/2024","74.28","77.00","77.75","74.05","","-3.53%"
"06/02/2024","77.00","77.17","77.31","76.64","","-0.57%"
"05/31/2024","77.44","78.00","78.89","76.94","","-0.76%"
"05/30/2024","78.03","79.52","79.69","77.92","","-1.89%"
"05/29/2024","79.53","80.55","80.92","79.30","","-1.27%"
"05/28/2024","80.55","78.94","80.62","78.94","","2.03%"
"05/27/2024","78.95","78.17","79.12","78.06","","1.01%"
"05/26/2024","78.16","78.14","78.17","78.03","","-0.03%"
"05/24/2024","78.18","77.19","78.40","76.52","","1.24%"
"05/23/2024","77.22","77.53","79.04","76.81","","-0.40%"
"05/22/2024","77.53","78.71","78.80","77.47","","-1.47%"
"05/21/2024","78.69","79.69","79.70","78.06","","-1.25%"
"05/20/2024","79.69","79.81","80.53","79.12","","-0.11%"
"05/19/2024","79.78","79.97","80.14","79.77","","-0.25%"
"05/17/2024","79.98","79.37","80.12","79.06","","0.74%"
"05/16/2024","79.39","78.97","79.78","78.22","","0.56%"
"05/15/2024","78.95","78.47","78.97","76.84","","0.60%"
"05/14/2024","78.48","79.27","79.50","77.84","","-0.97%"
"05/13/2024","79.25","78.23","79.63","77.92","","1.32%"
"05/12/2024","78.22","78.25","78.30","78.12","","-0.20%"
"05/10/2024","78.38","79.86","80.17","78.34","","-1.83%"
"05/09/2024","79.84","79.47","80.00","79.14","","0.47%"
"05/08/2024","79.47","78.53","79.48","77.12","","1.20%"
"05/07/2024","78.53","79.14","79.30","77.81","","-0.73%"
"05/06/2024","79.11","78.62","79.34","78.20","","0.60%"
"05/05/2024","78.64","78.44","78.84","78.33","","0.45%"
"05/03/2024","78.29","79.56","79.92","78.26","","-1.56%"
"05/02/2024","79.53","79.45","80.22","78.73","","0.11%"
"05/01/2024","79.44","81.72","81.92","79.17","","-2.75%"
"04/30/2024","81.69","82.97","83.67","81.32","","-1.55%"
"04/29/2024","82.98","83.61","84.31","82.77","","-0.75%"
"04/28/2024","83.61","84.00","84.02","83.60","","-0.63%"
"04/26/2024","84.14","84.22","84.91","83.80","","-0.07%"
"04/25/2024","84.20","83.11","84.29","82.46","","1.25%"
"04/24/2024","83.16","83.91","84.16","82.91","","-0.91%"
"04/23/2024","83.92","82.61","84.02","81.37","","1.62%"
"04/22/2024","82.58","82.42","82.78","81.22","","0.17%"
"04/21/2024","82.44","82.34","82.61","82.34","","-0.30%"
"04/19/2024","82.69","82.62","86.19","81.72","","0.12%"
"04/18/2024","82.59","82.84","83.42","81.64","","-0.33%"
"04/17/2024","82.86","85.53","85.58","82.61","","-3.12%"
"04/16/2024","85.53","85.89","86.23","84.86","","-0.38%"
"04/15/2024","85.86","85.70","86.08","84.16","","0.20%"
"04/14/2024","85.69","86.12","86.12","85.32","","0.11%"
"04/12/2024","85.60","85.62","87.77","85.47","","-0.01%"
"04/11/2024","85.61","86.39","86.78","85.00","","-0.93%"
"04/10/2024","86.41","85.50","86.54","84.73","","1.10%"
"04/09/2024","85.47","86.83","87.16","85.28","","-1.57%"
"04/08/2024","86.83","86.06","87.30","84.89","","0.87%"
"04/07/2024","86.08","86.38","86.38","86.00","","-1.01%"
"04/05/2024","86.96","87.22","87.85","86.56","","-0.30%"
"04/04/2024","87.22","85.84","87.46","84.89","","1.64%"
"04/03/2024","85.81","85.73","86.45","85.11","","0.07%"
"04/02/2024","85.75","84.12","85.86","84.12","","1.91%"
"04/01/2024","84.14","83.47","84.76","82.89","","0.83%"
"03/31/2024","83.45","83.48","83.62","83.33","","0.01%"
"03/28/2024","83.44","82.06","83.53","81.83","","1.69%"
"03/27/2024","82.05","81.61","82.08","80.88","","0.54%"
"03/26/2024","81.61","82.36","82.67","81.50","","-0.93%"
"03/25/2024","82.38","81.22","82.83","81.08","","1.42%"
"03/24/2024","81.23","80.95","81.28","80.95","","0.05%"
"03/22/2024","81.19","81.32","81.83","80.80","","-0.18%"
"03/21/2024","81.34","82.00","82.31","80.71","","-0.84%"
"03/20/2024","82.03","82.89","83.06","81.25","","-1.03%"
"03/19/2024","82.88","82.66","83.55","82.25","","0.31%"
"03/18/2024","82.62","81.03","82.94","81.00","","1.96%"
"03/17/2024","81.03","81.19","81.19","81.03","","0.00%"
"03/15/2024","81.03","80.95","81.36","80.48","","0.07%"
"03/14/2024","80.97","79.78","81.50","79.69","","1.53%"
"03/13/2024","79.75","78.06","79.94","77.67","","2.17%"
"03/12/2024","78.06","78.17","78.77","77.42","","-0.13%"
"03/11/2024","78.16","77.88","78.54","76.87","","0.35%"
"03/10/2024","77.89","77.92","77.95","77.75","","-0.05%"
"03/08/2024","77.93","79.33","80.09","77.66","","-1.74%"
"03/07/2024","79.31","79.16","79.63","78.13","","0.18%"
"03/06/2024","79.17","78.33","80.78","78.11","","1.06%"
"03/05/2024","78.34","78.81","79.59","77.64","","-0.60%"
"03/04/2024","78.81","80.09","80.53","78.69","","-1.56%"
"03/03/2024","80.06","80.19","80.47","79.98","","0.13%"
"03/01/2024","79.96","78.42","81.00","78.20","","1.98%"
"02/29/2024","78.41","78.29","79.42","78.10","","0.14%"
"02/28/2024","78.30","78.56","79.77","77.95","","-0.36%"
"02/27/2024","78.58","77.81","79.13","77.34","","0.99%"
"02/26/2024","77.81","76.59","78.20","76.03","","1.57%"
"02/25/2024","76.61","76.67","76.83","76.59","","-0.25%"
"02/23/2024","76.80","78.44","78.58","76.55","","-2.10%"
"02/22/2024","78.45","78.30","79.12","77.44","","0.18%"
"02/21/2024","78.31","77.45","78.33","76.55","","1.12%"
"02/20/2024","77.44","78.31","78.77","77.06","","-1.14%"
"02/19/2024","78.33","78.06","78.78","77.86","","-0.18%"
"02/16/2024","78.47","77.91","78.76","76.94","","0.74%"
"02/15/2024","77.89","76.50","78.33","75.78","","1.82%"
"02/14/2024","76.50","77.66","78.70","76.38","","-1.51%"
"02/13/2024","77.67","76.92","78.44","76.84","","0.95%"
"02/12/2024","76.94","76.41","77.05","75.50","","0.72%"
"02/11/2024","76.39","76.53","76.53","76.14","","-0.21%"
"02/09/2024","76.55","76.38","77.22","75.89","","0.21%"
"02/08/2024","76.39","73.92","76.53","73.52","","3.34%"
"02/07/2024","73.92","73.38","74.14","73.17","","0.76%"
"02/06/2024","73.36","72.62","73.72","72.32","","1.05%"
"02/05/2024","72.60","72.70","73.20","71.34","","-0.14%"
"02/04/2024","72.70","72.63","72.90","72.63","","0.58%"
"02/02/2024","72.28","74.17","74.41","71.75","","-2.55%"
"02/01/2024","74.17","75.78","76.85","73.62","","-2.12%"
"01/31/2024","75.78","77.72","78.00","75.47","","-2.47%"
"01/30/2024","77.70","76.92","78.03","75.77","","1.01%"
"01/29/2024","76.92","78.78","78.81","76.33","","-2.35%"
"01/28/2024","78.77","78.67","79.17","78.64","","0.92%"
"01/26/2024","78.05","76.99","78.13","75.95","","1.36%"
"01/25/2024","77.00","75.31","77.37","75.05","","2.26%"
"01/24/2024","75.30","74.34","75.71","73.86","","1.30%"
"01/23/2024","74.33","74.50","75.11","73.28","","-0.23%"
"01/22/2024","74.50","73.06","75.32","72.44","","1.98%"
"01/21/2024","73.05","73.39","73.39","72.97","","-0.34%"
"01/19/2024","73.30","73.69","74.47","72.87","","-0.53%"
"01/18/2024","73.69","72.67","74.05","72.00","","1.40%"
"01/17/2024","72.67","71.89","72.70","70.48","","1.10%"
"01/16/2024","71.88","72.64","73.50","71.72","","-1.02%"
"01/15/2024","72.62","72.53","72.92","71.20","","0.12%"
"01/14/2024","72.53","72.53","72.58","72.03","","-0.30%"
"01/12/2024","72.75","73.36","75.19","72.36","","-0.80%"
"01/11/2024","73.34","71.22","73.73","71.12","","3.01%"
"01/10/2024","71.20","72.11","73.50","70.95","","-1.26%"
"01/09/2024","72.11","70.67","72.86","70.42","","2.01%"
"01/08/2024","70.69","73.70","73.78","70.07","","-4.07%"
"01/07/2024","73.69","73.62","73.88","73.58","","-0.24%"
"01/05/2024","73.87","72.22","74.14","72.14","","2.28%"
"01/04/2024","72.22","72.95","73.89","71.00","","-1.03%"
"01/03/2024","72.97","70.42","73.13","69.19","","3.64%"
"01/02/2024","70.41","71.86","73.53","69.97","","-2.02%"
"01/01/2024","71.86","71.58","72.09","71.58","","0.87%"
"12/29/2023","71.24","71.94","72.50","71.14","","-0.95%"
"12/28/2023","71.92","73.91","74.28","71.60","","-2.71%"
"12/27/2023","73.92","75.14","75.52","73.65","","-1.60%"
"12/26/2023","75.12","73.65","76.04","73.02","","1.98%"
"12/25/2023","73.66","73.35","73.80","73.33","","0.49%"
"12/22/2023","73.30","73.69","74.83","73.23","","-0.53%"
"12/21/2023","73.69","73.47","74.42","72.36","","0.30%"
"12/20/2023","73.47","73.95","75.20","73.36","","-0.68%"
"12/19/2023","73.97","72.61","74.23","72.02","","1.86%"
"12/18/2023","72.62","72.34","74.44","70.83","","0.37%"
"12/17/2023","72.35","71.89","72.36","71.89","","0.56%"
"12/15/2023","71.95","71.72","72.38","70.48","","0.32%"
"12/14/2023","71.72","70.00","72.54","69.66","","2.46%"
"12/13/2023","70.00","68.78","70.03","67.81","","1.77%"
"12/12/2023","68.78","71.48","72.02","68.30","","-3.76%"
"12/11/2023","71.47","71.31","71.89","70.44","","0.20%"
"12/10/2023","71.33","71.11","71.33","71.00","","-0.04%"
"12/08/2023","71.36","69.88","71.72","69.61","","2.10%"
"12/07/2023","69.89","69.61","70.58","68.91","","0.40%"
"12/06/2023","69.61","72.23","72.72","69.22","","-3.65%"
"12/05/2023","72.25","73.42","74.22","72.16","","-1.59%"
"12/04/2023","73.42","74.97","74.97","72.78","","-2.04%"
"12/03/2023","74.95","74.80","75.17","74.52","","0.52%"
"12/01/2023","74.56","75.84","76.92","74.11","","-1.67%"
"11/30/2023","75.83","77.89","79.77","75.26","","-2.63%"
"11/29/2023","77.88","76.86","78.28","75.89","","1.33%"
"11/28/2023","76.86","75.42","77.20","74.86","","1.95%"
"11/27/2023","75.39","75.89","76.36","74.26","","-0.69%"
"11/26/2023","75.91","75.42","75.92","75.42","","0.66%"
"11/24/2023","75.41","76.58","77.30","75.33","","-1.53%"
"11/23/2023","76.58","76.92","77.06","75.56","","-0.47%"
"11/22/2023","76.94","77.94","78.22","74.06","","-1.26%"
"11/21/2023","77.92","77.88","78.19","77.19","","0.04%"
"11/20/2023","77.89","76.53","78.74","76.19","","1.78%"
"11/19/2023","76.53","76.02","76.56","75.81","","0.17%"
"11/17/2023","76.40","73.55","76.48","73.20","","3.90%"
"11/16/2023","73.53","76.81","77.10","72.67","","-4.27%"
"11/15/2023","76.81","78.39","79.02","76.78","","-2.02%"
"11/14/2023","78.39","78.79","80.00","78.09","","-0.52%"
"11/13/2023","78.80","77.18","78.90","76.47","","2.09%"
"11/12/2023","77.19","77.41","77.55","77.11","","-0.53%"
"11/10/2023","77.60","75.89","78.09","75.67","","2.27%"
"11/09/2023","75.88","75.92","77.50","75.61","","-0.05%"
"11/08/2023","75.92","77.50","77.95","75.39","","-2.06%"
"11/07/2023","77.52","81.39","81.42","77.47","","-4.75%"
"11/06/2023","81.39","81.58","82.75","81.28","","-0.23%"
"11/05/2023","81.58","81.61","81.61","81.19","","0.10%"
"11/03/2023","81.50","83.20","84.25","80.75","","-2.03%"
"11/02/2023","83.19","81.56","83.49","80.89","","2.00%"
"11/01/2023","81.56","82.03","84.12","81.00","","-0.60%"
"10/31/2023","82.05","83.39","84.11","81.48","","-1.61%"
"10/30/2023","83.39","85.36","85.78","82.61","","-2.31%"
"10/29/2023","85.36","85.58","85.62","84.59","","-0.88%"
"10/27/2023","86.12","84.55","86.82","84.01","","1.84%"
"10/26/2023","84.56","86.16","86.56","83.50","","-1.87%"
"10/25/2023","86.17","84.66","86.56","83.08","","1.77%"
"10/24/2023","84.67","87.19","87.33","83.98","","-2.87%"
"10/23/2023","87.17","88.86","89.34","86.45","","-1.88%"
"10/22/2023","88.84","89.10","89.36","88.72","","-0.85%"
"10/20/2023","89.60","90.45","91.09","88.80","","-0.93%"
"10/19/2023","90.44","88.36","90.82","86.72","","2.33%"
"10/18/2023","88.38","88.27","89.88","87.55","","0.09%"
"10/17/2023","88.30","86.75","88.31","85.69","","1.76%"
"10/16/2023","86.77","87.64","88.31","86.37","","-0.97%"
"10/15/2023","87.62","87.72","88.03","87.17","","-0.27%"
"10/13/2023","87.86","83.67","87.98","83.53","","5.07%"
"10/12/2023","83.62","83.30","85.36","82.48","","0.37%"
"10/11/2023","83.31","86.17","86.70","83.31","","-3.32%"
"10/10/2023","86.17","86.64","86.94","85.36","","-0.52%"
"10/09/2023","86.62","86.02","87.47","85.11","","0.74%"
"10/08/2023","85.98","85.05","86.69","84.94","","3.48%"
"10/06/2023","83.09","83.06","83.55","81.81","","-0.02%"
"10/05/2023","83.11","84.58","85.22","82.45","","-1.78%"
"10/04/2023","84.62","89.72","89.92","84.50","","-5.68%"
"10/03/2023","89.72","88.92","90.62","88.12","","0.88%"
"10/02/2023","88.94","91.53","92.27","88.75","","-2.80%"
"10/01/2023","91.50","91.28","91.61","91.27","","0.34%"
"09/29/2023","91.19","92.12","93.53","90.81","","-1.06%"
"09/28/2023","92.17","94.36","95.52","91.89","","-2.29%"
"09/27/2023","94.33","91.08","94.64","91.08","","3.59%"
"09/26/2023","91.06","90.27","91.23","88.70","","0.92%"
"09/25/2023","90.23","91.11","91.36","89.56","","-1.02%"
"09/24/2023","91.16","91.02","91.17","90.72","","0.25%"
"09/22/2023","90.93","90.33","91.91","89.91","","0.68%"
"09/21/2023","90.32","89.77","91.59","88.98","","0.57%"
"09/20/2023","89.81","91.33","91.68","89.59","","-1.66%"
"09/19/2023","91.33","91.72","93.08","90.99","","-0.44%"
"09/18/2023","91.73","90.82","92.05","90.58","","0.98%"
"09/17/2023","90.84","91.06","91.06","90.72","","-0.34%"
"09/15/2023","91.15","90.67","91.30","89.38","","0.53%"
"09/14/2023","90.67","88.81","90.95","88.78","","2.11%"
"09/13/2023","88.80","88.94","89.75","88.42","","-0.16%"
"09/12/2023","88.94","87.44","89.49","87.34","","1.74%"
"09/11/2023","87.42","87.12","88.30","86.86","","0.36%"
"09/10/2023","87.11","87.53","87.53","87.06","","-0.35%"
"09/08/2023","87.42","86.94","88.14","86.36","","0.58%"
"09/07/2023","86.92","87.89","87.95","86.61","","-1.10%"
"09/06/2023","87.89","87.03","88.30","86.16","","0.95%"
"09/05/2023","87.06","86.05","88.27","85.25","","1.17%"
"09/04/2023","86.05","86.09","86.38","85.53","","-0.06%"
"09/03/2023","86.10","86.26","86.27","85.98","","-0.24%"
"09/01/2023","86.31","83.86","86.32","83.83","","2.88%"
"08/31/2023","83.89","81.92","83.97","81.78","","2.40%"
"08/30/2023","81.92","81.69","82.36","81.19","","0.31%"
"08/29/2023","81.67","80.36","81.78","79.69","","1.59%"
"08/28/2023","80.39","80.55","81.18","79.94","","-0.17%"
"08/27/2023","80.53","80.42","80.70","80.33","","0.14%"
"08/25/2023","80.42","79.27","80.80","78.56","","1.41%"
"08/24/2023","79.30","78.97","79.66","77.97","","0.38%"
"08/23/2023","79.00","80.02","80.31","78.02","","-1.31%"
"08/22/2023","80.05","80.50","80.78","79.88","","-0.60%"
"08/21/2023","80.53","81.02","82.17","80.41","","-0.62%"
"08/20/2023","81.03","81.11","81.11","80.88","","-0.20%"
"08/18/2023","81.19","80.05","81.43","79.50","","1.41%"
"08/17/2023","80.06","79.25","81.08","79.08","","1.02%"
"08/16/2023","79.25","81.11","81.47","79.19","","-2.26%"
"08/15/2023","81.08","82.42","82.92","80.44","","-1.59%"
"08/14/2023","82.39","82.92","83.19","81.80","","-0.64%"
"08/13/2023","82.92","83.11","83.11","82.77","","-0.22%"
"08/11/2023","83.10","82.89","83.83","82.25","","0.22%"
"08/10/2023","82.92","84.25","84.92","82.66","","-1.60%"
"08/09/2023","84.27","82.77","84.67","82.70","","1.80%"
"08/08/2023","82.78","82.42","83.09","79.97","","0.41%"
"08/07/2023","82.44","82.97","83.28","81.59","","-0.67%"
"08/06/2023","83.00","82.91","83.33","82.81","","0.41%"
"08/04/2023","82.66","81.82","83.27","81.57","","1.01%"
"08/03/2023","81.83","79.81","81.90","78.75","","2.54%"
"08/02/2023","79.80","82.30","82.47","79.11","","-3.04%"
"08/01/2023","82.30","81.67","82.47","80.68","","0.73%"
"07/31/2023","81.70","80.47","82.05","80.19","","1.55%"
"07/30/2023","80.45","80.58","80.69","80.45","","-0.35%"
"07/28/2023","80.73","79.67","80.75","79.14","","1.31%"
"07/27/2023","79.69","79.06","80.67","79.02","","0.77%"
"07/26/2023","79.08","79.39","79.82","78.63","","-0.35%"
"07/25/2023","79.36","78.92","79.96","78.36","","0.53%"
"07/24/2023","78.94","76.64","79.33","76.52","","2.97%"
"07/23/2023","76.66","77.05","77.05","76.64","","-0.27%"
"07/21/2023","76.87","75.89","77.36","75.78","","1.26%"
"07/20/2023","75.91","75.25","76.22","74.59","","0.88%"
"07/19/2023","75.25","75.80","76.94","75.10","","-0.74%"
"07/18/2023","75.81","74.20","75.97","73.92","","2.14%"
"07/17/2023","74.22","74.89","76.05","73.86","","-0.91%"
"07/16/2023","74.90","75.00","75.12","74.61","","-0.49%"
"07/14/2023","75.27","77.16","77.20","75.15","","-2.44%"
"07/13/2023","77.15","75.78","77.24","75.31","","1.78%"
"07/12/2023","75.80","74.72","76.03","74.64","","1.40%"
"07/11/2023","74.75","73.11","74.90","72.94","","2.29%"
"07/10/2023","73.08","73.53","74.09","72.72","","-0.60%"
"07/09/2023","73.52","73.78","73.78","73.41","","-0.15%"
"07/07/2023","73.63","71.78","73.84","71.14","","2.58%"
"07/06/2023","71.78","71.86","72.28","70.17","","-0.14%"
"07/05/2023","71.88","71.02","72.10","70.30","","1.24%"
"07/04/2023","71.00","70.00","71.27","69.83","","1.40%"
"07/03/2023","70.02","70.33","71.69","69.64","","-0.45%"
"07/02/2023","70.34","70.33","70.36","70.20","","-0.04%"
"06/30/2023","70.37","69.67","70.94","69.48","","1.02%"
"06/29/2023","69.66","69.23","70.50","68.87","","0.64%"
"06/28/2023","69.22","67.86","69.64","66.97","","2.03%"
"06/27/2023","67.84","69.39","70.05","67.41","","-2.21%"
"06/26/2023","69.37","69.86","69.94","68.62","","-0.67%"
"06/25/2023","69.84","69.53","69.97","69.36","","0.62%"
"06/23/2023","69.41","69.20","69.49","67.25","","0.27%"
"06/22/2023","69.22","72.34","72.53","68.83","","-4.37%"
"06/21/2023","72.38","70.80","72.58","70.75","","2.22%"
"06/20/2023","70.81","71.23","72.25","69.65","","-0.53%"
"06/19/2023","71.19","71.33","72.12","70.69","","-0.21%"
"06/18/2023","71.34","71.53","71.58","71.28","","-0.21%"
"06/16/2023","71.49","70.67","71.88","70.05","","1.17%"
"06/15/2023","70.66","68.53","71.01","68.03","","3.06%"
"06/14/2023","68.56","69.22","70.50","68.12","","-0.92%"
"06/13/2023","69.20","67.44","69.83","67.17","","2.64%"
"06/12/2023","67.42","69.97","69.98","66.81","","-3.69%"
"06/11/2023","70.00","70.19","70.25","69.86","","-0.48%"
"06/09/2023","70.34","70.86","71.78","70.13","","-0.73%"
"06/08/2023","70.86","72.41","73.30","69.09","","-2.18%"
"06/07/2023","72.44","71.72","73.18","71.03","","0.93%"
"06/06/2023","71.77","71.98","72.34","70.14","","-0.28%"
"06/05/2023","71.97","73.39","73.86","71.75","","-1.93%"
"06/04/2023","73.39","73.78","74.34","73.30","","2.02%"
"06/02/2023","71.94","70.11","72.19","70.03","","2.61%"
"06/01/2023","70.11","67.75","71.08","67.55","","3.48%"
"05/31/2023","67.75","69.54","69.70","67.06","","-2.62%"
"05/30/2023","69.57","72.92","73.39","69.05","","-4.55%"
"05/29/2023","72.89","73.25","73.56","72.08","","-0.46%"
"05/28/2023","73.23","73.19","73.47","73.09","","0.43%"
"05/26/2023","72.92","71.86","73.08","71.53","","1.45%"
"05/25/2023","71.88","74.28","74.40","71.06","","-3.19%"
"05/24/2023","74.25","73.89","74.76","73.17","","0.50%"
"05/23/2023","73.88","72.33","74.02","71.75","","2.10%"
"05/22/2023","72.36","71.91","72.56","70.72","","0.70%"
"05/21/2023","71.86","71.92","71.98","71.72","","-0.10%"
"05/19/2023","71.93","72.14","73.56","71.22","","-0.29%"
"05/18/2023","72.14","72.78","73.00","71.59","","-0.87%"
"05/17/2023","72.77","70.62","73.33","70.11","","2.97%"
"05/16/2023","70.67","71.42","71.80","70.49","","-1.05%"
"05/15/2023","71.42","70.06","71.69","69.42","","1.94%"
"05/14/2023","70.06","70.08","70.20","69.97","","-0.07%"
"05/12/2023","70.11","71.33","71.77","69.96","","-1.75%"
"05/11/2023","71.36","72.88","73.52","70.66","","-2.10%"
"05/10/2023","72.89","73.62","73.89","71.83","","-0.98%"
"05/09/2023","73.61","73.00","73.79","71.39","","0.84%"
"05/08/2023","73.00","71.39","73.71","71.06","","2.18%"
"05/07/2023","71.44","71.38","71.92","71.38","","0.06%"
"05/05/2023","71.40","68.75","71.82","68.52","","3.82%"
"05/04/2023","68.77","67.56","69.83","67.54","","2.26%"
"05/03/2023","67.25","71.62","71.81","64.00","","-6.13%"
"05/02/2023","71.64","75.61","76.14","71.46","","-5.26%"
"05/01/2023","75.62","76.17","76.31","74.58","","-0.66%"
"04/30/2023","76.12","76.67","76.72","76.09","","-0.76%"
"04/28/2023","76.70","74.84","76.95","73.98","","2.50%"
"04/27/2023","74.83","74.44","75.31","74.08","","0.51%"
"04/26/2023","74.45","77.38","77.97","74.09","","-3.72%"
"04/25/2023","77.33","78.70","79.11","76.57","","-1.70%"
"04/24/2023","78.67","77.77","79.21","76.77","","1.14%"
"04/23/2023","77.78","77.95","77.95","77.67","","-0.26%"
"04/21/2023","77.98","77.17","78.42","76.78","","1.05%"
"04/20/2023","77.17","78.98","79.06","77.03","","-2.24%"
"04/19/2023","78.94","81.00","81.30","78.61","","-2.58%"
"04/18/2023","81.03","80.91","81.58","79.98","","0.17%"
"04/17/2023","80.89","82.53","82.67","80.53","","-2.01%"
"04/16/2023","82.55","82.55","82.67","82.39","","-0.12%"
"04/14/2023","82.65","82.20","83.05","81.73","","0.52%"
"04/13/2023","82.22","83.03","83.37","82.06","","-0.99%"
"04/12/2023","83.04","81.42","83.47","81.23","","2.00%"
"04/11/2023","81.41","79.78","81.53","79.33","","2.02%"
"04/10/2023","79.80","80.77","81.05","79.55","","-1.18%"
"04/09/2023","80.75","80.58","81.14","80.58","","0.49%"
"04/06/2023","80.36","80.44","80.86","79.56","","-0.10%"
"04/05/2023","80.44","80.84","81.14","79.64","","-0.52%"
"04/04/2023","80.86","80.34","81.67","79.52","","0.62%"
"04/03/2023","80.36","80.42","80.83","78.89","","-0.04%"
"04/02/2023","80.39","80.67","81.56","79.92","","6.38%"
"03/31/2023","75.57","74.25","75.58","73.67","","1.78%"
"03/30/2023","74.25","72.78","74.47","72.50","","2.03%"
"03/29/2023","72.77","73.62","74.22","72.65","","-1.14%"
"03/28/2023","73.61","72.89","73.79","72.08","","1.00%"
"03/27/2023","72.88","69.53","72.95","69.00","","4.79%"
"03/26/2023","69.55","69.42","69.78","69.42","","0.65%"
"03/24/2023","69.10","69.38","70.22","66.69","","-0.42%"
"03/23/2023","69.39","69.89","71.50","69.03","","-0.76%"
"03/22/2023","69.92","69.31","71.14","68.73","","0.88%"
"03/21/2023","69.31","67.48","69.58","66.75","","2.73%"
"03/20/2023","67.47","66.11","67.72","65.69","","1.67%"
"03/17/2023","66.36","68.28","69.25","66.36","","-2.85%"
"03/16/2023","68.31","68.16","69.31","65.75","","0.22%"
"03/15/2023","68.16","71.75","72.50","65.66","","-5.03%"
"03/14/2023","71.77","74.52","74.84","70.75","","-3.70%"
"03/13/2023","74.53","77.03","77.17","72.28","","-3.25%"
"03/12/2023","77.03","76.30","77.41","76.14","","0.60%"
"03/10/2023","76.57","75.36","77.03","74.70","","1.58%"
"03/09/2023","75.38","76.47","77.96","75.28","","-1.44%"
"03/08/2023","76.48","77.17","77.64","76.03","","-0.88%"
"03/07/2023","77.16","80.39","80.83","76.97","","-4.05%"
"03/06/2023","80.42","79.30","80.52","78.23","","1.44%"
"03/05/2023","79.28","79.59","79.64","79.23","","-0.59%"
"03/03/2023","79.75","77.83","79.77","75.73","","2.49%"
"03/02/2023","77.81","77.50","78.46","77.11","","0.37%"
"03/01/2023","77.52","76.53","77.69","76.00","","1.29%"
"02/28/2023","76.53","75.61","77.67","75.42","","1.23%"
"02/27/2023","75.60","76.48","76.66","74.86","","-1.18%"
"02/26/2023","76.50","76.30","76.61","76.30","","0.25%"
"02/24/2023","76.31","75.47","76.45","73.95","","1.11%"
"02/23/2023","75.47","73.78","75.81","73.72","","2.26%"
"02/22/2023","73.80","76.03","76.38","73.64","","-2.96%"
"02/21/2023","76.05","77.11","77.44","75.73","","-1.37%"
"02/20/2023","77.11","76.50","77.55","76.14","","0.82%"
"02/19/2023","76.48","76.52","76.64","76.34","","0.22%"
"02/17/2023","76.31","77.83","78.28","75.12","","-1.97%"
"02/16/2023","77.84","78.56","79.53","77.78","","-0.90%"
"02/15/2023","78.55","78.78","79.14","77.27","","-0.30%"
"02/14/2023","78.79","79.17","79.58","77.44","","-0.51%"
"02/13/2023","79.19","79.30","80.56","78.41","","-0.15%"
"02/12/2023","79.31","79.81","79.94","79.19","","-0.46%"
"02/10/2023","79.68","77.61","80.25","77.42","","2.67%"
"02/09/2023","77.61","78.42","78.75","76.47","","-1.03%"
"02/08/2023","78.42","77.44","78.49","77.05","","1.25%"
"02/07/2023","77.45","74.42","77.54","74.28","","4.04%"
"02/06/2023","74.44","73.39","74.53","72.18","","1.43%"
"02/05/2023","73.39","73.16","73.59","73.14","","0.40%"
"02/03/2023","73.10","75.88","77.89","73.02","","-3.64%"
"02/02/2023","75.86","76.69","77.14","74.87","","-1.10%"
"02/01/2023","76.70","79.00","79.61","75.94","","-2.95%"
"01/31/2023","79.03","77.83","79.12","76.44","","1.54%"
"01/30/2023","77.83","80.22","80.31","77.55","","-2.96%"
"01/29/2023","80.20","79.91","80.36","79.75","","1.17%"
"01/27/2023","79.27","80.98","82.33","78.92","","-2.14%"
"01/26/2023","81.00","80.39","81.97","79.78","","0.80%"
"01/25/2023","80.36","80.01","81.04","79.31","","0.42%"
"01/24/2023","80.02","81.45","82.06","79.50","","-1.74%"
"01/23/2023","81.44","81.08","82.44","80.91","","0.47%"
"01/22/2023","81.06","81.61","81.72","81.00","","-0.58%"
"01/20/2023","81.53","80.81","81.71","79.75","","0.87%"
"01/19/2023","80.83","79.23","81.29","78.28","","1.99%"
"01/18/2023","79.25","80.75","82.45","79.04","","-1.86%"
"01/17/2023","80.75","78.83","81.30","78.77","","2.42%"
"01/16/2023","78.84","79.83","79.98","78.62","","-1.25%"
"01/15/2023","79.84","80.25","80.25","79.83","","-0.34%"
"01/13/2023","80.11","78.38","80.14","78.00","","2.23%"
"01/12/2023","78.36","77.75","79.18","77.14","","0.81%"
"01/11/2023","77.73","74.61","77.84","74.33","","4.17%"
"01/10/2023","74.62","74.75","75.95","73.89","","-0.15%"
"01/09/2023","74.73","74.13","76.75","74.10","","0.80%"
"01/08/2023","74.14","73.67","74.18","73.67","","0.53%"
"01/06/2023","73.75","74.00","75.50","73.31","","-0.36%"
"01/05/2023","74.02","73.42","74.98","72.52","","0.82%"
"01/04/2023","73.42","77.15","77.44","72.82","","-4.82%"
"01/03/2023","77.14","80.53","81.55","76.70","","-4.21%"
"01/02/2023","80.53","80.59","80.62","80.25","","-0.02%"
"12/30/2022","80.55","78.69","80.66","77.81","","2.39%"
"12/29/2022","78.67","78.69","78.91","76.89","","0.00%"
"12/28/2022","78.67","79.83","79.95","77.40","","-1.47%"
"12/27/2022","79.84","81.06","81.26","79.27","","-1.51%"
"12/26/2022","81.06","80.08","81.14","80.08","","2.04%"
"12/23/2022","79.44","78.56","80.42","78.09","","1.12%"
"12/22/2022","78.56","78.58","79.98","77.14","","-0.04%"
"12/21/2022","78.59","76.28","78.72","75.92","","3.04%"
"12/20/2022","76.27","75.98","77.04","74.58","","0.36%"
"12/19/2022","76.00","75.23","76.74","74.14","","1.04%"
"12/18/2022","75.22","74.58","75.25","74.50","","0.66%"
"12/16/2022","74.73","76.38","76.70","73.55","","-2.19%"
"12/15/2022","76.40","77.42","77.95","75.56","","-1.34%"
"12/14/2022","77.44","75.36","77.89","75.09","","2.76%"
"12/13/2022","75.36","73.59","76.53","73.39","","2.38%"
"12/12/2022","73.61","72.08","74.17","70.44","","2.12%"
"12/11/2022","72.08","71.97","72.51","71.83","","0.46%"
"12/09/2022","71.75","72.31","73.16","70.37","","-0.80%"
"12/08/2022","72.33","72.84","75.70","71.42","","-0.73%"
"12/07/2022","72.86","74.78","75.69","72.07","","-2.57%"
"12/06/2022","74.78","77.75","78.22","73.76","","-3.81%"
"12/05/2022","77.74","81.55","83.11","77.16","","-4.65%"
"12/04/2022","81.53","80.62","81.67","80.28","","0.95%"
"12/02/2022","80.76","81.78","82.67","80.12","","-1.27%"
"12/01/2022","81.80","81.03","83.83","80.42","","0.93%"
"11/30/2022","81.05","79.25","81.86","78.91","","2.28%"
"11/29/2022","79.24","77.03","80.09","76.81","","2.84%"
"11/28/2022","77.05","76.58","78.37","74.11","","0.60%"
"11/27/2022","76.59","76.94","77.02","76.38","","-0.73%"
"11/25/2022","77.15","78.58","80.52","76.83","","-1.79%"
"11/24/2022","78.56","78.16","78.83","77.53","","0.54%"
"11/23/2022","78.14","82.00","82.64","77.50","","-4.71%"
"11/22/2022","82.00","81.03","83.08","80.56","","1.16%"
"11/21/2022","81.06","80.92","81.19","75.97","","0.17%"
"11/20/2022","80.92","80.99","81.17","80.89","","-0.17%"
"11/18/2022","81.06","83.02","83.25","78.39","","-1.99%"
"11/17/2022","82.71","85.66","85.72","82.03","","-3.35%"
"11/16/2022","85.58","87.56","87.81","84.58","","-2.25%"
"11/15/2022","87.55","85.58","88.97","84.47","","2.31%"
"11/14/2022","85.57","89.98","90.11","85.47","","-4.92%"
"11/13/2022","90.00","89.20","90.06","89.02","","0.86%"
"11/11/2022","89.23","86.72","90.46","86.69","","2.93%"
"11/10/2022","86.69","86.17","87.70","85.11","","0.58%"
"11/09/2022","86.19","89.48","89.53","85.92","","-3.70%"
"11/08/2022","89.50","92.39","92.64","88.86","","-3.13%"
"11/07/2022","92.39","91.19","94.27","91.17","","1.32%"
"11/06/2022","91.19","91.53","91.55","90.97","","-2.16%"
"11/04/2022","93.20","88.61","93.46","88.44","","5.17%"
"11/03/2022","88.62","89.59","90.30","88.24","","-1.10%"
"11/02/2022","89.61","89.34","91.00","88.44","","0.28%"
"11/01/2022","89.36","86.81","90.12","86.59","","2.85%"
"10/31/2022","86.88","89.11","89.28","86.01","","-2.50%"
"10/30/2022","89.11","89.14","89.22","88.92","","-0.10%"
"10/28/2022","89.20","89.42","89.56","87.92","","-0.25%"
"10/27/2022","89.42","89.06","90.67","88.22","","0.44%"
"10/26/2022","89.03","85.59","89.28","85.03","","3.86%"
"10/25/2022","85.72","85.73","86.92","83.94","","-0.06%"
"10/24/2022","85.77","86.31","86.78","83.56","","-0.59%"
"10/23/2022","86.28","86.08","86.56","86.03","","0.14%"
"10/21/2022","86.16","85.61","86.92","84.16","","0.63%"
"10/20/2022","85.62","85.84","88.22","85.21","","-0.28%"
"10/19/2022","85.86","84.11","86.11","82.78","","1.98%"
"10/18/2022","84.19","86.08","86.66","82.42","","-2.17%"
"10/17/2022","86.06","86.38","87.34","84.86","","-0.35%"
"10/16/2022","86.36","85.75","86.42","85.69","","0.64%"
"10/14/2022","85.81","89.08","89.81","85.48","","-3.74%"
"10/13/2022","89.14","87.36","89.80","85.71","","2.06%"
"10/12/2022","87.34","88.83","90.22","86.47","","-1.66%"
"10/11/2022","88.81","90.93","91.52","88.09","","-2.35%"
"10/10/2022","90.95","92.86","93.82","90.75","","-2.04%"
"10/09/2022","92.84","93.44","93.44","92.61","","-0.75%"
"10/07/2022","93.54","89.16","93.56","88.25","","4.97%"
"10/06/2022","89.11","88.28","89.50","87.31","","0.91%"
"10/05/2022","88.31","86.83","88.70","85.71","","1.69%"
"10/04/2022","86.84","83.67","87.27","83.66","","3.79%"
"10/03/2022","83.67","82.35","84.86","81.64","","1.59%"
"10/02/2022","82.36","81.39","82.44","81.39","","2.91%"
"09/30/2022","80.03","82.00","82.86","79.49","","-2.40%"
"09/29/2022","82.00","82.11","83.31","80.69","","-0.11%"
"09/28/2022","82.09","78.95","82.70","76.95","","4.10%"
"09/27/2022","78.86","77.06","79.79","76.98","","2.34%"
"09/26/2022","77.06","79.94","80.70","76.66","","-3.60%"
"09/25/2022","79.94","79.67","79.94","79.35","","0.26%"
"09/23/2022","79.73","83.94","84.39","78.57","","-5.18%"
"09/22/2022","84.09","83.44","86.47","82.91","","0.88%"
"09/21/2022","83.36","84.58","87.19","83.01","","-1.42%"
"09/20/2022","84.56","86.00","86.64","83.53","","-1.67%"
"09/19/2022","86.00","85.84","86.42","82.28","","0.20%"
"09/18/2022","85.83","85.41","85.94","85.36","","0.27%"
"09/16/2022","85.60","84.88","86.77","84.45","","0.90%"
"09/15/2022","84.84","89.28","89.29","84.56","","-4.93%"
"09/14/2022","89.24","87.81","90.29","86.39","","1.66%"
"09/13/2022","87.78","88.28","89.53","85.31","","-0.57%"
"09/12/2022","88.28","86.61","89.32","85.41","","1.96%"
"09/11/2022","86.58","86.47","86.94","86.44","","0.16%"
"09/09/2022","86.44","83.39","87.53","83.20","","3.76%"
"09/08/2022","83.31","82.44","84.61","81.56","","1.09%"
"09/07/2022","82.41","87.22","88.14","81.95","","-5.51%"
"09/06/2022","87.22","89.42","89.92","86.64","","-2.45%"
"09/05/2022","89.41","88.73","90.86","88.45","","0.78%"
"09/04/2022","88.72","87.39","88.75","87.39","","1.20%"
"09/02/2022","87.67","87.72","90.22","87.19","","-0.16%"
"09/01/2022","87.81","89.78","90.22","86.59","","-2.25%"
"08/31/2022","89.83","92.75","93.38","88.91","","-3.12%"
"08/30/2022","92.72","97.58","98.38","91.23","","-4.93%"
"08/29/2022","97.53","93.67","98.11","93.56","","4.12%"
"08/28/2022","93.67","93.69","94.05","93.03","","-0.17%"
"08/26/2022","93.83","93.81","94.83","91.88","","0.06%"
"08/25/2022","93.77","96.12","96.60","93.14","","-2.40%"
"08/24/2022","96.08","94.55","96.27","93.69","","1.61%"
"08/23/2022","94.56","91.69","95.11","91.42","","3.10%"
"08/22/2022","91.72","90.36","91.94","87.17","","1.48%"
"08/21/2022","90.38","90.52","90.52","90.08","","-0.28%"
"08/19/2022","90.63","91.31","92.69","88.94","","-0.82%"
"08/18/2022","91.38","88.30","92.06","88.08","","3.45%"
"08/17/2022","88.33","87.62","89.68","86.50","","0.82%"
"08/16/2022","87.61","88.64","91.14","86.42","","-1.38%"
"08/15/2022","88.84","92.17","92.55","87.39","","-3.60%"
"08/14/2022","92.16","92.39","92.66","92.14","","-0.54%"
"08/12/2022","92.66","94.81","95.59","91.95","","-2.24%"
"08/11/2022","94.78","92.39","95.92","92.09","","2.62%"
"08/10/2022","92.36","91.38","93.34","88.57","","1.06%"
"08/09/2022","91.39","91.44","93.61","90.03","","0.01%"
"08/08/2022","91.38","89.06","91.94","88.30","","2.55%"
"08/07/2022","89.11","89.46","89.58","88.89","","-0.65%"
"08/05/2022","89.69","89.27","92.01","88.25","","0.49%"
"08/04/2022","89.25","92.38","93.22","88.89","","-3.40%"
"08/03/2022","92.39","95.33","98.03","91.81","","-3.02%"
"08/02/2022","95.27","95.28","97.97","94.11","","0.02%"
"08/01/2022","95.25","99.48","100.08","94.01","","-4.38%"
"07/31/2022","99.61","100.12","100.25","99.26","","-0.44%"
"07/29/2022","100.05","99.31","103.84","98.28","","0.78%"
"07/28/2022","99.28","100.00","101.83","97.99","","-0.70%"
"07/27/2022","99.98","97.50","100.61","96.30","","2.52%"
"07/26/2022","97.52","98.32","101.14","96.89","","-0.80%"
"07/25/2022","98.31","97.03","99.09","95.14","","1.30%"
"07/24/2022","97.05","97.25","97.69","96.86","","-0.45%"
"07/22/2022","97.49","98.59","100.38","96.62","","-1.04%"
"07/21/2022","98.51","102.03","102.27","97.05","","-3.50%"
"07/20/2022","102.08","102.98","103.38","100.77","","-0.85%"
"07/19/2022","102.95","101.56","103.72","99.17","","1.26%"
"07/18/2022","101.67","96.86","102.40","95.50","","4.93%"
"07/17/2022","96.89","97.39","97.64","96.84","","-0.53%"
"07/15/2022","97.41","96.53","98.97","94.44","","0.88%"
"07/14/2022","96.56","96.32","97.44","91.02","","0.23%"
"07/13/2022","96.34","95.08","98.52","95.06","","1.47%"
"07/12/2022","94.94","103.88","104.03","94.19","","-8.54%"
"07/11/2022","103.81","105.19","105.78","101.64","","-1.28%"
"07/10/2022","105.16","105.47","105.47","104.48","","-0.60%"
"07/08/2022","105.80","103.86","106.21","102.47","","1.95%"
"07/07/2022","103.78","99.30","105.51","97.56","","4.56%"
"07/06/2022","99.25","102.44","103.25","96.18","","-2.96%"
"07/05/2022","102.28","111.61","112.72","98.56","","-8.41%"
"07/04/2022","111.67","109.52","112.11","108.58","","1.98%"
"07/03/2022","109.50","110.16","110.16","109.47","","-0.40%"
"07/01/2022","109.94","107.77","110.89","106.08","","2.03%"
"06/30/2022","107.75","111.41","112.11","106.70","","-3.27%"
"06/29/2022","111.39","113.64","115.83","110.96","","-1.98%"
"06/28/2022","113.64","112.14","114.07","111.46","","1.36%"
"06/27/2022","112.11","108.36","112.40","107.44","","3.49%"
"06/26/2022","108.33","109.12","109.14","107.69","","-0.76%"
"06/24/2022","109.16","106.42","110.67","105.67","","2.56%"
"06/23/2022","106.44","106.03","109.18","104.42","","0.44%"
"06/22/2022","105.97","111.44","111.55","103.69","","-4.93%"
"06/21/2022","111.47","111.28","113.56","111.26","","0.24%"
"06/20/2022","111.20","111.44","111.61","109.25","","-0.20%"
"06/19/2022","111.42","111.31","111.80","111.06","","0.00%"
"06/17/2022","111.42","117.39","119.44","109.06","","-5.08%"
"06/16/2022","117.38","117.08","118.62","113.26","","0.20%"
"06/15/2022","117.14","119.08","119.98","115.35","","-1.54%"
"06/14/2022","118.97","121.08","124.11","117.30","","-1.69%"
"06/13/2022","121.02","119.36","122.75","117.97","","1.41%"
"06/12/2022","119.34","120.61","120.61","119.20","","-1.44%"
"06/10/2022","121.08","121.98","123.41","119.04","","-0.75%"
"06/09/2022","122.00","122.92","123.47","121.57","","-0.70%"
"06/08/2022","122.86","120.20","123.97","120.14","","2.15%"
"06/07/2022","120.27","119.83","121.20","118.12","","0.37%"
"06/06/2022","119.83","121.17","121.41","118.53","","-1.12%"
"06/05/2022","121.19","121.75","121.81","121.17","","-0.20%"
"06/03/2022","121.43","118.47","121.53","116.30","","2.52%"
"06/02/2022","118.45","114.42","118.87","112.28","","3.70%"
"06/01/2022","114.22","116.23","119.03","114.16","","-1.70%"
"05/31/2022","116.20","118.81","121.22","115.36","","-2.21%"
"05/30/2022","118.83","116.86","119.02","116.66","","1.69%"
"05/29/2022","116.86","116.23","117.06","116.23","","0.35%"
"05/27/2022","116.45","115.42","116.70","114.30","","0.87%"
"05/26/2022","115.45","112.16","116.28","111.69","","2.96%"
"05/25/2022","112.13","111.94","113.14","110.69","","0.06%"
"05/24/2022","112.06","111.28","112.94","110.11","","0.75%"
"05/23/2022","111.23","111.86","113.48","110.73","","-0.59%"
"05/22/2022","111.89","111.62","112.01","111.08","","-0.13%"
"05/20/2022","112.04","110.89","112.77","109.83","","1.04%"
"05/19/2022","110.89","107.31","111.94","104.92","","3.30%"
"05/18/2022","107.35","112.72","114.25","106.92","","-4.86%"
"05/17/2022","112.83","113.72","115.11","110.84","","-0.74%"
"05/16/2022","113.67","111.42","114.44","108.16","","2.00%"
"05/15/2022","111.44","110.78","111.58","110.59","","1.03%"
"05/13/2022","110.30","107.42","110.83","106.52","","2.86%"
"05/12/2022","107.23","106.09","107.56","102.89","","1.19%"
"05/11/2022","105.97","99.28","106.67","98.89","","6.95%"
"05/10/2022","99.08","103.02","104.41","98.47","","-3.83%"
"05/09/2022","103.03","109.50","110.73","102.44","","-5.88%"
"05/08/2022","109.47","110.78","110.78","109.12","","-1.33%"
"05/06/2022","110.95","109.08","111.56","107.66","","1.71%"
"05/05/2022","109.09","108.56","111.75","106.91","","0.44%"
"05/04/2022","108.61","103.86","109.02","103.39","","4.57%"
"05/03/2022","103.86","105.61","106.25","102.55","","-1.74%"
"05/02/2022","105.70","105.14","106.38","100.75","","0.50%"
"05/01/2022","105.17","104.39","105.61","103.95","","0.37%"
"04/29/2022","104.78","105.61","108.53","104.33","","-0.74%"
"04/28/2022","105.56","102.42","106.25","100.70","","3.08%"
"04/27/2022","102.41","102.56","103.58","100.39","","-0.17%"
"04/26/2022","102.58","99.23","103.38","97.66","","3.41%"
"04/25/2022","99.20","101.17","101.47","95.90","","-1.94%"
"04/24/2022","101.16","102.00","102.01","100.77","","-1.23%"
"04/22/2022","102.42","104.36","104.92","101.79","","-1.84%"
"04/21/2022","104.34","103.05","106.16","102.78","","1.22%"
"04/20/2022","103.08","103.89","104.72","100.64","","-0.88%"
"04/19/2022","104.00","108.20","109.14","102.31","","-3.85%"
"04/18/2022","108.16","108.27","110.03","106.28","","-0.11%"
"04/17/2022","108.28","107.39","108.69","107.39","","1.28%"
"04/14/2022","106.91","104.14","107.93","102.64","","2.61%"
"04/13/2022","104.19","101.90","104.94","100.38","","2.24%"
"04/12/2022","101.91","95.78","102.42","95.36","","6.34%"
"04/11/2022","95.83","97.31","97.67","93.50","","-1.54%"
"04/10/2022","97.33","98.91","98.91","97.14","","-1.29%"
"04/08/2022","98.60","97.73","99.49","96.06","","0.93%"
"04/07/2022","97.69","97.89","99.61","94.62","","0.10%"
"04/06/2022","97.59","101.97","104.91","96.65","","-4.27%"
"04/05/2022","101.94","105.29","106.61","100.86","","-3.19%"
"04/04/2022","105.30","99.38","105.91","99.27","","5.95%"
"04/03/2022","99.39","100.00","100.28","99.08","","-1.17%"
"04/01/2022","100.57","102.20","102.61","98.97","","-1.59%"
"03/31/2022","102.19","108.95","109.12","100.98","","-6.14%"
"03/30/2022","108.88","107.66","110.16","105.94","","1.11%"
"03/29/2022","107.69","105.48","109.29","99.92","","2.10%"
"03/28/2022","105.47","112.33","112.64","104.39","","-6.09%"
"03/27/2022","112.31","113.75","113.75","111.73","","-1.82%"
"03/25/2022","114.39","113.84","115.93","110.50","","0.49%"
"03/24/2022","113.83","116.46","118.58","112.52","","-2.24%"
"03/23/2022","116.44","110.44","117.40","110.28","","5.29%"
"03/22/2022","110.59","113.89","115.38","109.05","","-3.16%"
"03/21/2022","114.20","106.69","114.44","106.69","","7.08%"
"03/20/2022","106.65","105.56","106.86","105.42","","1.12%"
"03/18/2022","105.47","103.94","106.77","103.03","","1.49%"
"03/17/2022","103.92","96.69","104.84","95.64","","7.48%"
"03/16/2022","96.69","96.31","100.03","94.72","","0.43%"
"03/15/2022","96.28","101.79","102.06","94.00","","-5.46%"
"03/14/2022","101.84","107.75","107.79","100.36","","-5.49%"
"03/13/2022","107.76","109.28","109.67","107.14","","-2.04%"
"03/11/2022","110.00","108.28","111.06","105.28","","1.55%"
"03/10/2022","108.32","111.61","115.73","106.38","","-2.93%"
"03/09/2022","111.59","126.48","127.91","104.95","","-11.77%"
"03/08/2022","126.47","122.08","130.61","118.31","","3.59%"
"03/07/2022","122.09","128.12","128.12","116.72","","-4.81%"
"03/06/2022","128.26","122.95","131.75","122.95","","10.22%"
"03/04/2022","116.37","110.55","117.34","108.53","","5.29%"
"03/03/2022","110.52","112.25","117.94","107.84","","-1.51%"
"03/02/2022","112.22","107.75","113.89","106.61","","4.13%"
"03/01/2022","107.77","97.28","108.70","97.28","","10.82%"
"02/28/2022","97.25","98.14","98.89","95.79","","-0.90%"
"02/27/2022","98.13","96.17","100.38","96.17","","5.05%"
"02/25/2022","93.41","96.27","97.17","91.53","","-2.98%"
"02/24/2022","96.28","94.34","102.19","93.00","","2.03%"
"02/23/2022","94.36","93.31","95.52","92.22","","1.16%"
"02/22/2022","93.28","94.31","96.62","92.69","","-1.09%"
"02/21/2022","94.31","93.31","95.64","90.75","","1.05%"
"02/20/2022","93.33","92.91","93.47","92.77","","0.88%"
"02/18/2022","92.52","91.78","92.91","89.25","","0.78%"
"02/17/2022","91.80","91.44","93.42","90.95","","0.42%"
"02/16/2022","91.42","92.56","95.08","90.14","","-1.22%"
"02/15/2022","92.55","94.98","95.33","90.83","","-2.55%"
"02/14/2022","94.97","94.53","95.98","92.30","","0.44%"
"02/13/2022","94.55","94.08","94.61","93.77","","0.40%"
"02/11/2022","94.17","90.17","94.89","89.42","","4.44%"
"02/10/2022","90.17","90.28","92.00","89.28","","-0.12%"
"02/09/2022","90.28","90.09","90.83","88.69","","0.22%"
"02/08/2022","90.08","91.69","91.92","88.81","","-1.76%"
"02/07/2022","91.69","92.12","93.03","91.05","","-0.49%"
"02/06/2022","92.14","92.11","92.42","91.67","","-0.21%"
"02/04/2022","92.33","90.50","93.53","90.45","","2.00%"
"02/03/2022","90.52","88.00","90.83","87.12","","2.84%"
"02/02/2022","88.02","88.72","90.11","87.50","","-0.80%"
"02/01/2022","88.73","88.81","89.27","87.00","","-0.08%"
"01/31/2022","88.80","88.20","88.84","86.81","","0.69%"
"01/30/2022","88.19","87.94","88.25","87.94","","0.46%"
"01/28/2022","87.79","87.83","89.31","86.93","","-0.08%"
"01/27/2022","87.86","87.84","89.05","86.70","","-0.03%"
"01/26/2022","87.89","85.84","88.46","85.50","","2.36%"
"01/25/2022","85.86","84.72","86.23","83.52","","1.37%"
"01/24/2022","84.70","86.39","86.64","82.44","","-1.96%"
"01/23/2022","86.39","85.52","86.42","85.30","","1.12%"
"01/21/2022","85.43","84.67","86.16","83.38","","0.90%"
"01/20/2022","84.67","85.61","87.71","84.59","","-1.06%"
"01/19/2022","85.58","86.75","87.42","85.56","","-1.35%"
"01/18/2022","86.75","84.33","86.94","84.22","","2.87%"
"01/17/2022","84.33","84.49","84.62","83.58","","-0.20%"
"01/16/2022","84.50","84.50","84.75","84.33","","0.18%"
"01/14/2022","84.35","82.02","84.49","81.78","","2.83%"
"01/13/2022","82.03","82.86","83.04","81.61","","-1.00%"
"01/12/2022","82.86","81.42","83.21","81.28","","1.77%"
"01/11/2022","81.42","78.72","81.72","78.50","","3.46%"
"01/10/2022","78.70","78.72","79.58","77.98","","0.00%"
"01/09/2022","78.70","79.03","79.23","78.50","","-0.47%"
"01/07/2022","79.07","79.67","80.64","78.72","","-0.78%"
"01/06/2022","79.69","77.38","80.43","76.92","","2.97%"
"01/05/2022","77.39","77.23","78.76","76.72","","0.18%"
"01/04/2022","77.25","76.19","77.84","75.92","","1.42%"
"01/03/2022","76.17","76.05","76.65","74.50","","0.18%"
"01/02/2022","76.03","75.83","76.12","75.83","","0.53%"
"12/31/2021","75.63","76.59","77.33","75.22","","-1.28%"
"12/30/2021","76.61","76.81","77.71","76.06","","-0.30%"
"12/29/2021","76.84","76.41","77.66","75.67","","0.55%"
"12/28/2021","76.42","76.11","77.22","75.83","","0.37%"
"12/27/2021","76.14","73.62","76.40","72.88","","3.44%"
"12/26/2021","73.61","73.69","73.77","73.39","","-0.61%"
"12/23/2021","74.06","73.42","74.31","72.64","","0.87%"
"12/22/2021","73.42","71.61","73.56","71.22","","2.53%"
"12/21/2021","71.61","69.58","71.91","68.92","","2.95%"
"12/20/2021","69.56","69.64","69.89","66.48","","-0.07%"
"12/19/2021","69.61","70.28","70.28","69.20","","-1.30%"
"12/17/2021","70.53","72.09","72.45","70.16","","-2.15%"
"12/16/2021","72.08","71.81","73.17","71.28","","0.35%"
"12/15/2021","71.83","70.55","71.94","69.64","","1.87%"
"12/14/2021","70.51","71.48","72.22","69.76","","-1.34%"
"12/13/2021","71.47","72.73","73.22","70.94","","-1.72%"
"12/12/2021","72.72","72.34","72.78","72.28","","0.62%"
"12/10/2021","72.27","70.86","72.63","70.66","","2.02%"
"12/09/2021","70.84","72.93","73.67","70.72","","-2.88%"
"12/08/2021","72.94","72.22","73.37","71.28","","1.00%"
"12/07/2021","72.22","70.14","73.41","70.06","","2.94%"
"12/06/2021","70.16","67.94","70.56","67.70","","3.25%"
"12/05/2021","67.95","67.25","68.05","67.25","","1.81%"
"12/03/2021","66.74","67.83","69.69","66.08","","-1.62%"
"12/02/2021","67.84","66.75","68.45","62.98","","1.60%"
"12/01/2021","66.77","67.48","70.03","65.38","","-1.04%"
"11/30/2021","67.47","71.44","71.78","64.98","","-5.53%"
"11/29/2021","71.42","72.02","73.56","69.52","","-0.81%"
"11/28/2021","72.00","70.16","72.31","70.16","","4.51%"
"11/26/2021","68.89","78.19","78.33","68.08","","-11.87%"
"11/25/2021","78.17","79.19","79.47","78.06","","-1.26%"
"11/24/2021","79.17","79.08","80.06","78.83","","0.11%"
"11/23/2021","79.08","77.25","79.74","76.14","","2.36%"
"11/22/2021","77.26","76.44","78.05","76.03","","1.10%"
"11/21/2021","76.42","76.64","76.64","75.66","","-0.27%"
"11/19/2021","76.63","79.30","80.34","76.09","","-3.38%"
"11/18/2021","79.31","78.55","79.83","77.47","","0.99%"
"11/17/2021","78.53","80.61","80.61","78.01","","-2.58%"
"11/16/2021","80.61","80.81","81.81","80.09","","-0.24%"
"11/15/2021","80.80","81.00","81.09","79.42","","-0.27%"
"11/14/2021","81.02","80.92","81.19","80.86","","0.27%"
"11/12/2021","80.80","81.50","81.73","79.94","","-0.86%"
"11/11/2021","81.50","81.72","82.47","80.39","","-0.27%"
"11/10/2021","81.72","84.84","84.91","81.00","","-3.67%"
"11/09/2021","84.83","82.25","85.14","82.00","","3.12%"
"11/08/2021","82.26","81.75","82.89","81.55","","0.60%"
"11/07/2021","81.77","81.36","81.97","81.36","","0.41%"
"11/05/2021","81.44","80.05","82.07","79.25","","1.74%"
"11/04/2021","80.05","80.67","83.70","78.57","","-0.76%"
"11/03/2021","80.66","83.26","83.31","80.02","","-3.15%"
"11/02/2021","83.28","84.22","84.77","82.89","","-1.13%"
"11/01/2021","84.23","83.36","85.25","83.17","","1.07%"
"10/31/2021","83.34","83.47","83.59","83.11","","-0.39%"
"10/29/2021","83.67","83.19","84.17","81.84","","0.61%"
"10/28/2021","83.16","82.66","83.66","81.11","","0.59%"
"10/27/2021","82.67","84.75","84.97","82.48","","-2.40%"
"10/26/2021","84.70","84.31","85.36","83.47","","0.46%"
"10/25/2021","84.31","84.58","85.92","83.89","","-0.32%"
"10/24/2021","84.58","84.53","84.78","84.28","","0.02%"
"10/22/2021","84.56","82.89","84.79","82.33","","2.03%"
"10/21/2021","82.88","84.20","84.53","81.38","","-1.63%"
"10/20/2021","84.25","83.16","84.36","81.39","","1.36%"
"10/19/2021","83.12","82.23","83.61","81.70","","1.06%"
"10/18/2021","82.25","83.03","83.83","81.85","","-0.90%"
"10/17/2021","83.00","82.64","83.17","82.64","","0.52%"
"10/15/2021","82.57","81.77","82.67","81.64","","0.97%"
"10/14/2021","81.78","80.83","81.91","80.48","","1.18%"
"10/13/2021","80.83","80.40","81.11","79.50","","0.56%"
"10/12/2021","80.38","80.50","81.69","79.56","","-0.12%"
"10/11/2021","80.48","79.77","82.25","79.72","","0.88%"
"10/10/2021","79.78","79.70","80.39","79.70","","0.13%"
"10/08/2021","79.68","78.92","80.22","78.75","","0.94%"
"10/07/2021","78.94","77.28","79.05","75.09","","2.11%"
"10/06/2021","77.31","79.14","79.91","76.96","","-2.29%"
"10/05/2021","79.12","77.70","79.61","77.61","","1.84%"
"10/04/2021","77.69","76.00","78.51","75.47","","2.26%"
"10/03/2021","75.97","76.12","76.27","75.88","","0.12%"
"10/01/2021","75.88","75.45","76.14","74.39","","0.58%"
"09/30/2021","75.44","74.83","76.24","73.33","","0.77%"
"09/29/2021","74.86","74.64","75.96","73.92","","0.29%"
"09/28/2021","74.64","75.59","76.86","74.44","","-1.24%"
"09/27/2021","75.58","75.02","75.94","74.78","","0.73%"
"09/26/2021","75.03","74.47","75.03","74.38","","1.12%"
"09/24/2021","74.20","73.52","74.48","73.03","","0.95%"
"09/23/2021","73.50","72.17","73.72","71.84","","1.81%"
"09/22/2021","72.19","70.95","72.53","70.88","","1.72%"
"09/21/2021","70.97","70.89","71.70","69.64","","0.11%"
"09/20/2021","70.89","71.76","71.89","69.97","","-1.20%"
"09/19/2021","71.75","72.03","72.16","71.61","","-0.47%"
"09/17/2021","72.09","72.61","72.73","71.31","","-0.72%"
"09/16/2021","72.61","72.56","73.00","71.59","","0.03%"
"09/15/2021","72.59","70.88","73.16","70.72","","2.47%"
"09/14/2021","70.84","70.67","71.25","70.04","","0.21%"
"09/13/2021","70.69","70.17","71.03","69.89","","0.74%"
"09/12/2021","70.17","69.69","70.22","69.58","","0.60%"
"09/10/2021","69.75","68.03","70.03","67.78","","2.53%"
"09/09/2021","68.03","69.31","69.97","67.67","","-1.88%"
"09/08/2021","69.33","68.55","69.84","68.44","","1.17%"
"09/07/2021","68.53","68.92","69.50","67.75","","-0.52%"
"09/06/2021","68.89","68.86","69.58","68.36","","0.04%"
"09/05/2021","68.86","69.27","69.36","68.83","","-0.56%"
"09/03/2021","69.25","69.88","70.64","69.23","","-0.87%"
"09/02/2021","69.86","68.33","70.75","67.98","","2.22%"
"09/01/2021","68.34","68.64","69.38","67.27","","-0.44%"
"08/31/2021","68.64","69.28","69.48","68.33","","-0.92%"
"08/30/2021","69.28","69.52","69.52","67.83","","-0.32%"
"08/29/2021","69.50","69.47","69.77","69.05","","0.89%"
"08/27/2021","68.89","68.00","69.22","67.69","","1.31%"
"08/26/2021","68.00","68.14","68.47","67.22","","-0.25%"
"08/25/2021","68.17","67.56","68.72","67.12","","0.83%"
"08/24/2021","67.61","65.72","67.99","65.61","","2.86%"
"08/23/2021","65.73","62.49","66.18","62.49","","5.15%"
"08/22/2021","62.51","62.03","62.63","61.98","","0.73%"
"08/20/2021","62.06","63.84","64.23","62.05","","-2.82%"
"08/19/2021","63.86","64.77","64.77","62.63","","-1.30%"
"08/18/2021","64.70","66.61","67.52","64.38","","-2.84%"
"08/17/2021","66.59","67.61","67.73","66.38","","-1.55%"
"08/16/2021","67.64","68.13","68.18","65.80","","-0.70%"
"08/15/2021","68.12","67.97","68.31","67.88","","0.03%"
"08/13/2021","68.10","68.92","69.29","67.88","","-1.18%"
"08/12/2021","68.91","69.42","69.70","68.56","","-0.69%"
"08/11/2021","69.39","68.58","69.52","66.77","","1.18%"
"08/10/2021","68.58","67.08","68.98","66.67","","2.28%"
"08/09/2021","67.05","67.27","67.34","65.26","","-0.37%"
"08/08/2021","67.30","67.94","67.95","66.81","","-1.06%"
"08/06/2021","68.02","69.17","70.31","67.95","","-1.66%"
"08/05/2021","69.17","68.25","69.49","67.76","","1.35%"
"08/04/2021","68.25","70.58","70.95","68.01","","-3.27%"
"08/03/2021","70.56","71.58","72.11","69.39","","-1.40%"
"08/02/2021","71.56","73.91","73.94","70.75","","-3.19%"
"08/01/2021","73.92","74.02","74.11","73.91","","-0.03%"
"07/30/2021","73.94","73.53","74.44","73.16","","0.57%"
"07/29/2021","73.52","72.62","73.89","72.48","","1.21%"
"07/28/2021","72.64","72.23","72.83","71.94","","0.58%"
"07/27/2021","72.22","72.31","72.56","71.33","","-0.15%"
"07/26/2021","72.33","72.39","72.55","70.83","","-0.17%"
"07/23/2021","72.45","72.00","72.46","71.69","","0.62%"
"07/22/2021","72.00","70.53","72.31","70.14","","2.08%"
"07/21/2021","70.53","67.06","70.80","66.78","","5.22%"
"07/20/2021","67.03","67.17","67.89","65.38","","-0.24%"
"07/19/2021","67.19","71.42","71.44","65.89","","-5.92%"
"07/18/2021","71.42","71.36","71.69","71.00","","-0.14%"
"07/16/2021","71.52","71.42","72.34","70.47","","0.11%"
"07/15/2021","71.44","72.88","73.00","71.38","","-1.95%"
"07/14/2021","72.86","75.11","75.53","72.34","","-3.01%"
"07/13/2021","75.12","74.34","75.59","73.78","","1.06%"
"07/12/2021","74.33","74.81","74.91","73.28","","-0.67%"
"07/11/2021","74.83","74.97","74.97","74.75","","0.07%"
"07/09/2021","74.78","73.36","74.92","72.89","","1.89%"
"07/08/2021","73.39","72.28","73.50","70.94","","1.54%"
"07/07/2021","72.28","73.75","75.06","71.27","","-2.02%"
"07/06/2021","73.77","76.45","77.17","73.15","","-3.49%"
"07/05/2021","76.44","75.34","76.59","74.97","","1.43%"
"07/04/2021","75.36","75.42","75.50","75.20","","0.09%"
"07/02/2021","75.29","75.25","75.81","74.68","","0.01%"
"07/01/2021","75.28","73.75","76.48","73.66","","2.05%"
"06/30/2021","73.77","73.72","74.39","73.09","","0.07%"
"06/29/2021","73.72","73.16","74.08","72.26","","0.75%"
"06/28/2021","73.17","74.45","74.75","72.92","","-1.71%"
"06/27/2021","74.44","74.33","74.47","74.29","","0.13%"
"06/25/2021","74.34","73.61","74.51","73.19","","1.02%"
"06/24/2021","73.59","73.51","73.94","72.67","","0.10%"
"06/23/2021","73.52","73.20","74.60","73.17","","0.45%"
"06/22/2021","73.19","73.39","73.83","72.83","","-0.30%"
"06/21/2021","73.41","71.81","73.64","71.16","","2.19%"
"06/20/2021","71.84","71.50","71.97","71.50","","0.63%"
"06/18/2021","71.39","70.88","72.16","70.16","","0.68%"
"06/17/2021","70.91","71.55","72.29","69.77","","-0.78%"
"06/16/2021","71.47","72.40","72.96","71.41","","-1.27%"
"06/15/2021","72.39","71.05","72.49","70.81","","1.91%"
"06/14/2021","71.03","70.94","71.76","70.72","","0.11%"
"06/13/2021","70.95","70.78","71.03","70.73","","0.23%"
"06/11/2021","70.79","70.14","71.22","69.67","","0.88%"
"06/10/2021","70.17","69.71","70.64","68.69","","0.67%"
"06/09/2021","69.70","70.03","70.61","69.45","","-0.43%"
"06/08/2021","70.00","69.11","70.26","68.47","","1.32%"
"06/07/2021","69.09","69.72","69.98","68.94","","-0.88%"
"06/06/2021","69.70","69.47","69.72","69.42","","0.45%"
"06/04/2021","69.39","68.77","69.75","68.33","","0.93%"
"06/03/2021","68.75","68.71","69.38","68.17","","0.04%"
"06/02/2021","68.72","67.87","68.98","67.77","","1.19%"
"06/01/2021","67.91","66.94","68.85","66.88","","1.45%"
"05/31/2021","66.94","66.56","67.39","66.39","","0.57%"
"05/30/2021","66.56","66.67","66.72","66.52","","-0.12%"
"05/28/2021","66.64","67.31","67.50","66.16","","-0.98%"
"05/27/2021","67.30","66.09","67.44","65.45","","1.80%"
"05/26/2021","66.11","65.92","66.41","65.23","","0.33%"
"05/25/2021","65.89","66.00","66.48","65.39","","-0.17%"
"05/24/2021","66.00","63.64","66.11","63.64","","3.74%"
"05/23/2021","63.62","63.77","63.78","63.62","","-0.34%"
"05/21/2021","63.84","62.08","64.04","61.55","","2.82%"
"05/20/2021","62.09","63.33","63.92","61.66","","-1.97%"
"05/19/2021","63.34","65.17","65.20","61.95","","-2.81%"
"05/18/2021","65.17","66.33","67.00","64.11","","-1.76%"
"05/17/2021","66.34","65.55","66.42","64.84","","1.24%"
"05/16/2021","65.53","65.53","65.69","65.42","","0.06%"
"05/14/2021","65.49","63.81","65.58","63.34","","2.62%"
"05/13/2021","63.82","65.72","65.78","63.09","","-2.85%"
"05/12/2021","65.69","65.53","66.59","64.95","","0.29%"
"05/11/2021","65.50","64.94","65.53","63.66","","0.85%"
"05/10/2021","64.95","65.44","65.72","63.93","","-0.75%"
"05/09/2021","65.44","65.36","65.53","65.16","","0.97%"
"05/07/2021","64.81","64.86","65.20","63.88","","-0.11%"
"05/06/2021","64.88","65.06","65.94","64.51","","-0.32%"
"05/05/2021","65.09","66.22","66.71","64.89","","-1.68%"
"05/04/2021","66.20","64.58","66.25","64.25","","2.46%"
"05/03/2021","64.61","63.70","64.69","62.89","","1.43%"
"05/02/2021","63.70","63.53","63.73","63.51","","0.41%"
"04/30/2021","63.44","64.72","64.81","63.05","","-2.02%"
"04/29/2021","64.75","63.78","65.40","63.73","","1.54%"
"04/28/2021","63.77","62.98","64.47","62.62","","1.30%"
"04/27/2021","62.95","61.99","63.24","61.88","","1.50%"
"04/26/2021","62.02","61.89","62.26","60.62","","0.23%"
"04/25/2021","61.88","62.08","62.20","61.87","","-0.16%"
"04/23/2021","61.98","61.77","62.37","61.20","","0.29%"
"04/22/2021","61.80","61.06","62.05","60.56","","1.18%"
"04/21/2021","61.08","62.30","62.49","60.81","","-1.93%"
"04/20/2021","62.28","63.53","64.30","61.47","","-2.00%"
"04/19/2021","63.55","62.80","63.62","62.62","","1.19%"
"04/18/2021","62.80","63.05","63.11","62.78","","-0.43%"
"04/16/2021","63.07","63.34","63.87","62.84","","-0.43%"
"04/15/2021","63.34","62.87","63.56","62.53","","0.73%"
"04/14/2021","62.88","60.51","63.43","60.38","","3.90%"
"04/13/2021","60.52","59.74","60.63","59.64","","1.27%"
"04/12/2021","59.76","59.55","60.74","58.73","","0.35%"
"04/11/2021","59.55","59.31","59.58","59.31","","0.39%"
"04/09/2021","59.32","59.73","59.91","59.11","","-0.69%"
"04/08/2021","59.73","59.61","59.91","58.82","","0.18%"
"04/07/2021","59.62","59.18","60.02","58.11","","0.76%"
"04/06/2021","59.17","58.86","60.87","58.61","","0.48%"
"04/05/2021","58.89","61.27","61.36","57.62","","-3.87%"
"04/04/2021","61.26","61.38","61.38","60.89","","0.02%"
"04/01/2021","61.25","59.55","61.71","58.87","","2.85%"
"03/31/2021","59.55","60.38","61.14","58.83","","-1.37%"
"03/30/2021","60.38","62.08","62.08","59.95","","-2.75%"
"03/29/2021","62.09","60.77","62.22","59.39","","2.26%"
"03/28/2021","60.72","60.82","60.83","60.38","","0.02%"
"03/26/2021","60.71","58.73","61.33","58.67","","3.35%"
"03/25/2021","58.74","60.56","60.80","57.43","","-3.05%"
"03/24/2021","60.59","57.55","61.30","57.41","","5.32%"
"03/23/2021","57.53","61.27","61.27","57.23","","-6.10%"
"03/22/2021","61.27","60.87","61.99","60.33","","0.64%"
"03/21/2021","60.88","60.98","61.20","60.84","","-0.94%"
"03/19/2021","61.46","59.74","61.76","58.92","","2.84%"
"03/18/2021","59.76","64.53","64.81","58.32","","-7.46%"
"03/17/2021","64.58","64.88","65.33","63.59","","-0.46%"
"03/16/2021","64.88","65.28","65.41","63.80","","-0.64%"
"03/15/2021","65.30","65.94","66.39","64.14","","-0.97%"
"03/14/2021","65.94","65.78","66.14","65.69","","0.61%"
"03/12/2021","65.54","65.89","66.20","65.39","","-0.53%"
"03/11/2021","65.89","64.67","66.17","64.53","","1.93%"
"03/10/2021","64.64","63.94","64.92","63.12","","1.13%"
"03/09/2021","63.92","64.86","65.95","63.64","","-1.45%"
"03/08/2021","64.86","67.11","67.94","64.56","","-3.37%"
"03/07/2021","67.12","66.72","67.80","66.72","","1.34%"
"03/05/2021","66.23","64.19","66.37","63.80","","3.18%"
"03/04/2021","64.19","60.73","64.81","60.52","","5.75%"
"03/03/2021","60.70","59.38","61.96","59.33","","2.21%"
"03/02/2021","59.39","60.23","61.17","59.22","","-1.39%"
"03/01/2021","60.23","62.47","62.88","59.97","","-3.55%"
"02/28/2021","62.45","61.84","62.48","61.84","","1.45%"
"02/26/2021","61.56","63.41","63.42","61.31","","-2.89%"
"02/25/2021","63.39","63.51","63.75","62.62","","-0.20%"
"02/24/2021","63.52","61.20","63.62","60.94","","3.79%"
"02/23/2021","61.20","61.59","62.95","60.63","","-0.58%"
"02/22/2021","61.56","59.61","62.16","59.38","","3.31%"
"02/21/2021","59.59","58.88","59.66","58.81","","0.97%"
"02/19/2021","59.02","59.71","60.28","58.59","","-1.14%"
"02/18/2021","59.70","61.77","62.24","59.63","","-3.35%"
"02/17/2021","61.77","59.98","61.77","59.42","","3.00%"
"02/16/2021","59.97","60.09","60.30","59.33","","-0.18%"
"02/15/2021","60.08","60.33","60.92","59.95","","-0.43%"
"02/14/2021","60.34","59.99","60.73","59.99","","1.11%"
"02/12/2021","59.68","57.91","59.79","57.38","","3.00%"
"02/11/2021","57.94","58.30","58.66","57.82","","-0.62%"
"02/10/2021","58.30","58.36","58.87","58.05","","-0.12%"
"02/09/2021","58.37","58.02","58.59","57.24","","0.60%"
"02/08/2021","58.02","57.35","58.10","57.28","","1.15%"
"02/07/2021","57.36","57.03","57.36","56.98","","0.56%"
"02/05/2021","57.04","56.48","57.23","56.45","","0.97%"
"02/04/2021","56.49","55.84","56.55","55.26","","1.13%"
"02/03/2021","55.86","54.92","56.25","54.77","","1.73%"
"02/02/2021","54.91","53.53","55.20","53.42","","2.54%"
"02/01/2021","53.55","51.91","53.67","51.84","","3.14%"
"01/31/2021","51.92","52.03","52.09","51.61","","-0.35%"
"01/29/2021","52.10","52.19","53.20","51.89","","-0.13%"
"01/28/2021","52.17","52.37","53.49","52.03","","-0.36%"
"01/27/2021","52.36","52.73","53.23","51.80","","-0.68%"
"01/26/2021","52.72","52.78","53.17","52.24","","-0.15%"
"01/25/2021","52.80","52.22","52.88","51.77","","1.09%"
"01/24/2021","52.23","52.02","52.28","52.01","","0.60%"
"01/22/2021","51.92","52.95","52.98","51.38","","-1.95%"
"01/21/2021","52.95","52.88","53.33","52.69","","0.11%"
"01/20/2021","52.89","53.12","53.74","52.76","","-0.43%"
"01/19/2021","53.12","52.30","53.14","52.16","","1.57%"
"01/18/2021","52.30","52.14","52.52","51.74","","0.35%"
"01/17/2021","52.12","51.98","52.30","51.98","","0.21%"
"01/15/2021","52.01","53.74","53.77","51.80","","-3.20%"
"01/14/2021","53.73","52.67","53.77","52.20","","1.97%"
"01/13/2021","52.69","53.31","53.86","52.52","","-1.14%"
"01/12/2021","53.30","52.05","53.34","52.01","","2.44%"
"01/11/2021","52.03","52.23","52.31","51.44","","-0.36%"
"01/10/2021","52.22","52.52","52.62","52.14","","-0.72%"
"01/08/2021","52.60","50.84","52.63","50.73","","3.46%"
"01/07/2021","50.84","50.37","51.16","50.28","","0.91%"
"01/06/2021","50.38","49.66","50.81","49.38","","1.45%"
"01/05/2021","49.66","47.27","50.06","47.22","","5.03%"
"01/04/2021","47.28","48.31","49.70","47.06","","-2.11%"
"01/03/2021","48.30","48.12","48.38","47.99","","0.06%"
"12/31/2020","48.27","48.23","48.39","47.62","","0.10%"
"12/30/2020","48.22","47.93","48.49","47.46","","0.58%"
"12/29/2020","47.94","47.87","48.41","47.62","","0.15%"
"12/28/2020","47.87","47.92","49.00","47.61","","-0.13%"
"12/27/2020","47.93","48.25","48.25","47.58","","-0.72%"
"12/24/2020","48.28","48.08","48.64","47.61","","0.40%"
"12/23/2020","48.09","46.89","48.53","46.20","","2.56%"
"12/22/2020","46.89","47.80","47.91","46.58","","-1.97%"
"12/21/2020","47.83","48.59","48.61","46.28","","-1.58%"
"12/20/2020","48.60","49.32","49.32","48.51","","-1.34%"
"12/18/2020","49.26","48.54","49.44","48.29","","1.46%"
"12/17/2020","48.55","48.02","48.80","48.02","","1.10%"
"12/16/2020","48.02","47.72","48.11","47.35","","0.65%"
"12/15/2020","47.71","47.12","47.88","46.72","","1.25%"
"12/14/2020","47.12","46.81","47.56","45.89","","0.64%"
"12/13/2020","46.82","46.81","46.97","46.73","","0.26%"
"12/11/2020","46.70","47.23","47.44","46.51","","-1.12%"
"12/10/2020","47.23","45.84","47.85","45.70","","3.03%"
"12/09/2020","45.84","45.67","46.38","45.11","","0.39%"
"12/08/2020","45.66","45.75","46.05","45.28","","-0.20%"
"12/07/2020","45.75","46.16","46.64","45.48","","-0.91%"
"12/06/2020","46.17","46.27","46.36","46.17","","-0.04%"
"12/04/2020","46.19","45.80","46.76","45.77","","0.87%"
"12/03/2020","45.79","44.98","45.92","44.78","","1.76%"
"12/02/2020","45.00","44.25","45.99","44.02","","1.69%"
"12/01/2020","44.25","45.28","45.77","44.12","","-2.30%"
"11/30/2020","45.29","45.25","45.88","44.52","","0.11%"
"11/29/2020","45.24","45.30","45.44","44.88","","-1.09%"
"11/27/2020","45.74","45.06","45.74","44.66","","1.53%"
"11/26/2020","45.05","45.82","46.14","44.81","","-1.77%"
"11/25/2020","45.86","44.88","46.29","44.80","","2.18%"
"11/24/2020","44.88","43.20","45.25","43.08","","3.84%"
"11/23/2020","43.22","42.52","43.38","42.34","","1.65%"
"11/22/2020","42.52","42.47","42.61","42.41","","0.09%"
"11/20/2020","42.48","41.71","42.57","41.69","","1.89%"
"11/19/2020","41.69","41.77","42.16","41.31","","-0.26%"
"11/18/2020","41.80","41.52","42.68","41.33","","0.67%"
"11/17/2020","41.52","41.63","41.92","40.84","","-0.24%"
"11/16/2020","41.62","40.74","42.33","40.64","","2.19%"
"11/15/2020","40.73","40.48","40.77","40.41","","0.87%"
"11/13/2020","40.38","41.02","41.08","40.33","","-1.51%"
"11/12/2020","41.00","41.79","42.41","40.88","","-1.87%"
"11/11/2020","41.78","41.87","43.28","41.56","","-0.24%"
"11/10/2020","41.88","39.92","42.48","39.68","","4.88%"
"11/09/2020","39.93","38.06","41.55","37.97","","4.94%"
"11/08/2020","38.05","37.67","38.17","37.45","","0.93%"
"11/06/2020","37.70","38.66","38.73","37.30","","-2.48%"
"11/05/2020","38.66","39.17","39.56","38.50","","-1.45%"
"11/04/2020","39.23","38.62","39.45","37.47","","1.58%"
"11/03/2020","38.62","37.27","38.90","36.77","","3.62%"
"11/02/2020","37.27","34.20","37.52","34.09","","9.01%"
"11/01/2020","34.19","35.30","35.30","33.87","","-4.82%"
"10/30/2020","35.92","36.34","36.76","35.38","","-1.16%"
"10/29/2020","36.34","37.78","37.87","35.09","","-4.07%"
"10/28/2020","37.88","39.00","39.11","37.13","","-2.85%"
"10/27/2020","38.99","38.73","39.94","38.63","","0.62%"
"10/26/2020","38.75","39.30","39.45","38.39","","-1.42%"
"10/25/2020","39.31","39.59","39.60","39.02","","-1.23%"
"10/23/2020","39.80","40.63","40.98","39.66","","-2.14%"
"10/22/2020","40.67","39.96","41.08","39.78","","1.80%"
"10/21/2020","39.95","41.45","41.63","39.84","","-3.67%"
"10/20/2020","41.47","40.92","41.92","40.53","","1.27%"
"10/19/2020","40.95","41.23","41.47","40.80","","-0.68%"
"10/18/2020","41.23","41.03","41.36","40.95","","0.54%"
"10/16/2020","41.01","41.13","41.31","40.38","","-0.44%"
"10/15/2020","41.19","41.45","41.51","39.52","","-0.70%"
"10/14/2020","41.48","40.45","41.56","40.12","","2.65%"
"10/13/2020","40.41","39.91","40.77","39.63","","1.38%"
"10/12/2020","39.86","40.48","40.65","39.34","","-1.53%"
"10/11/2020","40.48","40.65","40.72","40.42","","-0.78%"
"10/09/2020","40.80","41.45","41.62","40.63","","-1.57%"
"10/08/2020","41.45","40.25","41.69","39.98","","2.93%"
"10/07/2020","40.27","39.97","40.52","39.48","","0.65%"
"10/06/2020","40.01","39.42","41.02","39.28","","1.57%"
"10/05/2020","39.39","37.49","39.86","37.45","","5.10%"
"10/04/2020","37.48","37.24","37.52","37.20","","0.75%"
"10/02/2020","37.20","38.63","38.75","36.80","","-3.78%"
"10/01/2020","38.66","40.16","40.59","37.79","","-3.76%"
"09/30/2020","40.17","39.27","40.48","38.80","","2.29%"
"09/29/2020","39.27","40.70","40.80","38.54","","-3.51%"
"09/28/2020","40.70","40.20","40.88","39.88","","1.24%"
"09/27/2020","40.20","40.10","40.35","40.10","","0.10%"
"09/25/2020","40.16","40.34","40.71","39.81","","-0.59%"
"09/24/2020","40.40","39.48","40.44","39.38","","2.51%"
"09/23/2020","39.41","39.77","40.77","39.22","","-0.91%"
"09/22/2020","39.77","39.97","40.30","39.25","","-0.53%"
"09/21/2020","39.98","41.08","41.52","38.92","","-2.65%"
"09/20/2020","41.07","41.17","41.20","40.81","","-0.29%"
"09/18/2020","41.19","41.14","41.73","40.55","","0.12%"
"09/17/2020","41.14","27.45","41.48","27.04","","49.71%"
"09/16/2020","27.48","26.18","27.52","26.12","","4.85%"
"09/15/2020","26.21","25.31","26.25","25.20","","3.52%"
"09/14/2020","25.32","25.22","25.41","24.91","","0.36%"
"09/13/2020","25.23","25.16","25.30","24.96","","1.41%"
"09/11/2020","24.88","24.71","25.12","24.43","","0.61%"
"09/10/2020","24.73","24.89","25.20","24.49","","-0.72%"
"09/09/2020","24.91","24.09","25.27","23.91","","3.49%"
"09/08/2020","24.07","25.54","25.62","23.77","","-5.68%"
"09/07/2020","25.52","25.09","25.63","25.09","","1.79%"
"09/06/2020","25.07","25.52","25.52","24.96","","-0.59%"
"09/04/2020","25.22","25.96","26.55","25.13","","-2.81%"
"09/03/2020","25.95","26.25","26.30","25.45","","-1.29%"
"09/02/2020","26.29","26.86","27.00","25.93","","-2.16%"
"09/01/2020","26.87","26.56","26.96","26.50","","1.13%"
"08/31/2020","26.57","26.54","26.91","26.32","","0.19%"
"08/30/2020","26.52","26.46","26.54","26.45","","1.45%"
"08/28/2020","26.14","25.93","26.30","25.87","","0.73%"
"08/27/2020","25.95","26.09","26.18","25.59","","-0.61%"
"08/26/2020","26.11","25.94","26.20","25.77","","0.77%"
"08/25/2020","25.91","25.29","25.95","25.25","","2.53%"
"08/24/2020","25.27","25.02","25.36","24.95","","1.00%"
"08/23/2020","25.02","25.02","25.16","24.95","","1.62%"
"08/21/2020","24.62","24.81","24.89","24.13","","-0.89%"
"08/20/2020","24.84","24.66","24.84","24.11","","0.61%"
"08/19/2020","24.69","24.59","24.82","24.48","","0.41%"
"08/18/2020","24.59","24.48","24.70","24.27","","0.37%"
"08/17/2020","24.50","24.12","24.57","23.95","","1.58%"
"08/16/2020","24.12","24.05","24.17","24.00","","1.52%"
"08/14/2020","23.76","23.73","23.78","23.45","","0.04%"
"08/13/2020","23.75","23.61","23.82","23.50","","0.55%"
"08/12/2020","23.62","22.98","23.75","22.96","","2.79%"
"08/11/2020","22.98","23.02","23.56","22.90","","-0.26%"
"08/10/2020","23.04","22.72","23.13","22.70","","1.36%"
"08/09/2020","22.73","22.61","22.75","22.52","","1.38%"
"08/07/2020","22.42","22.54","22.64","22.16","","-0.58%"
"08/06/2020","22.55","22.44","22.75","22.25","","0.45%"
"08/05/2020","22.45","21.88","22.93","21.84","","2.61%"
"08/04/2020","21.88","21.43","22.13","21.25","","2.20%"
"08/03/2020","21.41","21.04","21.67","20.82","","1.71%"
"08/02/2020","21.05","21.13","21.13","20.95","","0.72%"
"07/31/2020","20.90","20.75","20.91","20.51","","0.82%"
"07/30/2020","20.73","21.02","21.05","19.91","","-1.29%"
"07/29/2020","21.00","20.77","21.06","20.70","","1.11%"
"07/28/2020","20.77","20.84","20.98","20.57","","-0.48%"
"07/27/2020","20.87","20.44","20.88","20.23","","2.15%"
"07/26/2020","20.43","20.50","20.55","20.34","","0.79%"
"07/24/2020","20.27","19.99","20.31","19.87","","1.35%"
"07/23/2020","20.00","20.16","20.52","19.86","","-0.65%"
"07/22/2020","20.13","19.95","20.27","19.84","","0.85%"
"07/21/2020","19.96","19.55","20.34","19.54","","2.15%"
"07/20/2020","19.54","19.41","19.59","19.13","","0.67%"
"07/19/2020","19.41","19.39","19.42","19.31","","1.41%"
"07/17/2020","19.14","19.12","19.21","18.88","","0.26%"
"07/16/2020","19.09","19.09","19.21","18.96","","0.10%"
"07/15/2020","19.07","18.80","19.16","18.68","","1.60%"
"07/14/2020","18.77","18.25","18.94","18.09","","2.74%"
"07/13/2020","18.27","18.41","18.70","18.23","","-0.76%"
"07/12/2020","18.41","18.50","18.56","18.34","","0.22%"
"07/10/2020","18.37","17.88","18.38","17.50","","2.74%"
"07/09/2020","17.88","18.16","18.28","17.66","","-1.70%"
"07/08/2020","18.19","17.85","18.23","17.82","","1.85%"
"07/07/2020","17.86","17.88","18.05","17.62","","-0.17%"
"07/06/2020","17.89","17.69","18.00","17.62","","1.19%"
"07/05/2020","17.68","17.63","17.73","17.61","","1.73%"
"07/03/2020","17.38","17.24","17.39","17.16","","0.75%"
"07/02/2020","17.25","16.88","17.43","16.86","","2.31%"
"07/01/2020","16.86","16.73","17.13","16.55","","0.78%"
"06/30/2020","16.73","16.66","16.89","16.45","","0.54%"
"06/29/2020","16.64","15.96","16.75","15.86","","4.26%"
"06/28/2020","15.96","15.98","16.00","15.89","","0.57%"
"06/26/2020","15.87","16.07","16.25","15.70","","-1.37%"
"06/25/2020","16.09","15.63","16.18","15.38","","3.01%"
"06/24/2020","15.62","16.29","16.48","15.34","","-4.05%"
"06/23/2020","16.28","16.45","16.80","16.05","","-1.09%"
"06/22/2020","16.46","15.89","16.57","15.84","","3.46%"
"06/21/2020","15.91","15.59","15.96","15.59","","1.92%"
"06/19/2020","15.61","15.52","15.95","15.25","","0.45%"
"06/18/2020","15.54","14.89","15.61","14.79","","4.09%"
"06/17/2020","14.93","14.96","15.32","14.79","","-0.20%"
"06/16/2020","14.96","14.66","15.41","14.41","","1.77%"
"06/15/2020","14.70","13.96","14.79","13.62","","5.30%"
"06/14/2020","13.96","14.14","14.14","13.90","","-1.13%"
"06/12/2020","14.12","13.73","14.23","13.32","","2.99%"
"06/11/2020","13.71","14.62","14.68","13.66","","-6.22%"
"06/10/2020","14.62","14.43","15.04","14.32","","1.18%"
"06/09/2020","14.45","14.46","14.71","14.04","","-0.07%"
"06/08/2020","14.46","14.98","14.98","14.25","","-3.47%"
"06/07/2020","14.98","14.68","14.99","14.64","","4.54%"
"06/05/2020","14.33","13.79","14.55","13.73","","4.07%"
"06/04/2020","13.77","13.59","13.86","13.41","","1.32%"
"06/03/2020","13.59","13.48","13.78","13.23","","0.82%"
"06/02/2020","13.48","12.91","13.54","12.88","","4.25%"
"06/01/2020","12.93","12.77","13.02","12.55","","1.25%"
"05/31/2020","12.77","12.64","12.97","12.63","","0.79%"
"05/29/2020","12.67","12.07","12.77","11.82","","4.97%"
"05/28/2020","12.07","11.59","12.27","11.48","","4.14%"
"05/27/2020","11.59","12.18","12.23","11.41","","-4.84%"
"05/26/2020","12.18","12.04","12.32","11.89","","1.33%"
"05/25/2020","12.02","11.68","12.07","11.59","","3.09%"
"05/24/2020","11.66","11.79","11.80","11.54","","0.26%"
"05/22/2020","11.63","11.75","11.77","10.88","","-1.02%"
"05/21/2020","11.75","11.50","11.80","11.46","","2.17%"
"05/20/2020","11.50","10.99","11.57","10.98","","4.55%"
"05/19/2020","11.00","11.20","11.23","10.88","","-1.87%"
"05/18/2020","11.21","10.48","11.23","10.45","","7.17%"
"05/17/2020","10.46","10.29","10.48","10.25","","2.85%"
"05/15/2020","10.17","9.80","10.20","9.68","","3.88%"
"05/14/2020","9.79","9.41","9.88","9.29","","4.04%"
"05/13/2020","9.41","9.35","9.64","9.29","","0.32%"
"05/12/2020","9.38","9.48","9.63","9.32","","-0.85%"
"05/11/2020","9.46","9.70","9.88","9.39","","-2.57%"
"05/10/2020","9.71","9.71","9.75","9.63","","1.04%"
"05/08/2020","9.61","9.12","9.68","9.09","","5.37%"
"05/07/2020","9.12","9.18","9.63","8.95","","0.11%"
"05/06/2020","9.11","9.66","9.66","8.96","","-5.89%"
"05/05/2020","9.68","8.75","9.75","8.66","","10.88%"
"05/04/2020","8.73","8.27","8.82","8.12","","5.56%"
"05/03/2020","8.27","8.32","8.34","8.21","","-0.48%"
"05/01/2020","8.31","8.61","8.79","8.16","","-3.60%"
"04/30/2020","8.62","8.15","8.75","7.96","","5.64%"
"04/29/2020","8.16","7.77","8.16","7.77","","4.75%"
"04/28/2020","7.79","7.78","8.13","7.64","","0.00%"
"04/27/2020","7.79","8.07","8.07","7.64","","-3.47%"
"04/26/2020","8.07","8.02","8.09","8.00","","1.00%"
"04/24/2020","7.99","8.16","8.32","7.79","","-2.68%"
"04/23/2020","8.21","8.04","8.54","7.88","","1.99%"
"04/22/2020","8.05","7.97","8.23","6.93","","0.88%"
"04/21/2020","7.98","11.99","12.71","6.79","","-33.28%"
"04/20/2020","11.96","17.05","17.21","11.34","","-29.85%"
"04/19/2020","17.05","17.73","17.81","16.91","","-6.11%"
"04/17/2020","18.16","19.89","20.04","17.27","","-8.65%"
"04/16/2020","19.88","20.29","20.45","19.38","","-1.83%"
"04/15/2020","20.25","20.77","20.80","19.14","","-2.60%"
"04/14/2020","20.79","22.75","22.82","19.88","","-8.82%"
"04/13/2020","22.80","23.13","24.44","22.21","","-1.38%"
"04/12/2020","23.12","24.46","24.46","21.95","","0.30%"
"04/09/2020","23.05","26.25","28.12","22.45","","-12.12%"
"04/08/2020","26.23","24.45","26.38","23.57","","7.28%"
"04/07/2020","24.45","26.73","27.02","23.37","","-8.60%"
"04/06/2020","26.75","26.14","27.98","25.62","","2.37%"
"04/05/2020","26.13","25.88","26.30","25.20","","-8.32%"
"04/03/2020","28.50","24.42","28.83","23.27","","16.52%"
"04/02/2020","24.46","21.01","26.94","20.54","","16.37%"
"04/01/2020","21.02","20.06","21.30","19.71","","4.84%"
"03/31/2020","20.05","20.27","21.59","19.78","","-1.09%"
"03/30/2020","20.27","20.07","20.59","19.04","","1.10%"
"03/29/2020","20.05","20.63","20.63","19.69","","-6.87%"
"03/27/2020","21.53","22.77","23.04","20.61","","-5.45%"
"03/26/2020","22.77","23.84","24.27","22.05","","-4.69%"
"03/25/2020","23.89","24.25","24.82","22.59","","-1.48%"
"03/24/2020","24.25","23.98","24.75","22.73","","0.83%"
"03/23/2020","24.05","21.20","24.20","21.20","","13.28%"
"03/22/2020","21.23","21.09","21.34","20.50","","-8.49%"
"03/20/2020","23.20","25.98","27.97","22.02","","-10.77%"
"03/19/2020","26.00","23.38","27.61","21.34","","10.31%"
"03/18/2020","23.57","26.50","27.16","20.05","","-10.99%"
"03/17/2020","26.48","29.11","30.28","26.21","","-9.10%"
"03/16/2020","29.13","30.45","31.52","28.12","","-4.33%"
"03/15/2020","30.45","30.21","30.61","29.75","","-7.67%"
"03/13/2020","32.98","30.96","33.84","30.61","","6.32%"
"03/12/2020","31.02","33.12","33.51","29.99","","-6.26%"
"03/11/2020","33.09","34.08","36.23","32.53","","-2.71%"
"03/10/2020","34.01","32.57","34.95","31.75","","5.03%"
"03/09/2020","32.38","32.47","34.77","27.30","","-0.22%"
"03/08/2020","32.45","32.50","33.51","32.30","","-21.86%"
"03/06/2020","41.53","46.14","46.27","40.98","","-9.95%"
"03/05/2020","46.12","47.23","47.45","45.55","","-2.35%"
"03/04/2020","47.23","46.91","48.30","46.55","","0.68%"
"03/03/2020","46.91","47.80","48.52","46.38","","-1.86%"
"03/02/2020","47.80","44.47","47.81","44.31","","7.54%"
"03/01/2020","44.45","43.37","44.58","43.37","","-1.51%"
"02/28/2020","45.13","46.70","46.79","43.73","","-3.28%"
"02/27/2020","46.66","48.24","48.38","45.76","","-3.32%"
"02/26/2020","48.26","50.02","50.27","48.09","","-3.50%"
"02/25/2020","50.01","51.27","51.83","49.55","","-2.46%"
"02/24/2020","51.27","51.88","52.09","50.27","","-1.16%"
"02/23/2020","51.87","52.37","52.42","51.48","","-2.54%"
"02/21/2020","53.22","53.28","53.62","52.34","","-0.08%"
"02/20/2020","53.26","53.52","54.39","53.17","","-0.50%"
"02/19/2020","53.53","52.17","53.55","51.94","","2.63%"
"02/18/2020","52.16","51.97","52.19","50.91","","0.40%"
"02/17/2020","51.95","52.09","52.21","51.80","","-0.31%"
"02/16/2020","52.11","52.22","52.34","52.09","","-0.17%"
"02/14/2020","52.20","51.41","52.30","51.31","","1.58%"
"02/13/2020","51.39","51.47","51.89","50.59","","-0.12%"
"02/12/2020","51.45","50.12","51.95","50.08","","2.65%"
"02/11/2020","50.12","49.80","50.67","49.70","","0.68%"
"02/10/2020","49.78","49.74","50.44","49.44","","0.08%"
"02/09/2020","49.74","49.97","50.14","49.55","","-1.19%"
"02/07/2020","50.34","51.41","51.41","50.08","","-2.08%"
"02/06/2020","51.41","51.17","52.14","50.23","","0.41%"
"02/05/2020","51.20","49.61","51.84","49.59","","3.27%"
"02/04/2020","49.58","49.91","51.52","49.32","","-0.60%"
"02/03/2020","49.88","51.02","51.94","49.64","","-2.23%"
"02/02/2020","51.02","50.77","51.23","50.77","","-1.07%"
"01/31/2020","51.57","52.84","53.31","50.95","","-2.40%"
"01/30/2020","52.84","53.09","53.16","51.64","","-0.47%"
"01/29/2020","53.09","53.73","54.33","52.80","","-1.21%"
"01/28/2020","53.74","52.92","54.02","52.64","","1.57%"
"01/27/2020","52.91","52.59","53.47","52.12","","0.67%"
"01/26/2020","52.56","53.37","53.55","52.16","","-2.90%"
"01/24/2020","54.13","55.62","55.91","53.84","","-2.68%"
"01/23/2020","55.62","56.08","56.12","54.73","","-0.84%"
"01/22/2020","56.09","58.24","58.33","56.03","","-3.72%"
"01/21/2020","58.26","58.66","58.80","57.66","","-0.70%"
"01/20/2020","58.67","59.23","59.27","58.52","","-0.93%"
"01/19/2020","59.22","59.33","59.62","59.19","","0.77%"
"01/17/2020","58.77","58.62","58.98","58.28","","0.27%"
"01/16/2020","58.61","58.13","58.87","57.58","","0.84%"
"01/15/2020","58.12","58.09","58.37","57.39","","0.05%"
"01/14/2020","58.09","58.13","58.72","57.77","","-0.05%"
"01/13/2020","58.12","58.92","59.28","57.95","","-1.39%"
"01/12/2020","58.94","59.12","59.12","58.73","","-0.39%"
"01/10/2020","59.17","59.53","59.80","58.88","","-0.64%"
"01/09/2020","59.55","59.98","60.31","58.70","","-0.70%"
"01/08/2020","59.97","64.92","65.67","59.17","","-7.62%"
"01/07/2020","64.92","62.98","65.48","62.16","","3.06%"
"01/06/2020","62.99","63.86","64.75","62.69","","-1.41%"
"01/05/2020","63.89","63.84","64.30","63.64","","1.25%"
"01/03/2020","63.10","61.20","64.11","61.16","","3.12%"
"01/02/2020","61.19","61.42","61.48","60.73","","-0.05%"
"12/31/2019","61.22","61.67","61.92","60.67","","-0.76%"
"12/30/2019","61.69","61.77","62.38","61.16","","-0.13%"
"12/29/2019","61.77","61.73","61.78","61.70","","0.05%"
"12/27/2019","61.74","61.74","62.02","61.28","","0.02%"
"12/26/2019","61.73","61.31","61.87","61.13","","0.93%"
"12/24/2019","61.16","60.63","61.17","60.53","","0.86%"
"12/23/2019","60.64","60.49","60.83","60.16","","0.21%"
"12/22/2019","60.51","60.44","60.52","60.39","","0.12%"
"12/20/2019","60.44","61.13","61.26","60.11","","-1.14%"
"12/19/2019","61.14","60.88","61.47","60.77","","0.43%"
"12/18/2019","60.88","60.58","61.16","60.31","","0.55%"
"12/17/2019","60.55","60.12","61.03","60.02","","0.72%"
"12/16/2019","60.12","59.77","60.33","59.74","","0.60%"
"12/15/2019","59.76","59.87","59.88","59.76","","-0.03%"
"12/13/2019","59.78","59.58","60.41","59.27","","0.37%"
"12/12/2019","59.56","58.90","59.70","58.74","","1.10%"
"12/11/2019","58.91","59.05","59.17","58.09","","-0.25%"
"12/10/2019","59.06","58.86","59.48","58.52","","0.37%"
"12/09/2019","58.84","58.93","59.22","58.23","","-0.17%"
"12/08/2019","58.94","59.13","59.15","58.94","","-0.29%"
"12/06/2019","59.11","58.33","59.80","57.66","","1.37%"
"12/05/2019","58.31","58.38","59.05","58.06","","-0.12%"
"12/04/2019","58.38","56.38","58.59","56.23","","3.57%"
"12/03/2019","56.37","56.01","56.72","55.31","","0.68%"
"12/02/2019","55.99","55.77","56.62","55.59","","0.41%"
"12/01/2019","55.76","55.45","55.77","55.42","","0.72%"
"11/29/2019","55.36","58.02","58.11","54.97","","-4.57%"
"11/28/2019","58.01","57.89","58.22","57.58","","0.17%"
"11/27/2019","57.91","58.19","58.61","57.45","","-0.50%"
"11/26/2019","58.20","57.86","58.47","57.70","","0.57%"
"11/25/2019","57.87","57.91","58.05","57.14","","-0.09%"
"11/24/2019","57.92","57.88","57.97","57.76","","0.14%"
"11/22/2019","57.84","58.24","58.64","57.41","","-0.72%"
"11/21/2019","58.26","56.88","58.58","56.52","","2.43%"
"11/20/2019","56.88","55.27","57.27","54.78","","2.93%"
"11/19/2019","55.26","56.91","57.09","55.08","","-2.90%"
"11/18/2019","56.91","57.74","58.05","56.55","","-1.42%"
"11/17/2019","57.73","57.83","57.86","57.64","","-0.22%"
"11/15/2019","57.86","56.97","57.92","56.41","","1.60%"
"11/14/2019","56.95","57.37","57.74","56.60","","-0.75%"
"11/13/2019","57.38","56.62","57.48","56.16","","1.34%"
"11/12/2019","56.62","56.59","57.48","56.52","","0.05%"
"11/11/2019","56.59","57.05","57.27","56.20","","-0.82%"
"11/10/2019","57.06","57.30","57.30","56.98","","-0.52%"
"11/08/2019","57.36","56.88","57.39","55.70","","0.84%"
"11/07/2019","56.88","56.26","57.77","56.20","","1.14%"
"11/06/2019","56.24","56.99","57.72","56.05","","-1.35%"
"11/05/2019","57.01","56.48","57.41","56.22","","0.94%"
"11/04/2019","56.48","56.09","57.33","55.74","","0.66%"
"11/03/2019","56.11","56.23","56.27","56.11","","0.11%"
"11/01/2019","56.05","53.98","56.05","53.98","","3.85%"
"10/31/2019","53.97","54.78","55.47","53.62","","-1.44%"
"10/30/2019","54.76","55.38","55.61","54.31","","-1.08%"
"10/29/2019","55.36","55.69","55.77","54.48","","-0.61%"
"10/28/2019","55.70","56.55","56.78","55.47","","-1.52%"
"10/27/2019","56.56","56.62","56.62","56.55","","0.12%"
"10/25/2019","56.49","55.97","56.59","55.47","","0.97%"
"10/24/2019","55.95","55.59","56.34","55.26","","0.65%"
"10/23/2019","55.59","54.06","55.91","53.47","","2.85%"
"10/22/2019","54.05","53.38","54.62","53.08","","1.24%"
"10/21/2019","53.39","53.58","54.02","52.73","","-0.32%"
"10/20/2019","53.56","53.69","53.73","53.48","","-0.32%"
"10/18/2019","53.73","53.95","54.62","53.36","","-0.41%"
"10/17/2019","53.95","52.80","54.14","52.66","","2.16%"
"10/16/2019","52.81","52.98","53.73","52.55","","-0.34%"
"10/15/2019","52.99","53.55","53.80","52.41","","-1.05%"
"10/14/2019","53.55","54.81","54.81","52.81","","-2.28%"
"10/13/2019","54.80","54.88","54.88","54.70","","-0.16%"
"10/11/2019","54.89","53.91","54.92","53.66","","1.80%"
"10/10/2019","53.92","52.23","54.12","52.13","","3.30%"
"10/09/2019","52.20","52.38","53.73","51.42","","-0.40%"
"10/08/2019","52.41","52.98","53.27","51.84","","-1.02%"
"10/07/2019","52.95","52.66","54.06","52.61","","0.59%"
"10/06/2019","52.64","52.77","52.81","52.62","","-0.68%"
"10/04/2019","53.00","52.37","53.34","52.06","","1.18%"
"10/03/2019","52.38","52.45","52.92","51.02","","-0.27%"
"10/02/2019","52.52","54.09","54.41","52.20","","-2.83%"
"10/01/2019","54.05","54.24","54.86","53.08","","-0.39%"
"09/30/2019","54.26","56.06","56.16","54.02","","-3.25%"
"09/29/2019","56.08","56.39","56.41","56.02","","-0.16%"
"09/27/2019","56.17","56.24","56.77","54.77","","-0.23%"
"09/26/2019","56.30","56.77","56.86","55.45","","-0.78%"
"09/25/2019","56.74","56.84","57.04","55.66","","-0.16%"
"09/24/2019","56.83","58.35","58.51","56.71","","-2.66%"
"09/23/2019","58.38","58.73","58.89","57.44","","-0.58%"
"09/22/2019","58.72","59.27","59.27","58.69","","0.53%"
"09/20/2019","58.41","58.83","59.27","57.97","","-0.78%"
"09/19/2019","58.87","58.09","59.52","58.09","","1.31%"
"09/18/2019","58.11","58.95","59.43","57.69","","-1.36%"
"09/17/2019","58.91","61.94","62.59","58.48","","-4.80%"
"09/16/2019","61.88","61.36","63.37","58.81","","0.88%"
"09/15/2019","61.34","61.98","63.14","60.12","","11.85%"
"09/13/2019","54.84","55.16","55.67","54.45","","-0.60%"
"09/12/2019","55.17","56.20","56.36","54.02","","-1.87%"
"09/11/2019","56.22","57.97","58.29","55.62","","-3.02%"
"09/10/2019","57.97","58.20","58.76","57.22","","-0.38%"
"09/09/2019","58.19","56.88","58.25","56.62","","2.30%"
"09/08/2019","56.88","56.72","57.12","56.72","","0.39%"
"09/06/2019","56.66","56.30","56.95","54.86","","0.68%"
"09/05/2019","56.28","56.05","57.73","55.77","","0.41%"
"09/04/2019","56.05","53.87","56.61","53.87","","4.03%"
"09/03/2019","53.88","54.70","55.05","52.91","","-1.48%"
"09/02/2019","54.69","54.84","55.24","54.38","","-0.26%"
"09/01/2019","54.83","54.98","55.02","54.58","","-0.62%"
"08/30/2019","55.17","56.59","56.74","54.61","","-2.54%"
"08/29/2019","56.61","55.88","56.91","55.47","","1.31%"
"08/28/2019","55.88","55.62","56.72","55.38","","0.45%"
"08/27/2019","55.63","53.80","55.74","53.73","","3.36%"
"08/26/2019","53.82","53.16","55.28","53.13","","1.26%"
"08/25/2019","53.15","53.30","53.44","53.01","","-1.50%"
"08/23/2019","53.96","55.53","55.63","53.30","","-2.86%"
"08/22/2019","55.55","56.02","56.49","54.91","","-0.84%"
"08/21/2019","56.02","56.24","57.16","55.61","","-0.37%"
"08/20/2019","56.23","56.00","56.63","55.22","","0.39%"
"08/19/2019","56.01","55.21","56.35","54.88","","1.43%"
"08/18/2019","55.22","54.98","55.27","54.84","","0.62%"
"08/16/2019","54.88","54.73","55.63","54.25","","0.22%"
"08/15/2019","54.76","54.94","55.28","53.74","","-0.29%"
"08/14/2019","54.92","56.77","56.80","53.95","","-3.24%"
"08/13/2019","56.76","54.83","57.41","54.21","","3.58%"
"08/12/2019","54.80","54.21","55.13","53.52","","1.11%"
"08/11/2019","54.20","54.27","54.39","54.16","","-0.04%"
"08/09/2019","54.22","52.73","54.84","52.33","","2.75%"
"08/08/2019","52.77","52.23","52.96","51.88","","1.03%"
"08/07/2019","52.23","53.33","53.69","50.48","","-2.03%"
"08/06/2019","53.31","53.99","55.34","53.12","","-1.24%"
"08/05/2019","53.98","55.26","55.52","53.72","","-2.33%"
"08/04/2019","55.27","55.24","55.28","55.03","","0.27%"
"08/02/2019","55.12","54.35","55.93","54.26","","1.44%"
"08/01/2019","54.34","57.49","57.88","53.52","","-5.56%"
"07/31/2019","57.54","58.16","58.70","57.34","","-1.07%"
"07/30/2019","58.16","57.00","58.33","56.88","","2.02%"
"07/29/2019","57.01","55.88","57.12","55.71","","2.02%"
"07/28/2019","55.88","56.12","56.20","55.86","","-0.30%"
"07/26/2019","56.05","55.97","56.42","55.56","","0.18%"
"07/25/2019","55.95","55.84","56.84","55.68","","0.16%"
"07/24/2019","55.86","56.92","57.48","55.22","","-1.85%"
"07/23/2019","56.91","55.97","57.25","55.61","","1.72%"
"07/22/2019","55.95","56.10","56.87","55.69","","-0.25%"
"07/21/2019","56.09","56.31","56.31","55.95","","0.63%"
"07/19/2019","55.74","55.69","56.33","54.98","","0.14%"
"07/18/2019","55.66","56.53","57.27","54.73","","-1.54%"
"07/17/2019","56.53","57.58","58.31","56.19","","-1.79%"
"07/16/2019","57.56","59.44","59.98","57.03","","-3.11%"
"07/15/2019","59.41","60.08","60.84","59.16","","-1.08%"
"07/14/2019","60.06","60.23","60.24","60.03","","-0.36%"
"07/12/2019","60.28","60.36","60.66","59.86","","-0.10%"
"07/11/2019","60.34","60.41","60.84","60.06","","-0.07%"
"07/10/2019","60.38","58.55","60.52","58.44","","3.09%"
"07/09/2019","58.57","57.34","58.59","57.22","","2.15%"
"07/08/2019","57.34","57.52","58.34","57.21","","-0.36%"
"07/07/2019","57.55","57.70","57.73","57.49","","-0.10%"
"07/05/2019","57.61","56.66","57.66","56.18","","1.68%"
"07/04/2019","56.66","57.26","57.42","56.34","","-1.07%"
"07/03/2019","57.27","56.42","57.30","55.92","","1.54%"
"07/02/2019","56.40","58.59","59.27","55.96","","-3.72%"
"07/01/2019","58.58","59.36","60.11","58.19","","-1.35%"
"06/30/2019","59.38","59.34","59.78","59.15","","2.34%"
"06/28/2019","58.02","59.20","59.60","57.59","","-1.94%"
"06/27/2019","59.17","58.70","59.52","58.42","","0.68%"
"06/26/2019","58.77","58.61","59.73","58.45","","0.31%"
"06/25/2019","58.59","57.61","58.63","57.02","","1.72%"
"06/24/2019","57.60","57.62","57.99","56.56","","-0.02%"
"06/23/2019","57.61","57.58","57.72","57.41","","0.44%"
"06/21/2019","57.36","57.23","57.73","56.42","","0.31%"
"06/20/2019","57.18","54.41","57.53","54.30","","5.09%"
"06/19/2019","54.41","54.22","54.49","53.28","","0.39%"
"06/18/2019","54.20","51.86","54.27","51.49","","4.55%"
"06/17/2019","51.84","52.67","52.72","51.61","","-1.56%"
"06/16/2019","52.66","52.44","52.70","52.30","","0.36%"
"06/14/2019","52.47","52.05","52.94","51.67","","0.81%"
"06/13/2019","52.05","51.17","53.41","50.89","","1.66%"
"06/12/2019","51.20","52.76","52.76","50.70","","-2.98%"
"06/11/2019","52.77","53.27","53.99","52.72","","-0.96%"
"06/10/2019","53.28","54.37","54.48","53.02","","-2.02%"
"06/09/2019","54.38","54.29","54.77","54.27","","0.74%"
"06/07/2019","53.98","53.16","54.24","52.56","","1.47%"
"06/06/2019","53.20","51.53","53.23","51.13","","3.20%"
"06/05/2019","51.55","52.98","53.33","50.56","","-2.70%"
"06/04/2019","52.98","53.03","53.69","52.37","","-0.08%"
"06/03/2019","53.02","52.73","54.53","52.55","","0.53%"
"06/02/2019","52.74","53.22","53.34","52.06","","-0.96%"
"05/31/2019","53.25","55.90","56.12","52.98","","-4.55%"
"05/30/2019","55.79","58.95","59.57","55.73","","-5.36%"
"05/29/2019","58.95","58.81","59.15","56.80","","0.26%"
"05/28/2019","58.80","59.05","59.44","58.52","","-0.41%"
"05/27/2019","59.04","58.64","59.11","58.02","","0.65%"
"05/26/2019","58.66","58.81","58.88","58.55","","-0.37%"
"05/24/2019","58.88","58.06","58.97","57.38","","1.43%"
"05/23/2019","58.05","61.21","61.26","57.20","","-5.15%"
"05/22/2019","61.20","62.62","62.67","60.89","","-2.28%"
"05/21/2019","62.63","63.26","63.62","62.52","","-0.96%"
"05/20/2019","63.24","63.40","63.80","62.45","","-0.27%"
"05/19/2019","63.41","62.96","63.57","62.96","","1.07%"
"05/17/2019","62.74","63.18","63.62","62.53","","-0.66%"
"05/16/2019","63.16","62.22","63.45","62.14","","1.54%"
"05/15/2019","62.20","61.27","62.31","60.84","","1.52%"
"05/14/2019","61.27","60.91","62.08","60.67","","0.57%"
"05/13/2019","60.92","61.29","63.30","60.62","","-0.62%"
"05/12/2019","61.30","61.61","61.78","61.23","","-0.66%"
"05/10/2019","61.71","61.83","62.44","61.39","","-0.21%"
"05/09/2019","61.84","61.91","62.16","60.88","","-0.11%"
"05/08/2019","61.91","61.52","62.31","61.03","","0.65%"
"05/07/2019","61.51","62.23","62.44","60.64","","-1.20%"
"05/06/2019","62.26","60.45","62.88","60.01","","2.99%"
"05/05/2019","60.45","61.34","61.34","60.32","","-2.18%"
"05/03/2019","61.80","61.63","62.45","61.24","","0.29%"
"05/02/2019","61.62","63.41","63.59","60.89","","-2.82%"
"05/01/2019","63.41","63.45","63.84","62.70","","-0.11%"
"04/30/2019","63.48","63.48","64.67","63.23","","0.02%"
"04/29/2019","63.47","62.76","63.61","62.39","","1.10%"
"04/28/2019","62.78","62.84","62.94","62.72","","0.02%"
"04/26/2019","62.77","64.86","64.97","62.20","","-3.27%"
"04/25/2019","64.89","65.65","66.19","64.83","","-1.17%"
"04/24/2019","65.66","65.92","66.33","65.57","","-0.42%"
"04/23/2019","65.94","65.69","66.50","65.48","","0.41%"
"04/22/2019","65.67","64.39","65.88","64.38","","1.99%"
"04/21/2019","64.39","63.98","64.42","63.98","","0.67%"
"04/18/2019","63.96","63.70","64.12","63.45","","0.39%"
"04/17/2019","63.71","64.33","64.56","63.65","","-0.96%"
"04/16/2019","64.33","63.47","64.41","62.98","","1.37%"
"04/15/2019","63.46","63.60","63.73","63.01","","-0.24%"
"04/14/2019","63.61","63.74","63.80","63.49","","-0.19%"
"04/12/2019","63.73","63.70","64.58","63.65","","0.03%"
"04/11/2019","63.71","64.28","64.37","63.24","","-0.87%"
"04/10/2019","64.27","64.08","64.61","63.98","","0.28%"
"04/09/2019","64.09","64.36","64.69","63.59","","-0.40%"
"04/08/2019","64.35","63.30","64.38","63.03","","1.64%"
"04/07/2019","63.31","63.23","63.38","63.22","","0.24%"
"04/05/2019","63.16","61.84","63.22","61.70","","2.13%"
"04/04/2019","61.84","62.27","62.63","61.77","","-0.67%"
"04/03/2019","62.26","62.34","62.83","61.95","","-0.16%"
"04/02/2019","62.36","61.59","62.59","61.45","","1.27%"
"04/01/2019","61.58","60.18","61.62","60.17","","2.34%"
"03/31/2019","60.17","59.97","60.23","59.97","","0.32%"
"03/29/2019","59.98","59.30","60.51","59.22","","1.15%"
"03/28/2019","59.30","59.11","59.38","58.01","","0.30%"
"03/27/2019","59.12","59.63","59.98","58.59","","-0.84%"
"03/26/2019","59.62","58.90","60.10","58.90","","1.19%"
"03/25/2019","58.92","58.55","59.09","57.94","","0.61%"
"03/24/2019","58.56","58.62","58.63","58.49","","-0.22%"
"03/22/2019","58.69","59.66","59.78","58.02","","-1.59%"
"03/21/2019","59.64","59.81","60.09","59.39","","-0.27%"
"03/20/2019","59.80","58.91","59.98","58.30","","1.49%"
"03/19/2019","58.92","59.03","59.53","58.61","","-0.22%"
"03/18/2019","59.05","58.41","59.20","58.02","","1.10%"
"03/17/2019","58.41","58.47","58.48","58.39","","0.12%"
"03/15/2019","58.34","58.47","58.87","57.69","","-0.24%"
"03/14/2019","58.48","58.24","58.64","57.91","","0.43%"
"03/13/2019","58.23","57.05","58.38","56.91","","2.05%"
"03/12/2019","57.06","56.84","57.42","56.66","","0.33%"
"03/11/2019","56.87","56.02","56.95","55.92","","1.52%"
"03/10/2019","56.02","56.05","56.14","56.02","","0.29%"
"03/08/2019","55.86","56.27","56.30","54.37","","-0.75%"
"03/07/2019","56.28","55.94","56.80","55.91","","0.59%"
"03/06/2019","55.95","55.95","56.20","55.28","","-0.05%"
"03/05/2019","55.98","56.21","56.97","55.88","","-0.43%"
"03/04/2019","56.22","55.77","56.77","55.59","","0.79%"
"03/03/2019","55.78","55.66","56.05","55.62","","0.50%"
"03/01/2019","55.50","56.92","57.56","55.32","","-2.53%"
"02/28/2019","56.94","56.69","57.13","56.16","","0.42%"
"02/27/2019","56.70","55.74","57.09","55.44","","1.74%"
"02/26/2019","55.73","55.16","55.77","54.73","","1.05%"
"02/25/2019","55.15","57.02","57.20","54.79","","-3.28%"
"02/24/2019","57.02","56.80","57.02","56.80","","0.49%"
"02/22/2019","56.74","56.48","57.44","56.45","","0.44%"
"02/21/2019","56.49","56.84","57.19","56.28","","-0.60%"
"02/20/2019","56.83","56.47","57.62","55.86","","1.65%"
"02/19/2019","55.91","55.87","56.23","55.28","","0.09%"
"02/18/2019","55.86","55.88","56.30","55.72","","-0.09%"
"02/17/2019","55.91","55.76","55.97","55.70","","0.27%"
"02/15/2019","55.76","54.52","55.76","54.20","","2.27%"
"02/14/2019","54.52","53.91","54.62","53.05","","1.11%"
"02/13/2019","53.92","53.41","54.52","53.22","","0.95%"
"02/12/2019","53.41","52.34","53.97","52.30","","2.04%"
"02/11/2019","52.34","52.41","52.56","51.17","","-0.13%"
"02/10/2019","52.41","52.59","52.68","52.41","","-0.36%"
"02/08/2019","52.60","52.37","52.88","51.98","","0.42%"
"02/07/2019","52.38","53.84","54.08","51.69","","-2.69%"
"02/06/2019","53.83","53.63","54.16","52.74","","0.35%"
"02/05/2019","53.64","54.59","55.05","53.36","","-1.74%"
"02/04/2019","54.59","55.08","55.58","53.16","","-0.85%"
"02/03/2019","55.06","55.13","55.27","54.98","","-0.20%"
"02/01/2019","55.17","53.70","55.43","53.20","","2.72%"
"01/31/2019","53.71","54.30","55.16","53.44","","-1.05%"
"01/30/2019","54.28","53.12","54.72","52.91","","2.18%"
"01/29/2019","53.12","51.85","53.70","51.65","","2.43%"
"01/28/2019","51.86","53.06","53.38","51.13","","-2.24%"
"01/27/2019","53.05","53.38","53.41","53.04","","-0.47%"
"01/25/2019","53.30","52.84","53.67","52.67","","0.87%"
"01/24/2019","52.84","52.22","53.20","51.86","","1.23%"
"01/23/2019","52.20","52.63","53.37","51.62","","-0.80%"
"01/22/2019","52.62","53.98","54.03","51.80","","-2.47%"
"01/21/2019","53.95","53.37","54.19","53.29","","1.11%"
"01/20/2019","53.36","53.67","53.77","53.28","","-0.58%"
"01/18/2019","53.67","52.16","53.83","52.16","","2.88%"
"01/17/2019","52.17","52.22","52.55","50.98","","-0.11%"
"01/16/2019","52.23","51.86","52.49","51.26","","0.69%"
"01/15/2019","51.87","50.66","52.27","50.64","","2.43%"
"01/14/2019","50.64","51.77","51.89","50.38","","-2.20%"
"01/13/2019","51.78","51.73","52.05","51.73","","0.27%"
"01/11/2019","51.64","52.22","53.23","51.12","","-1.07%"
"01/10/2019","52.20","52.09","52.70","51.31","","0.23%"
"01/09/2019","52.08","49.88","52.48","49.84","","4.39%"
"01/08/2019","49.89","48.64","49.92","48.22","","2.53%"
"01/07/2019","48.66","48.51","49.68","48.24","","0.35%"
"01/06/2019","48.49","48.18","48.53","48.02","","0.64%"
"01/04/2019","48.18","46.76","49.09","46.52","","2.99%"
"01/03/2019","46.78","45.66","47.34","45.23","","2.45%"
"01/02/2019","45.66","45.72","47.61","44.23","","1.47%"
"12/31/2018","45.00","45.34","46.36","44.59","","-0.75%"
"12/30/2018","45.34","45.14","45.44","45.12","","0.94%"
"12/28/2018","44.92","45.23","46.02","44.27","","-0.69%"
"12/27/2018","45.23","46.41","46.41","44.20","","-2.50%"
"12/26/2018","46.39","43.09","46.78","42.34","","9.75%"
"12/24/2018","42.27","45.34","45.95","42.22","","-6.75%"
"12/23/2018","45.33","45.19","45.47","45.18","","0.55%"
"12/21/2018","45.08","46.08","46.47","44.86","","-2.13%"
"12/20/2018","46.06","47.07","47.20","45.39","","-2.17%"
"12/19/2018","47.08","46.31","48.01","46.01","","1.68%"
"12/18/2018","46.30","49.31","49.56","45.80","","-6.12%"
"12/17/2018","49.32","51.30","51.84","49.03","","-3.86%"
"12/16/2018","51.30","51.23","51.38","51.23","","0.25%"
"12/14/2018","51.17","52.78","52.78","50.83","","-3.05%"
"12/13/2018","52.78","51.32","53.20","50.31","","2.86%"
"12/12/2018","51.31","51.99","52.77","50.91","","-1.29%"
"12/11/2018","51.98","50.90","52.35","50.65","","2.14%"
"12/10/2018","50.89","52.36","52.73","50.53","","-2.75%"
"12/09/2018","52.33","52.08","52.51","52.08","","0.54%"
"12/07/2018","52.05","51.42","54.13","50.52","","1.23%"
"12/06/2018","51.42","52.58","53.20","50.02","","-2.22%"
"12/05/2018","52.59","52.69","54.28","52.08","","-0.17%"
"12/04/2018","52.68","53.14","54.45","52.38","","-0.90%"
"12/03/2018","53.16","52.22","53.73","51.97","","1.82%"
"12/02/2018","52.21","52.40","52.40","51.94","","3.18%"
"11/30/2018","50.60","51.30","51.66","49.56","","-1.31%"
"11/29/2018","51.27","50.48","52.06","49.34","","1.59%"
"11/28/2018","50.47","51.92","52.41","49.96","","-2.81%"
"11/27/2018","51.93","51.47","52.22","50.19","","0.93%"
"11/26/2018","51.45","50.45","52.09","50.23","","1.98%"
"11/25/2018","50.45","50.47","50.91","50.02","","-0.86%"
"11/23/2018","50.89","53.88","53.91","50.43","","-5.48%"
"11/22/2018","53.84","54.48","54.63","53.36","","-1.16%"
"11/21/2018","54.47","53.33","55.66","53.30","","2.20%"
"11/20/2018","53.30","57.17","57.21","52.61","","-6.80%"
"11/19/2018","57.19","57.10","57.38","55.09","","0.18%"
"11/18/2018","57.09","56.80","57.15","56.71","","0.49%"
"11/16/2018","56.81","56.48","57.94","55.90","","0.60%"
"11/15/2018","56.47","55.89","57.23","55.59","","1.04%"
"11/14/2018","55.89","55.69","57.30","55.12","","0.34%"
"11/13/2018","55.70","58.92","59.33","54.76","","-5.50%"
"11/12/2018","58.94","60.74","61.24","58.66","","-3.00%"
"11/11/2018","60.76","60.69","60.92","60.53","","1.61%"
"11/09/2018","59.80","60.69","60.73","59.24","","-1.45%"
"11/08/2018","60.68","61.63","62.37","60.41","","-1.53%"
"11/07/2018","61.62","61.76","63.12","61.16","","-0.19%"
"11/06/2018","61.74","62.78","63.26","61.27","","-1.69%"
"11/05/2018","62.80","62.91","64.08","62.48","","-0.17%"
"11/04/2018","62.91","62.95","63.01","62.83","","0.22%"
"11/02/2018","62.77","63.52","63.88","62.59","","-1.18%"
"11/01/2018","63.52","64.92","65.30","63.07","","-2.20%"
"10/31/2018","64.95","66.36","66.90","64.73","","-2.18%"
"10/30/2018","66.40","66.58","67.16","65.29","","-0.32%"
"10/29/2018","66.61","67.60","67.85","66.22","","-1.45%"
"10/28/2018","67.59","67.46","67.66","67.42","","0.13%"
"10/26/2018","67.50","66.82","67.77","66.11","","1.03%"
"10/25/2018","66.81","66.08","67.53","65.92","","1.14%"
"10/24/2018","66.06","66.22","67.61","65.94","","-0.32%"
"10/23/2018","66.27","69.48","69.50","65.64","","-4.61%"
"10/22/2018","69.47","69.31","69.71","68.34","","0.19%"
"10/21/2018","69.34","69.52","69.55","69.18","","-0.07%"
"10/19/2018","69.39","68.85","69.79","68.59","","0.81%"
"10/18/2018","68.83","69.94","70.00","68.53","","-1.60%"
"10/17/2018","69.95","72.33","72.36","69.50","","-3.28%"
"10/16/2018","72.32","71.93","72.49","71.11","","0.56%"
"10/15/2018","71.92","72.42","72.47","70.94","","-0.65%"
"10/14/2018","72.39","72.00","72.78","71.86","","1.16%"
"10/12/2018","71.56","71.19","72.11","70.77","","0.51%"
"10/11/2018","71.20","72.78","72.84","70.64","","-2.20%"
"10/10/2018","72.80","74.90","75.22","72.53","","-2.82%"
"10/09/2018","74.91","74.44","75.41","74.16","","0.66%"
"10/08/2018","74.42","74.03","74.50","73.27","","0.50%"
"10/07/2018","74.05","74.62","74.73","73.81","","-0.60%"
"10/05/2018","74.50","74.95","75.41","74.17","","-0.63%"
"10/04/2018","74.97","76.41","76.67","74.11","","-1.86%"
"10/03/2018","76.39","75.41","77.12","74.56","","1.29%"
"10/02/2018","75.42","75.76","76.14","75.17","","-0.46%"
"10/01/2018","75.77","73.73","76.00","73.19","","2.74%"
"09/30/2018","73.75","73.58","73.78","73.56","","-0.04%"
"09/28/2018","73.78","72.42","74.00","72.16","","1.88%"
"09/27/2018","72.42","72.44","72.86","72.02","","0.00%"
"09/26/2018","72.42","72.25","72.67","71.78","","0.26%"
"09/25/2018","72.23","72.47","73.05","72.19","","-0.37%"
"09/24/2018","72.50","71.92","73.06","71.81","","0.96%"
"09/23/2018","71.81","71.58","71.98","71.55","","1.01%"
"09/21/2018","71.09","70.56","72.11","70.33","","0.77%"
"09/20/2018","70.55","71.41","71.70","70.39","","-1.22%"
"09/19/2018","71.42","69.88","71.55","69.69","","2.23%"
"09/18/2018","69.86","68.62","70.48","68.61","","1.82%"
"09/17/2018","68.61","68.86","69.80","68.61","","-0.41%"
"09/16/2018","68.89","69.11","69.16","68.89","","-0.40%"
"09/14/2018","69.17","69.06","70.08","68.13","","0.19%"
"09/13/2018","69.04","70.42","70.44","68.56","","-1.92%"
"09/12/2018","70.39","70.11","71.50","69.75","","0.43%"
"09/11/2018","70.09","67.84","70.25","67.75","","3.29%"
"09/10/2018","67.86","68.39","68.81","67.64","","-0.82%"
"09/09/2018","68.42","68.14","68.45","68.14","","0.37%"
"09/07/2018","68.17","68.33","68.46","67.23","","-0.23%"
"09/06/2018","68.33","69.01","69.42","67.39","","-1.00%"
"09/05/2018","69.02","69.84","70.03","68.99","","-1.20%"
"09/04/2018","69.86","70.60","71.89","69.55","","-1.06%"
"09/03/2018","70.61","70.42","70.71","70.06","","0.24%"
"09/02/2018","70.44","70.44","70.51","70.41","","-0.07%"
"08/31/2018","70.49","70.67","70.96","70.25","","-0.21%"
"08/30/2018","70.64","70.31","71.11","70.19","","0.48%"
"08/29/2018","70.30","69.22","70.39","69.03","","1.56%"
"08/28/2018","69.22","69.66","69.86","68.88","","-0.65%"
"08/27/2018","69.67","69.37","69.72","69.05","","0.42%"
"08/26/2018","69.38","69.31","69.39","69.25","","0.06%"
"08/24/2018","69.34","68.67","70.10","68.58","","1.01%"
"08/23/2018","68.65","68.82","68.88","68.14","","-0.23%"
"08/22/2018","68.81","66.89","68.96","66.81","","2.89%"
"08/21/2018","66.88","66.31","67.33","66.17","","0.86%"
"08/20/2018","66.31","65.86","66.42","65.65","","0.68%"
"08/19/2018","65.86","65.99","66.00","65.84","","-0.33%"
"08/17/2018","66.08","65.58","66.53","65.50","","0.72%"
"08/16/2018","65.61","65.09","65.72","64.69","","0.77%"
"08/15/2018","65.11","67.00","67.17","64.76","","-2.85%"
"08/14/2018","67.02","67.73","68.66","66.83","","-1.03%"
"08/13/2018","67.72","68.19","68.19","66.05","","-0.66%"
"08/12/2018","68.17","68.16","68.31","67.97","","-0.09%"
"08/10/2018","68.23","67.24","68.33","66.62","","1.46%"
"08/09/2018","67.25","67.30","67.92","67.02","","-0.09%"
"08/08/2018","67.31","69.79","69.94","66.89","","-3.54%"
"08/07/2018","69.78","69.50","70.43","69.44","","0.40%"
"08/06/2018","69.50","69.23","70.56","69.20","","0.36%"
"08/05/2018","69.25","69.30","69.33","69.17","","-0.24%"
"08/03/2018","69.42","69.73","70.00","68.64","","-0.43%"
"08/02/2018","69.72","68.62","70.17","67.73","","1.57%"
"08/01/2018","68.64","69.28","69.36","68.16","","-0.92%"
"07/31/2018","69.28","71.03","71.16","69.03","","-2.48%"
"07/30/2018","71.04","69.91","71.39","69.76","","1.60%"
"07/29/2018","69.92","70.00","70.03","69.89","","-0.21%"
"07/27/2018","70.07","70.67","70.83","69.33","","-0.81%"
"07/26/2018","70.64","70.59","71.05","70.06","","0.09%"
"07/25/2018","70.58","69.93","70.84","69.36","","0.96%"
"07/24/2018","69.91","69.00","70.24","68.78","","1.29%"
"07/23/2018","69.02","69.56","70.56","68.83","","-0.73%"
"07/22/2018","69.53","69.39","69.61","69.33","","0.09%"
"07/20/2018","69.47","69.53","70.28","69.08","","-0.07%"
"07/19/2018","69.52","68.92","70.17","67.81","","0.84%"
"07/18/2018","68.94","67.83","69.06","67.08","","1.67%"
"07/17/2018","67.81","68.06","68.45","67.10","","-0.40%"
"07/16/2018","68.08","70.70","70.89","67.61","","-3.72%"
"07/15/2018","70.71","70.53","70.87","70.51","","0.17%"
"07/13/2018","70.59","70.33","71.69","69.89","","0.33%"
"07/12/2018","70.36","70.62","71.25","69.30","","-0.40%"
"07/11/2018","70.64","74.08","74.08","70.07","","-4.64%"
"07/10/2018","74.08","74.04","74.73","73.72","","0.07%"
"07/09/2018","74.03","73.94","74.30","73.05","","0.12%"
"07/08/2018","73.94","73.92","74.12","73.81","","-0.08%"
"07/06/2018","74.00","73.17","74.06","72.22","","1.16%"
"07/05/2018","73.15","74.20","74.86","72.62","","-1.44%"
"07/04/2018","74.22","74.70","74.84","73.59","","-0.67%"
"07/03/2018","74.72","74.08","75.34","72.86","","0.89%"
"07/02/2018","74.06","73.58","74.43","73.20","","0.64%"
"07/01/2018","73.59","73.72","74.03","72.78","","-1.08%"
"06/29/2018","74.39","73.47","74.56","73.05","","1.28%"
"06/28/2018","73.45","72.61","74.11","72.38","","1.16%"
"06/27/2018","72.61","70.74","73.17","70.69","","2.63%"
"06/26/2018","70.75","68.16","70.99","67.86","","3.80%"
"06/25/2018","68.16","68.90","69.52","67.92","","-1.06%"
"06/24/2018","68.89","68.87","68.98","68.48","","-0.66%"
"06/22/2018","69.35","66.01","69.51","65.97","","5.12%"
"06/21/2018","65.97","65.69","66.35","64.48","","0.46%"
"06/20/2018","65.67","65.27","66.48","64.94","","0.64%"
"06/19/2018","65.25","65.61","65.83","64.39","","-0.55%"
"06/18/2018","65.61","64.38","65.97","63.59","","1.89%"
"06/17/2018","64.39","64.41","64.53","64.19","","0.06%"
"06/15/2018","64.35","66.95","67.06","64.28","","-3.87%"
"06/14/2018","66.94","66.62","67.14","66.34","","0.48%"
"06/13/2018","66.62","65.82","66.83","65.80","","1.20%"
"06/12/2018","65.83","66.11","66.65","65.50","","-0.42%"
"06/11/2018","66.11","65.53","66.31","64.83","","0.90%"
"06/10/2018","65.52","65.50","65.55","65.30","","-0.05%"
"06/08/2018","65.55","66.11","66.17","65.19","","-0.82%"
"06/07/2018","66.09","65.12","66.14","64.80","","1.51%"
"06/06/2018","65.11","65.52","65.92","64.25","","-0.61%"
"06/05/2018","65.51","64.92","65.57","64.19","","0.91%"
"06/04/2018","64.92","65.70","65.98","64.53","","-1.22%"
"06/03/2018","65.72","65.61","65.72","65.53","","0.02%"
"06/01/2018","65.71","67.05","67.28","65.45","","-1.95%"
"05/31/2018","67.02","68.06","68.15","66.58","","-1.50%"
"05/30/2018","68.04","66.75","68.55","66.30","","1.96%"
"05/29/2018","66.73","66.95","67.27","65.86","","-0.36%"
"05/28/2018","66.97","67.31","67.33","65.73","","-0.48%"
"05/27/2018","67.29","67.28","67.42","66.93","","-0.19%"
"05/25/2018","67.42","70.61","70.66","67.34","","-4.49%"
"05/24/2018","70.59","71.73","71.77","70.45","","-1.62%"
"05/23/2018","71.75","72.09","72.16","71.11","","-0.46%"
"05/22/2018","72.08","72.44","72.80","71.81","","-0.50%"
"05/21/2018","72.44","71.67","72.58","71.25","","1.07%"
"05/20/2018","71.67","71.36","71.81","71.36","","0.39%"
"05/18/2018","71.39","71.56","71.75","71.00","","-0.27%"
"05/17/2018","71.58","71.53","72.30","71.11","","0.04%"
"05/16/2018","71.55","70.98","71.58","70.67","","0.82%"
"05/15/2018","70.97","71.06","71.89","70.44","","-0.13%"
"05/14/2018","71.06","70.66","71.23","70.28","","0.59%"
"05/13/2018","70.64","70.50","70.69","70.44","","0.17%"
"05/11/2018","70.52","71.52","71.59","70.45","","-1.37%"
"05/10/2018","71.50","71.41","71.86","70.58","","0.11%"
"05/09/2018","71.42","70.20","71.50","70.13","","1.72%"
"05/08/2018","70.21","70.01","70.36","67.65","","0.27%"
"05/07/2018","70.02","69.79","70.82","69.51","","0.34%"
"05/06/2018","69.78","69.88","69.89","69.76","","0.00%"
"05/04/2018","69.78","68.52","69.95","68.13","","1.85%"
"05/03/2018","68.51","67.68","68.63","67.22","","1.26%"
"05/02/2018","67.66","67.44","68.13","66.93","","0.31%"
"05/01/2018","67.45","68.54","68.84","66.86","","-1.58%"
"04/30/2018","68.53","67.98","69.33","67.19","","0.79%"
"04/29/2018","67.99","68.16","68.16","67.95","","0.01%"
"04/27/2018","67.98","68.11","68.34","67.64","","-0.19%"
"04/26/2018","68.11","68.20","68.77","67.72","","-0.16%"
"04/25/2018","68.22","67.83","68.31","67.11","","0.57%"
"04/24/2018","67.83","69.00","69.36","67.55","","-1.67%"
"04/23/2018","68.98","68.25","69.03","67.14","","1.10%"
"04/22/2018","68.23","68.17","68.39","68.17","","0.21%"
"04/20/2018","68.09","68.36","68.64","67.48","","-0.44%"
"04/19/2018","68.39","68.74","69.55","68.00","","-0.52%"
"04/18/2018","68.75","66.61","68.89","66.61","","3.24%"
"04/17/2018","66.59","66.44","66.73","65.56","","0.26%"
"04/16/2018","66.42","67.13","67.14","66.14","","-1.07%"
"04/15/2018","67.14","67.37","67.69","67.01","","-0.25%"
"04/13/2018","67.31","66.86","67.72","66.69","","0.72%"
"04/12/2018","66.83","66.81","67.30","65.98","","0.04%"
"04/11/2018","66.80","65.61","67.36","65.13","","1.80%"
"04/10/2018","65.62","63.25","65.83","63.19","","3.73%"
"04/09/2018","63.26","62.14","63.58","62.06","","1.82%"
"04/08/2018","62.13","61.97","62.16","61.91","","0.39%"
"04/06/2018","61.89","63.14","63.63","61.77","","-1.95%"
"04/05/2018","63.12","63.62","64.08","62.83","","-0.77%"
"04/04/2018","63.61","63.50","63.66","62.03","","0.20%"
"04/03/2018","63.48","63.02","63.78","62.98","","0.73%"
"04/02/2018","63.02","65.05","65.36","62.79","","-3.09%"
"04/01/2018","65.03","64.84","65.08","64.84","","0.26%"
"03/29/2018","64.86","64.61","65.19","64.11","","0.39%"
"03/28/2018","64.61","64.76","65.05","63.66","","-0.22%"
"03/27/2018","64.75","65.52","66.33","64.48","","-1.15%"
"03/26/2018","65.50","66.33","66.38","65.02","","-1.25%"
"03/25/2018","66.33","65.81","66.47","65.58","","0.88%"
"03/23/2018","65.75","64.48","65.91","64.33","","1.99%"
"03/22/2018","64.47","65.31","65.36","64.03","","-1.27%"
"03/21/2018","65.30","63.67","65.62","63.51","","2.58%"
"03/20/2018","63.66","62.15","63.89","62.14","","2.45%"
"03/19/2018","62.14","62.12","62.35","61.38","","0.03%"
"03/18/2018","62.12","62.20","62.20","62.10","","-0.22%"
"03/16/2018","62.26","61.25","62.55","61.09","","1.63%"
"03/15/2018","61.26","60.97","61.55","60.84","","0.51%"
"03/14/2018","60.95","60.91","61.34","60.14","","0.10%"
"03/13/2018","60.89","61.33","61.98","60.30","","-0.69%"
"03/12/2018","61.31","62.19","62.35","60.70","","-1.40%"
"03/11/2018","62.18","62.11","62.24","62.10","","0.00%"
"03/09/2018","62.18","60.33","62.20","60.17","","3.08%"
"03/08/2018","60.32","61.34","61.44","60.03","","-1.66%"
"03/07/2018","61.34","62.07","62.62","60.63","","-1.19%"
"03/06/2018","62.08","62.66","63.31","62.01","","-0.91%"
"03/05/2018","62.65","61.62","62.84","61.16","","1.67%"
"03/04/2018","61.62","61.63","61.77","61.53","","0.16%"
"03/02/2018","61.52","61.29","61.64","60.20","","0.36%"
"03/01/2018","61.30","60.75","61.59","60.44","","-0.36%"
"02/28/2018","61.52","62.88","63.47","61.44","","-2.18%"
"02/27/2018","62.89","64.03","64.14","62.71","","-1.81%"
"02/26/2018","64.05","63.66","64.30","63.13","","0.64%"
"02/25/2018","63.64","63.66","63.67","63.62","","-0.02%"
"02/23/2018","63.65","62.73","63.80","62.41","","1.47%"
"02/22/2018","62.73","61.31","63.16","60.88","","2.28%"
"02/21/2018","61.33","61.73","61.92","61.01","","-0.65%"
"02/20/2018","61.73","62.48","62.72","61.52","","-1.18%"
"02/19/2018","62.47","61.82","62.58","61.78","","1.04%"
"02/18/2018","61.83","61.63","61.84","61.62","","0.29%"
"02/16/2018","61.65","61.49","61.99","60.89","","0.26%"
"02/15/2018","61.49","60.84","61.65","59.74","","1.08%"
"02/14/2018","60.83","58.96","60.91","58.22","","3.15%"
"02/13/2018","58.97","59.53","59.74","58.43","","-0.97%"
"02/12/2018","59.55","59.38","60.79","59.23","","0.27%"
"02/11/2018","59.39","59.17","59.43","59.13","","0.51%"
"02/09/2018","59.09","60.52","60.78","58.10","","-2.36%"
"02/08/2018","60.52","61.72","62.12","60.30","","-1.93%"
"02/07/2018","61.71","63.91","64.22","61.29","","-3.44%"
"02/06/2018","63.91","63.62","64.33","63.16","","0.46%"
"02/05/2018","63.62","65.05","65.44","63.42","","-2.21%"
"02/04/2018","65.06","65.14","65.14","64.93","","-0.09%"
"02/02/2018","65.12","66.12","66.35","64.53","","-1.50%"
"02/01/2018","66.11","64.92","66.29","64.69","","1.82%"
"01/31/2018","64.93","63.84","65.05","63.83","","1.72%"
"01/30/2018","63.83","65.55","65.56","63.73","","-2.64%"
"01/29/2018","65.56","66.32","66.52","65.05","","-1.13%"
"01/28/2018","66.31","66.30","66.33","66.18","","0.00%"
"01/26/2018","66.31","65.21","66.41","65.21","","1.67%"
"01/25/2018","65.22","65.84","66.72","65.01","","-0.96%"
"01/24/2018","65.85","64.50","66.12","64.44","","2.08%"
"01/23/2018","64.51","63.95","64.94","63.78","","0.89%"
"01/22/2018","63.94","63.50","64.19","63.14","","0.71%"
"01/21/2018","63.49","63.57","63.59","63.32","","-0.11%"
"01/19/2018","63.56","63.67","63.74","62.84","","-0.16%"
"01/18/2018","63.66","64.20","64.28","63.47","","-0.86%"
"01/17/2018","64.21","63.86","64.33","63.31","","0.53%"
"01/16/2018","63.87","64.75","64.75","63.38","","-1.31%"
"01/15/2018","64.72","64.27","64.79","64.09","","0.68%"
"01/14/2018","64.28","64.40","64.42","64.19","","-0.16%"
"01/12/2018","64.38","63.52","64.48","63.05","","1.37%"
"01/11/2018","63.51","63.43","64.74","63.43","","0.11%"
"01/10/2018","63.44","63.33","63.65","63.08","","0.16%"
"01/09/2018","63.34","62.22","63.51","61.78","","1.78%"
"01/08/2018","62.23","61.63","62.52","61.31","","0.96%"
"01/07/2018","61.64","61.68","61.70","61.62","","0.15%"
"01/05/2018","61.55","61.91","62.01","61.09","","-0.60%"
"01/04/2018","61.92","61.80","62.18","61.58","","0.18%"
"01/03/2018","61.81","60.39","61.93","60.26","","2.33%"
"01/02/2018","60.40","60.22","60.71","60.09","","0.28%"
"12/29/2017","60.23","59.80","60.45","59.79","","0.70%"
"12/28/2017","59.81","59.55","59.89","59.42","","0.45%"
"12/27/2017","59.54","59.77","59.89","59.30","","-0.40%"
"12/26/2017","59.78","58.52","59.97","58.29","","2.29%"
"12/22/2017","58.44","58.13","58.45","57.84","","0.52%"
"12/21/2017","58.14","57.99","58.34","57.59","","0.24%"
"12/20/2017","58.00","57.64","58.07","57.44","","0.61%"
"12/19/2017","57.65","57.27","57.73","57.16","","0.65%"
"12/18/2017","57.28","57.37","57.77","56.84","","-0.17%"
"12/17/2017","57.38","57.36","57.41","57.35","","0.12%"
"12/15/2017","57.31","57.05","57.43","56.93","","0.46%"
"12/14/2017","57.05","56.75","57.27","56.05","","0.55%"
"12/13/2017","56.74","57.39","57.76","56.51","","-1.17%"
"12/12/2017","57.41","57.87","58.50","56.80","","-0.81%"
"12/11/2017","57.88","57.11","58.00","56.87","","1.33%"
"12/10/2017","57.12","57.20","57.20","57.08","","-0.23%"
"12/08/2017","57.25","56.49","57.69","56.47","","1.33%"
"12/07/2017","56.50","56.01","56.68","55.74","","0.91%"
"12/06/2017","55.99","57.36","57.47","55.78","","-2.35%"
"12/05/2017","57.34","57.36","57.80","56.98","","-0.02%"
"12/04/2017","57.35","58.10","58.12","57.25","","-1.27%"
"12/03/2017","58.09","58.19","58.19","58.05","","-0.14%"
"12/01/2017","58.17","57.23","58.74","57.22","","1.62%"
"11/30/2017","57.24","57.22","57.83","56.74","","0.02%"
"11/29/2017","57.23","57.57","58.14","56.62","","-0.57%"
"11/28/2017","57.56","57.72","57.95","57.28","","-0.26%"
"11/27/2017","57.71","58.70","58.76","57.40","","-1.70%"
"11/26/2017","58.71","58.81","58.81","58.68","","0.05%"
"11/24/2017","58.68","58.20","58.73","58.19","","0.79%"
"11/23/2017","58.22","57.78","58.33","57.57","","0.74%"
"11/22/2017","57.79","56.88","57.94","56.88","","1.60%"
"11/21/2017","56.88","56.15","57.01","56.13","","1.28%"
"11/20/2017","56.16","56.57","56.76","55.57","","-0.74%"
"11/19/2017","56.58","56.59","56.59","56.51","","-0.05%"
"11/17/2017","56.61","55.17","56.64","55.17","","2.61%"
"11/16/2017","55.17","55.26","55.57","54.91","","-0.14%"
"11/15/2017","55.25","55.02","55.50","54.89","","0.42%"
"11/14/2017","55.02","56.66","56.69","54.78","","-2.91%"
"11/13/2017","56.67","56.83","57.09","56.24","","-0.30%"
"11/12/2017","56.84","56.83","56.95","56.82","","0.05%"
"11/10/2017","56.81","56.95","57.26","56.48","","-0.26%"
"11/09/2017","56.96","56.76","57.42","56.61","","0.33%"
"11/08/2017","56.77","56.92","57.81","56.36","","-0.25%"
"11/07/2017","56.91","57.11","57.58","56.75","","-0.37%"
"11/06/2017","57.12","55.71","57.49","55.55","","2.51%"
"11/05/2017","55.72","55.80","55.87","55.68","","0.23%"
"11/03/2017","55.59","54.78","55.62","54.29","","1.46%"
"11/02/2017","54.79","54.12","54.89","53.86","","1.26%"
"11/01/2017","54.11","54.44","55.07","53.76","","-0.59%"
"10/31/2017","54.43","53.92","54.67","53.78","","0.96%"
"10/30/2017","53.91","53.91","54.29","53.60","","0.00%"
"10/29/2017","53.91","53.93","53.93","53.88","","-0.17%"
"10/27/2017","54.00","52.51","54.01","52.09","","2.86%"
"10/26/2017","52.50","51.96","52.68","51.75","","1.06%"
"10/25/2017","51.95","52.27","52.28","51.73","","-0.61%"
"10/24/2017","52.27","51.71","52.38","51.37","","1.06%"
"10/23/2017","51.72","51.91","52.09","51.50","","-0.37%"
"10/22/2017","51.91","51.88","52.03","51.88","","0.14%"
"10/20/2017","51.84","51.41","51.85","50.66","","0.88%"
"10/19/2017","51.39","52.09","52.14","51.07","","-1.32%"
"10/18/2017","52.08","51.98","52.30","51.66","","0.19%"
"10/17/2017","51.98","51.78","52.20","51.18","","0.37%"
"10/16/2017","51.79","51.81","52.30","51.56","","-0.06%"
"10/15/2017","51.82","51.37","51.91","51.33","","0.99%"
"10/13/2017","51.31","50.61","51.61","50.60","","1.40%"
"10/12/2017","50.60","50.98","51.01","50.05","","-0.73%"
"10/11/2017","50.97","50.75","51.28","50.49","","0.45%"
"10/10/2017","50.74","49.44","50.92","49.42","","2.65%"
"10/09/2017","49.43","49.29","49.62","48.98","","0.30%"
"10/08/2017","49.28","49.09","49.30","49.09","","0.51%"
"10/06/2017","49.03","50.55","50.62","48.92","","-3.03%"
"10/05/2017","50.56","49.67","50.99","49.63","","1.81%"
"10/04/2017","49.66","49.84","50.45","49.61","","-0.34%"
"10/03/2017","49.83","50.30","50.49","49.72","","-0.93%"
"10/02/2017","50.30","51.37","51.41","49.83","","-2.06%"
"10/01/2017","51.36","51.38","51.45","51.36","","0.04%"
"09/29/2017","51.34","51.30","51.47","50.98","","0.12%"
"09/28/2017","51.28","51.76","52.54","50.92","","-0.91%"
"09/27/2017","51.75","51.76","52.01","51.33","","0.02%"
"09/26/2017","51.74","51.72","52.07","51.10","","0.02%"
"09/25/2017","51.73","50.28","51.92","50.05","","2.90%"
"09/24/2017","50.27","50.35","50.35","50.25","","0.00%"
"09/22/2017","50.27","50.30","50.39","49.91","","-0.08%"
"09/21/2017","50.31","50.30","50.40","49.68","","0.02%"
"09/20/2017","50.30","49.80","50.70","49.74","","1.02%"
"09/19/2017","49.79","49.94","50.42","49.32","","-0.32%"
"09/18/2017","49.95","49.78","50.31","49.19","","0.32%"
"09/17/2017","49.79","49.84","49.85","49.70","","-0.02%"
"09/15/2017","49.80","49.73","50.09","49.38","","0.16%"
"09/14/2017","49.72","49.17","50.46","49.12","","1.08%"
"09/13/2017","49.19","48.26","49.36","48.09","","1.95%"
"09/12/2017","48.25","48.02","48.39","47.70","","0.48%"
"09/11/2017","48.02","47.63","48.20","46.95","","0.84%"
"09/10/2017","47.62","47.52","47.67","47.52","","0.27%"
"09/08/2017","47.49","49.05","49.18","47.22","","-3.16%"
"09/07/2017","49.04","49.09","49.25","48.56","","-0.10%"
"09/06/2017","49.09","48.49","49.34","48.44","","1.22%"
"09/05/2017","48.50","47.33","48.89","47.27","","2.49%"
"09/04/2017","47.32","47.28","47.55","47.17","","-0.02%"
"09/01/2017","47.33","47.12","47.39","46.60","","0.53%"
"08/31/2017","47.08","45.97","47.49","45.60","","2.48%"
"08/30/2017","45.94","46.34","46.75","45.88","","-0.80%"
"08/29/2017","46.31","46.87","46.97","45.77","","-1.00%"
"08/28/2017","46.78","47.94","48.25","46.19","","-2.20%"
"08/25/2017","47.83","47.65","47.94","47.42","","0.50%"
"08/24/2017","47.59","48.39","48.47","47.09","","-1.65%"
"08/23/2017","48.39","47.67","48.53","47.56","","1.57%"
"08/22/2017","47.64","47.45","48.03","47.20","","0.02%"
"08/21/2017","47.63","48.98","49.02","47.30","","-2.06%"
"08/18/2017","48.63","47.05","48.86","46.90","","3.58%"
"08/17/2017","46.95","46.84","47.23","46.50","","0.36%"
"08/16/2017","46.78","47.74","48.01","46.69","","-1.93%"
"08/15/2017","47.70","47.52","47.92","47.05","","0.38%"
"08/14/2017","47.52","48.80","49.17","47.45","","-2.62%"
"08/11/2017","48.80","48.57","49.02","48.02","","0.58%"
"08/10/2017","48.52","49.70","50.24","48.38","","-2.35%"
"08/09/2017","49.69","49.03","49.75","48.93","","1.47%"
"08/08/2017","48.97","49.33","49.81","48.88","","-0.73%"
"08/07/2017","49.33","49.62","49.77","48.58","","-0.38%"
"08/04/2017","49.52","48.98","49.66","48.52","","1.21%"
"08/03/2017","48.93","49.62","49.99","48.81","","-1.31%"
"08/02/2017","49.58","48.85","49.70","48.60","","1.64%"
"08/01/2017","48.78","50.22","50.44","48.38","","-2.81%"
"07/31/2017","50.19","49.88","50.44","49.21","","0.84%"
"07/28/2017","49.77","49.22","49.86","48.91","","1.28%"
"07/27/2017","49.14","48.73","49.28","48.28","","0.86%"
"07/26/2017","48.72","48.55","48.91","47.90","","0.29%"
"07/25/2017","48.58","46.52","48.71","46.44","","4.59%"
"07/24/2017","46.45","45.65","46.56","45.43","","1.89%"
"07/21/2017","45.59","46.92","47.23","45.55","","-2.56%"
"07/20/2017","46.79","47.09","47.55","46.66","","-0.78%"
"07/19/2017","47.16","46.38","47.39","46.27","","1.97%"
"07/18/2017","46.25","46.07","47.00","45.89","","0.59%"
"07/17/2017","45.98","46.72","46.92","45.92","","-1.42%"
"07/14/2017","46.64","46.14","46.81","45.86","","1.22%"
"07/13/2017","46.08","45.47","46.31","45.02","","1.45%"
"07/12/2017","45.42","45.80","46.54","45.17","","-0.74%"
"07/11/2017","45.76","44.62","45.85","43.87","","2.72%"
"07/10/2017","44.55","44.37","44.86","43.66","","0.50%"
"07/07/2017","44.33","45.39","45.45","43.81","","-2.21%"
"07/06/2017","45.33","45.67","46.56","45.20","","-0.64%"
"07/05/2017","45.62","47.07","47.35","44.54","","-3.04%"
"07/03/2017","47.05","46.30","47.12","45.94","","1.53%"
"06/30/2017","46.34","44.91","46.38","44.91","","3.30%"
"06/29/2017","44.86","44.92","45.48","44.68","","-0.02%"
"06/28/2017","44.87","43.73","44.93","43.70","","2.61%"
"06/27/2017","43.73","43.50","44.45","43.33","","0.57%"
"06/26/2017","43.48","43.19","43.69","42.67","","0.83%"
"06/23/2017","43.12","42.86","43.26","42.59","","0.82%"
"06/22/2017","42.77","42.61","43.38","42.32","","0.64%"
"06/21/2017","42.50","43.41","44.23","42.08","","-1.69%"
"06/20/2017","43.23","44.11","44.40","42.75","","-1.97%"
"06/19/2017","44.10","44.78","45.16","44.15","","-1.34%"
"06/16/2017","44.70","44.31","45.00","44.30","","1.02%"
"06/15/2017","44.25","44.72","44.84","44.25","","-0.92%"
"06/14/2017","44.66","45.96","46.51","44.56","","-2.81%"
"06/13/2017","45.95","46.05","46.61","45.59","","-0.11%"
"06/12/2017","46.00","45.83","46.73","45.69","","0.13%"
"06/09/2017","45.94","45.77","46.24","45.33","","0.55%"
"06/08/2017","45.69","45.89","46.22","45.23","","-0.17%"
"06/07/2017","45.77","48.00","48.25","45.67","","-4.61%"
"06/06/2017","47.98","47.43","48.43","46.97","","1.22%"
"06/05/2017","47.40","47.72","48.43","46.87","","-0.77%"
"06/02/2017","47.77","48.14","48.29","46.84","","-0.50%"
"06/01/2017","48.01","48.69","49.23","47.96","","-1.27%"
"05/31/2017","48.63","49.67","49.73","47.75","","-1.98%"
"05/30/2017","49.61","49.97","50.33","49.08","","-0.46%"
"05/26/2017","49.84","48.80","49.98","48.23","","2.40%"
"05/25/2017","48.67","51.30","52.05","48.50","","-5.13%"
"05/24/2017","51.30","51.47","51.92","51.06","","-0.41%"
"05/23/2017","51.51","51.07","51.82","50.60","","1.54%"
"05/22/2017","50.73","50.60","51.06","50.44","","0.48%"
"05/19/2017","50.49","49.41","50.66","49.41","","2.29%"
"05/18/2017","49.36","49.02","49.69","48.13","","0.86%"
"05/17/2017","48.94","48.25","49.53","48.06","","1.43%"
"05/16/2017","48.25","48.86","49.42","48.20","","-1.17%"
"05/15/2017","48.82","47.89","49.70","47.79","","2.01%"
"05/12/2017","47.86","47.86","48.11","47.39","","0.10%"
"05/11/2017","47.81","47.43","48.26","47.38","","0.99%"
"05/10/2017","47.34","46.23","47.84","46.06","","2.51%"
"05/09/2017","46.18","46.55","46.84","45.59","","-0.69%"
"05/08/2017","46.50","46.36","46.98","45.73","","0.06%"
"05/05/2017","46.47","45.55","46.72","43.80","","2.18%"
"05/04/2017","45.48","47.63","47.78","45.32","","-4.37%"
"05/03/2017","47.56","48.16","48.27","47.33","","-1.04%"
"05/02/2017","48.06","48.82","49.32","47.39","","-1.37%"
"05/01/2017","48.73","49.19","49.34","48.61","","-0.96%"
"04/28/2017","49.20","49.33","49.81","48.85","","-0.06%"
"04/27/2017","49.23","49.26","49.47","48.24","","0.10%"
"04/26/2017","49.18","49.39","50.23","48.97","","-0.41%"
"04/25/2017","49.38","49.24","49.85","48.89","","0.37%"
"04/24/2017","49.20","49.70","50.24","49.05","","-0.87%"
"04/21/2017","49.63","50.73","50.95","49.22","","-1.27%"
"04/20/2017","50.27","50.63","50.97","50.18","","-0.69%"
"04/19/2017","50.62","52.92","53.21","50.65","","-3.27%"
"04/18/2017","52.33","52.82","52.92","52.17","","-0.76%"
"04/17/2017","52.73","52.99","53.23","52.57","","-0.38%"
"04/13/2017","52.93","52.87","53.41","52.84","","0.17%"
"04/12/2017","52.84","53.48","53.84","52.79","","-1.07%"
"04/11/2017","53.41","53.16","53.48","52.73","","0.49%"
"04/10/2017","53.15","52.34","53.21","52.32","","1.57%"
"04/07/2017","52.33","51.76","53.00","51.55","","1.14%"
"04/06/2017","51.74","50.83","51.85","50.80","","1.77%"
"04/05/2017","50.84","51.21","51.91","50.77","","-0.51%"
"04/04/2017","51.10","50.29","51.35","49.93","","1.71%"
"04/03/2017","50.24","50.72","50.86","50.15","","-1.08%"
"03/31/2017","50.79","50.38","50.91","49.96","","0.85%"
"03/30/2017","50.36","49.64","50.51","49.31","","1.53%"
"03/29/2017","49.60","48.51","49.67","48.42","","2.37%"
"03/28/2017","48.45","47.91","48.76","47.82","","1.28%"
"03/27/2017","47.84","48.14","48.30","47.10","","-0.60%"
"03/24/2017","48.13","47.70","48.23","47.57","","0.96%"
"03/23/2017","47.67","48.17","48.50","47.60","","-0.94%"
"03/22/2017","48.12","48.19","48.35","47.04","","1.65%"
"03/21/2017","47.34","47.93","48.73","47.23","","-1.78%"
"03/20/2017","48.20","48.80","48.84","47.94","","-0.99%"
"03/17/2017","48.68","48.87","49.28","48.68","","-0.25%"
"03/16/2017","48.80","49.06","49.67","48.51","","-0.37%"
"03/15/2017","48.98","48.80","49.08","48.19","","1.03%"
"03/14/2017","48.48","48.51","48.84","47.15","","0.08%"
"03/13/2017","48.44","48.49","48.72","47.94","","0.12%"
"03/10/2017","48.38","49.64","50.14","48.34","","-2.50%"
"03/09/2017","49.62","50.30","50.92","48.67","","-1.14%"
"03/08/2017","50.19","52.81","52.94","50.07","","-4.89%"
"03/07/2017","52.77","53.20","53.83","52.75","","-0.77%"
"03/06/2017","53.18","53.21","53.58","52.78","","-0.04%"
"03/03/2017","53.20","52.60","53.41","52.57","","1.16%"
"03/02/2017","52.59","53.75","53.86","52.60","","-2.01%"
"03/01/2017","53.67","53.98","54.47","53.66","","-0.59%"
"02/28/2017","53.99","54.07","54.26","53.21","","-0.07%"
"02/27/2017","54.03","54.03","54.61","53.94","","0.06%"
"02/24/2017","54.00","54.36","54.55","53.80","","-0.72%"
"02/23/2017","54.39","53.94","54.97","53.91","","0.95%"
"02/22/2017","53.88","54.27","54.61","53.36","","-0.33%"
"02/21/2017","54.06","53.48","54.68","53.35","","1.27%"
"02/17/2017","53.38","53.57","53.62","52.98","","-0.09%"
"02/16/2017","53.43","53.06","53.64","52.73","","0.79%"
"02/15/2017","53.01","53.03","53.54","52.76","","-0.04%"
"02/14/2017","53.03","52.94","53.75","52.89","","0.28%"
"02/13/2017","52.88","53.85","54.00","52.82","","-1.78%"
"02/10/2017","53.84","53.19","54.17","52.94","","1.28%"
"02/09/2017","53.16","52.39","53.23","52.39","","1.47%"
"02/08/2017","52.39","51.68","52.71","51.26","","1.35%"
"02/07/2017","51.69","53.19","53.28","51.67","","-2.69%"
"02/06/2017","53.12","53.84","54.16","52.93","","-1.34%"
"02/03/2017","53.84","53.73","54.27","53.45","","0.26%"
"02/02/2017","53.70","53.63","54.40","53.41","","0.28%"
"02/01/2017","53.55","52.77","53.92","52.66","","1.42%"
"01/31/2017","52.80","52.65","53.61","52.29","","0.38%"
"01/30/2017","52.60","53.19","53.50","52.45","","-1.07%"
"01/27/2017","53.17","53.81","54.16","52.66","","-1.04%"
"01/26/2017","53.73","52.98","54.09","52.81","","1.49%"
"01/25/2017","52.94","52.97","53.48","52.58","","0.04%"
"01/24/2017","52.92","52.88","53.58","52.69","","0.15%"
"01/23/2017","52.84","53.34","53.48","52.23","","0.69%"
"01/20/2017","52.48","52.98","54.42","52.91","","1.96%"
"01/19/2017","51.47","51.58","52.05","51.20","","0.06%"
"01/18/2017","51.44","52.66","52.93","51.05","","-2.08%"
"01/17/2017","52.53","52.59","53.56","52.16","","0.00%"
"01/13/2017","52.53","53.17","53.29","52.39","","-0.98%"
"01/12/2017","53.05","52.41","53.55","52.16","","1.26%"
"01/11/2017","52.39","50.87","52.84","50.81","","3.19%"
"01/10/2017","50.77","51.85","52.39","50.73","","-1.93%"
"01/09/2017","51.77","53.77","53.85","51.78","","-3.58%"
"01/06/2017","53.69","53.77","54.36","53.36","","-0.13%"
"01/05/2017","53.76","53.45","54.18","52.85","","0.77%"
"01/04/2017","53.35","52.53","53.47","52.19","","1.66%"
"01/03/2017","52.48","54.24","55.28","52.15","","-2.62%"
"12/30/2016","53.89","53.94","54.17","53.48","","0.06%"
"12/29/2016","53.86","53.69","54.23","53.48","","0.37%"
"12/28/2016","53.66","53.97","54.41","53.59","","-0.35%"
"12/27/2016","53.85","53.33","54.14","53.07","","1.15%"
"12/23/2016","53.24","52.71","53.31","52.29","","1.14%"
"12/22/2016","52.64","52.56","53.22","52.11","","0.27%"
"12/21/2016","52.50","53.61","53.84","52.37","","0.52%"
"12/20/2016","52.23","52.11","52.70","51.85","","0.38%"
"12/19/2016","52.03","52.70","53.08","52.06","","0.00%"
"12/16/2016","52.03","51.17","52.15","50.57","","1.90%"
"12/15/2016","51.06","50.82","51.51","49.98","","0.55%"
"12/14/2016","50.78","52.48","52.81","50.70","","-3.18%"
"12/13/2016","52.45","52.53","53.43","52.38","","0.06%"
"12/12/2016","52.42","52.65","54.58","52.25","","1.83%"
"12/09/2016","51.48","50.95","51.69","50.89","","1.08%"
"12/08/2016","50.93","49.93","51.03","49.66","","2.17%"
"12/07/2016","49.85","50.98","51.26","49.77","","-2.08%"
"12/06/2016","50.91","50.99","51.62","50.30","","-0.10%"
"12/05/2016","50.96","51.50","52.46","50.97","","-1.37%"
"12/02/2016","51.67","51.04","51.76","50.21","","1.57%"
"12/01/2016","50.87","49.11","51.84","49.02","","3.82%"
"11/30/2016","49.00","45.30","49.96","45.28","","8.24%"
"11/29/2016","45.27","46.95","47.04","44.88","","-3.52%"
"11/28/2016","46.92","45.50","47.72","45.22","","2.09%"
"11/25/2016","45.96","48.02","48.31","45.93","","-4.13%"
"11/23/2016","47.94","47.97","48.47","47.44","","0.15%"
"11/22/2016","47.87","48.41","49.24","47.21","","0.80%"
"11/21/2016","47.49","45.83","47.80","45.77","","4.37%"
"11/18/2016","45.50","45.12","45.96","44.74","","1.25%"
"11/17/2016","44.94","45.45","46.66","44.96","","-0.93%"
"11/16/2016","45.36","45.81","46.45","45.08","","-0.90%"
"11/15/2016","45.77","43.80","46.12","43.58","","4.71%"
"11/14/2016","43.71","43.26","43.87","42.26","","1.27%"
"11/11/2016","43.16","44.41","44.70","43.09","","-2.62%"
"11/10/2016","44.32","45.39","45.72","44.33","","-2.25%"
"11/09/2016","45.34","44.87","46.00","43.12","","1.14%"
"11/08/2016","44.83","45.00","45.42","44.44","","-0.27%"
"11/07/2016","44.95","44.49","45.05","44.15","","1.84%"
"11/04/2016","44.14","44.67","44.91","43.61","","-1.14%"
"11/03/2016","44.65","45.50","45.92","44.39","","-1.85%"
"11/02/2016","45.49","46.34","46.48","44.98","","-1.94%"
"11/01/2016","46.39","46.84","47.42","46.28","","-0.71%"
"10/31/2016","46.72","48.33","48.81","46.70","","-3.99%"
"10/28/2016","48.66","49.66","49.86","48.47","","-1.91%"
"10/27/2016","49.61","49.25","50.09","49.03","","0.85%"
"10/26/2016","49.19","49.37","50.16","48.93","","-0.28%"
"10/25/2016","49.33","50.55","50.99","49.33","","-2.24%"
"10/24/2016","50.46","50.89","51.02","49.66","","-0.96%"
"10/21/2016","50.95","50.71","51.08","50.27","","1.03%"
"10/20/2016","50.43","51.40","51.58","50.25","","-2.49%"
"10/19/2016","51.72","51.09","52.25","51.00","","1.91%"
"10/18/2016","50.75","50.08","50.83","49.80","","1.38%"
"10/17/2016","50.06","50.24","50.59","49.48","","-0.54%"
"10/14/2016","50.33","50.62","51.19","49.94","","-0.38%"
"10/13/2016","50.52","50.05","50.65","49.41","","0.98%"
"10/12/2016","50.03","50.86","51.19","49.91","","-1.59%"
"10/11/2016","50.84","51.16","51.60","50.45","","-0.59%"
"10/10/2016","51.14","49.61","51.64","49.19","","3.06%"
"10/07/2016","49.62","50.70","50.85","49.51","","-1.92%"
"10/06/2016","50.59","49.67","50.66","49.35","","1.81%"
"10/05/2016","49.69","49.27","49.98","49.11","","1.00%"
"10/04/2016","49.20","48.66","49.27","48.27","","1.11%"
"10/03/2016","48.66","48.05","49.03","47.78","","1.27%"
"09/30/2016","48.05","47.77","48.31","47.05","","0.67%"
"09/29/2016","47.73","47.22","48.34","46.62","","1.19%"
"09/28/2016","47.17","44.98","47.47","44.37","","5.01%"
"09/27/2016","44.92","45.63","45.98","44.20","","-1.58%"
"09/26/2016","45.64","44.66","46.25","44.47","","2.31%"
"09/23/2016","44.61","46.14","46.62","44.30","","-3.21%"
"09/22/2016","46.09","45.63","46.54","45.54","","1.01%"
"09/21/2016","45.63","44.52","45.67","44.52","","5.04%"
"09/20/2016","43.44","43.13","44.05","42.55","","0.44%"
"09/19/2016","43.25","43.30","44.27","43.23","","0.25%"
"09/16/2016","43.14","43.83","43.87","42.86","","-1.33%"
"09/15/2016","43.72","43.77","44.41","43.33","","0.23%"
"09/14/2016","43.62","45.02","45.34","43.44","","-3.00%"
"09/13/2016","44.97","46.08","46.14","44.78","","-2.35%"
"09/12/2016","46.05","45.59","46.52","44.73","","0.72%"
"09/09/2016","45.72","47.38","47.38","45.58","","-3.36%"
"09/08/2016","47.31","46.13","47.76","45.78","","2.54%"
"09/07/2016","46.14","44.86","46.18","44.56","","2.81%"
"09/06/2016","44.88","44.16","46.55","43.86","","1.45%"
"09/02/2016","44.24","43.63","44.76","43.24","","1.68%"
"09/01/2016","43.51","44.88","45.11","43.03","","-2.97%"
"08/31/2016","44.84","46.27","46.44","44.54","","-3.09%"
"08/30/2016","46.27","46.99","47.51","46.23","","-1.45%"
"08/29/2016","46.95","47.23","47.30","46.63","","-0.74%"
"08/26/2016","47.30","47.38","48.48","46.95","","-0.17%"
"08/25/2016","47.38","46.81","47.48","46.44","","1.28%"
"08/24/2016","46.78","47.61","47.75","46.47","","-1.66%"
"08/23/2016","47.57","47.40","48.33","46.60","","1.11%"
"08/22/2016","47.05","48.40","48.40","46.75","","-2.95%"
"08/19/2016","48.48","48.59","49.02","48.20","","0.29%"
"08/18/2016","48.34","46.95","48.44","46.69","","3.07%"
"08/17/2016","46.90","46.42","47.00","45.89","","1.10%"
"08/16/2016","46.39","45.64","46.77","45.39","","1.55%"
"08/15/2016","45.68","44.78","45.97","44.42","","2.12%"
"08/12/2016","44.73","43.52","44.84","43.37","","3.04%"
"08/11/2016","43.41","41.54","43.92","41.16","","4.65%"
"08/10/2016","41.48","42.77","43.42","41.45","","-2.93%"
"08/09/2016","42.73","42.89","43.59","42.53","","-0.33%"
"08/08/2016","42.87","42.06","43.46","41.88","","2.12%"
"08/05/2016","41.98","41.89","42.15","41.11","","0.48%"
"08/04/2016","41.78","41.20","42.12","40.47","","1.43%"
"08/03/2016","41.19","39.73","41.23","39.22","","3.70%"
"08/02/2016","39.72","40.11","40.94","39.30","","-0.82%"
"08/01/2016","40.05","41.41","41.94","39.88","","-3.21%"
"07/29/2016","41.38","41.14","41.69","40.59","","0.66%"
"07/28/2016","41.11","41.96","42.25","41.07","","-1.86%"
"07/27/2016","41.89","42.69","43.23","41.71","","-1.78%"
"07/26/2016","42.65","43.13","43.45","42.42","","-0.93%"
"07/25/2016","43.05","44.23","44.39","42.99","","-2.76%"
"07/22/2016","44.27","44.62","44.99","43.77","","-0.58%"
"07/21/2016","44.53","45.67","46.12","44.55","","-0.91%"
"07/20/2016","44.94","44.59","45.25","43.69","","1.06%"
"07/19/2016","44.47","45.35","45.80","44.66","","-1.66%"
"07/18/2016","45.22","46.20","46.22","44.94","","-2.25%"
"07/15/2016","46.26","45.58","46.38","45.10","","1.69%"
"07/14/2016","45.49","45.18","45.84","44.99","","0.84%"
"07/13/2016","45.11","46.61","46.75","44.59","","-3.24%"
"07/12/2016","46.62","44.59","46.94","44.52","","4.67%"
"07/11/2016","44.54","45.13","45.83","44.48","","-1.37%"
"07/08/2016","45.16","45.25","46.03","44.84","","-0.09%"
"07/07/2016","45.20","47.91","48.28","44.90","","-5.58%"
"07/06/2016","47.87","46.88","48.00","45.97","","2.18%"
"07/05/2016","46.85","49.16","49.41","46.38","","-4.89%"
"07/01/2016","49.26","48.41","49.33","47.93","","1.82%"
"06/30/2016","48.38","49.61","49.68","48.23","","-2.32%"
"06/29/2016","49.53","48.11","50.05","48.03","","3.02%"
"06/28/2016","48.08","46.62","48.22","46.58","","3.13%"
"06/27/2016","46.62","47.91","48.06","45.93","","-2.08%"
"06/24/2016","47.61","50.39","50.55","46.80","","-5.12%"
"06/23/2016","50.18","49.15","50.30","49.15","","2.45%"
"06/22/2016","48.98","50.25","50.58","48.44","","0.27%"
"06/21/2016","48.85","49.14","49.32","48.16","","-0.91%"
"06/20/2016","49.30","48.45","49.58","48.30","","2.24%"
"06/17/2016","48.22","46.06","48.36","45.91","","4.80%"
"06/16/2016","46.01","47.51","47.81","45.97","","-3.06%"
"06/15/2016","47.46","47.94","48.76","47.32","","-0.88%"
"06/14/2016","47.88","48.57","48.74","47.89","","-1.42%"
"06/13/2016","48.57","48.90","49.33","48.21","","-0.72%"
"06/10/2016","48.92","50.55","50.80","48.88","","-3.01%"
"06/09/2016","50.44","51.48","51.70","50.26","","-2.06%"
"06/08/2016","51.50","50.45","51.66","50.36","","2.14%"
"06/07/2016","50.42","49.73","50.56","49.47","","1.39%"
"06/06/2016","49.73","48.91","49.93","48.74","","1.80%"
"06/03/2016","48.85","49.09","49.46","48.38","","-0.35%"
"06/02/2016","49.02","48.92","49.49","47.99","","0.20%"
"06/01/2016","48.92","48.88","49.30","47.80","","0.10%"
"05/31/2016","48.87","49.59","50.15","48.86","","-1.37%"
"05/27/2016","49.55","49.38","49.67","48.75","","0.36%"
"05/26/2016","49.37","49.75","50.26","49.27","","-0.66%"
"05/25/2016","49.70","49.15","49.80","48.70","","1.14%"
"05/24/2016","49.14","48.13","49.32","47.69","","2.14%"
"05/23/2016","48.11","48.48","48.53","47.42","","1.35%"
"05/20/2016","47.47","48.67","49.25","47.91","","-2.10%"
"05/19/2016","48.49","48.28","48.69","47.14","","1.06%"
"05/18/2016","47.98","48.65","49.07","47.87","","-1.19%"
"05/17/2016","48.56","47.95","48.81","47.58","","1.40%"
"05/16/2016","47.89","46.29","47.99","46.16","","3.32%"
"05/13/2016","46.35","46.46","46.55","45.80","","-0.17%"
"05/12/2016","46.43","46.06","47.08","45.67","","0.91%"
"05/11/2016","46.01","44.63","46.39","43.99","","3.28%"
"05/10/2016","44.55","43.28","44.82","43.06","","2.98%"
"05/09/2016","43.26","45.03","45.97","43.27","","-3.03%"
"05/06/2016","44.61","44.59","45.41","43.61","","0.31%"
"05/05/2016","44.47","44.11","46.14","44.03","","0.95%"
"05/04/2016","44.05","43.87","44.90","43.24","","0.43%"
"05/03/2016","43.86","44.98","45.42","43.39","","-2.36%"
"05/02/2016","44.92","45.95","46.20","44.59","","-2.35%"
"04/29/2016","46.00","46.01","46.89","45.35","","0.28%"
"04/28/2016","45.87","45.34","46.18","44.98","","1.21%"
"04/27/2016","45.32","44.69","45.67","43.82","","1.46%"
"04/26/2016","44.67","42.98","44.85","42.52","","3.93%"
"04/25/2016","42.98","43.81","44.10","42.64","","-1.69%"
"04/22/2016","43.72","43.49","44.52","43.18","","0.67%"
"04/21/2016","43.43","44.04","44.56","43.12","","1.88%"
"04/20/2016","42.63","40.80","42.91","39.85","","3.32%"
"04/19/2016","41.26","40.54","42.03","40.08","","3.02%"
"04/18/2016","40.05","38.90","40.39","37.76","","-0.89%"
"04/15/2016","40.41","41.46","41.76","40.01","","-2.51%"
"04/14/2016","41.45","41.57","42.19","40.87","","-0.24%"
"04/13/2016","41.55","41.66","42.45","41.27","","-0.26%"
"04/12/2016","41.66","40.38","42.28","40.12","","3.25%"
"04/11/2016","40.35","39.76","40.79","39.29","","1.71%"
"04/08/2016","39.67","37.54","39.86","37.47","","5.84%"
"04/07/2016","37.48","37.81","38.35","36.74","","-0.66%"
"04/06/2016","37.73","36.58","37.95","36.48","","3.17%"
"04/05/2016","36.57","35.52","36.60","35.26","","3.07%"
"04/04/2016","35.48","36.63","37.23","35.48","","-3.32%"
"04/01/2016","36.70","38.22","38.64","36.70","","-3.73%"
"03/31/2016","38.12","38.38","39.12","37.65","","-0.44%"
"03/30/2016","38.29","38.55","39.88","38.17","","-0.52%"
"03/29/2016","38.49","39.34","39.50","37.93","","-2.14%"
"03/28/2016","39.33","39.61","40.20","38.92","","-0.48%"
"03/24/2016","39.52","39.82","39.87","38.42","","-0.63%"
"03/23/2016","39.77","41.21","41.37","39.70","","-3.56%"
"03/22/2016","41.24","41.65","41.95","40.83","","3.33%"
"03/21/2016","39.91","39.06","40.30","38.61","","-1.53%"
"03/18/2016","40.53","41.72","42.67","40.62","","0.47%"
"03/17/2016","40.34","38.66","40.42","38.53","","4.64%"
"03/16/2016","38.55","36.80","38.69","36.66","","4.84%"
"03/15/2016","36.77","37.44","37.47","36.03","","-1.58%"
"03/14/2016","37.36","38.22","38.81","36.72","","-2.91%"
"03/11/2016","38.48","38.02","39.05","37.95","","1.21%"
"03/10/2016","38.02","38.20","38.50","37.23","","-0.47%"
"03/09/2016","38.20","36.38","38.53","36.27","","5.06%"
"03/08/2016","36.36","38.00","38.45","36.19","","-4.24%"
"03/07/2016","37.97","36.22","38.13","36.11","","4.57%"
"03/04/2016","36.31","34.70","36.38","34.44","","4.67%"
"03/03/2016","34.69","34.77","35.36","34.22","","-0.14%"
"03/02/2016","34.74","33.92","35.20","33.58","","2.63%"
"03/01/2016","33.85","33.95","34.81","33.42","","-0.18%"
"02/29/2016","33.91","32.77","34.03","32.38","","3.42%"
"02/26/2016","32.79","33.20","34.85","32.80","","-0.85%"
"02/25/2016","33.07","32.23","33.53","31.11","","2.67%"
"02/24/2016","32.21","31.32","32.44","30.60","","2.58%"
"02/23/2016","31.40","33.39","33.58","31.27","","-0.25%"
"02/22/2016","31.48","29.72","32.05","29.48","","5.39%"
"02/19/2016","29.87","31.23","31.37","29.69","","-2.70%"
"02/18/2016","30.70","31.55","32.17","30.46","","-2.32%"
"02/17/2016","31.43","29.16","31.50","28.75","","7.93%"
"02/16/2016","29.12","29.12","31.57","28.74","","0.00%"
"02/12/2016","29.12","27.34","29.70","26.99","","6.98%"
"02/11/2016","27.22","27.47","27.61","26.18","","-0.29%"
"02/10/2016","27.30","28.42","29.28","27.30","","-3.53%"
"02/09/2016","28.30","30.25","30.69","27.82","","-6.17%"
"02/08/2016","30.16","31.01","31.42","29.61","","-2.68%"
"02/05/2016","30.99","31.70","32.51","30.69","","-2.12%"
"02/04/2016","31.66","32.77","33.66","31.59","","-3.24%"
"02/03/2016","32.72","29.78","32.78","29.43","","10.32%"
"02/02/2016","29.66","31.43","31.59","29.63","","-5.33%"
"02/01/2016","31.33","33.86","34.21","31.32","","-7.17%"
"01/29/2016","33.75","33.73","34.43","32.68","","0.00%"
"01/28/2016","33.75","32.22","34.86","31.77","","4.91%"
"01/27/2016","32.17","30.62","32.92","30.21","","5.41%"
"01/26/2016","30.52","29.84","32.43","29.27","","2.42%"
"01/25/2016","29.80","32.10","32.79","29.73","","-7.60%"
"01/22/2016","32.25","29.88","32.39","29.57","","8.04%"
"01/21/2016","29.85","28.40","30.30","27.91","","12.43%"
"01/20/2016","26.55","28.33","28.58","26.19","","-6.45%"
"01/19/2016","28.38","29.38","30.40","28.40","","-4.48%"
"01/15/2016","29.71","31.25","31.25","29.20","","-4.84%"
"01/14/2016","31.22","30.62","31.79","30.30","","2.19%"
"01/13/2016","30.55","30.62","31.80","30.19","","-0.07%"
"01/12/2016","30.57","31.23","32.34","30.05","","-1.77%"
"01/11/2016","31.12","32.96","33.23","30.90","","-5.44%"
"01/08/2016","32.91","33.34","34.39","32.69","","-1.08%"
"01/07/2016","33.27","34.11","34.27","32.12","","-2.26%"
"01/06/2016","34.04","36.21","36.42","33.80","","-5.76%"
"01/05/2016","36.12","36.93","37.13","35.77","","-2.09%"
"01/04/2016","36.89","37.64","38.42","36.36","","-0.59%"
"12/31/2015","37.11","36.90","37.88","36.31","","0.84%"
"12/30/2015","36.80","37.41","37.45","36.45","","-1.50%"
"12/29/2015","37.36","36.74","37.98","36.70","","1.83%"
"12/28/2015","36.69","38.02","38.11","36.62","","-3.73%"
"12/24/2015","38.11","37.96","38.38","37.48","","0.58%"
"12/23/2015","37.89","36.54","38.02","36.35","","3.95%"
"12/22/2015","36.45","35.84","36.59","35.70","","4.92%"
"12/21/2015","34.74","34.58","34.86","33.98","","0.72%"
"12/18/2015","34.49","35.03","35.73","34.45","","-0.66%"
"12/17/2015","34.72","35.92","35.96","34.75","","-2.80%"
"12/16/2015","35.72","36.86","37.42","35.36","","-2.78%"
"12/15/2015","36.74","36.34","37.90","36.05","","1.35%"
"12/14/2015","36.25","35.45","36.75","34.58","","2.52%"
"12/11/2015","35.36","36.67","36.88","35.19","","-3.28%"
"12/10/2015","36.56","37.30","37.56","36.41","","-1.80%"
"12/09/2015","37.23","37.91","39.04","36.91","","-1.61%"
"12/08/2015","37.84","37.70","38.60","36.66","","0.53%"
"12/07/2015","37.64","40.12","40.17","37.52","","-6.25%"
"12/04/2015","40.15","41.34","42.03","39.63","","-2.74%"
"12/03/2015","41.28","40.17","41.80","40.09","","2.94%"
"12/02/2015","40.10","41.71","41.99","39.86","","-3.74%"
"12/01/2015","41.66","41.75","42.25","41.19","","-0.07%"
"11/30/2015","41.69","41.79","42.62","41.52","","-0.17%"
"11/27/2015","41.76","43.27","43.32","41.69","","-3.33%"
"11/25/2015","43.20","42.70","43.27","41.73","","1.31%"
"11/24/2015","42.64","42.08","43.50","41.90","","1.45%"
"11/23/2015","42.03","41.55","42.81","40.47","","4.06%"
"11/20/2015","40.39","40.54","40.99","38.99","","-0.35%"
"11/19/2015","40.53","40.82","41.15","39.99","","-0.15%"
"11/18/2015","40.59","41.52","41.95","40.31","","-1.14%"
"11/17/2015","41.06","42.05","42.12","40.66","","-2.33%"
"11/16/2015","42.04","40.99","42.32","40.13","","3.17%"
"11/13/2015","40.75","41.64","42.24","40.25","","-2.07%"
"11/12/2015","41.61","43.08","43.36","41.58","","-3.21%"
"11/11/2015","42.99","43.72","44.20","42.71","","-1.51%"
"11/10/2015","43.65","44.14","44.80","43.61","","-1.02%"
"11/09/2015","44.10","44.55","45.15","43.67","","-1.01%"
"11/06/2015","44.55","45.46","45.70","44.16","","-1.70%"
"11/05/2015","45.32","46.66","46.74","45.21","","-2.62%"
"11/04/2015","46.54","47.78","48.32","46.21","","-2.43%"
"11/03/2015","47.70","46.20","48.45","46.05","","3.52%"
"11/02/2015","46.08","46.48","46.78","45.62","","-0.73%"
"10/30/2015","46.42","45.81","47.10","45.55","","1.53%"
"10/29/2015","45.72","46.14","46.86","45.23","","-1.02%"
"10/28/2015","46.19","43.48","46.26","43.10","","6.38%"
"10/27/2015","43.42","43.83","43.96","42.63","","-0.80%"
"10/26/2015","43.77","44.82","45.02","43.72","","-2.12%"
"10/23/2015","44.72","45.52","45.83","44.28","","-1.54%"
"10/22/2015","45.42","45.35","46.18","44.98","","0.49%"
"10/21/2015","45.20","45.96","46.16","44.94","","-0.77%"
"10/20/2015","45.55","46.25","46.52","45.23","","-1.15%"
"10/19/2015","46.08","47.45","47.67","46.03","","-2.52%"
"10/16/2015","47.27","46.91","47.55","46.20","","0.68%"
"10/15/2015","46.95","46.43","47.17","45.38","","1.40%"
"10/14/2015","46.30","46.81","47.09","46.06","","-0.64%"
"10/13/2015","46.60","47.56","48.53","46.54","","-1.77%"
"10/12/2015","47.44","49.57","50.19","47.10","","-4.22%"
"10/09/2015","49.53","49.75","50.98","49.23","","-0.24%"
"10/08/2015","49.65","48.18","50.14","47.83","","3.16%"
"10/07/2015","48.13","49.08","49.79","47.78","","-1.88%"
"10/06/2015","49.05","46.23","49.11","45.77","","6.05%"
"10/05/2015","46.25","45.72","47.00","45.28","","1.29%"
"10/02/2015","45.66","45.12","45.87","44.02","","1.35%"
"10/01/2015","45.05","45.44","47.16","44.69","","-0.79%"
"09/30/2015","45.41","45.01","45.94","44.77","","1.23%"
"09/29/2015","44.86","44.54","45.74","44.34","","0.92%"
"09/28/2015","44.45","45.43","45.55","44.35","","-2.18%"
"09/25/2015","45.44","45.16","46.48","44.97","","0.75%"
"09/24/2015","45.10","44.70","45.26","43.79","","1.08%"
"09/23/2015","44.62","46.57","47.18","44.44","","-2.64%"
"09/22/2015","45.83","46.45","46.48","45.14","","0.57%"
"09/21/2015","45.57","46.14","47.91","45.86","","1.79%"
"09/18/2015","44.77","47.26","47.40","44.61","","-4.46%"
"09/17/2015","46.86","47.19","47.77","46.39","","-0.68%"
"09/16/2015","47.18","45.23","47.42","44.89","","4.47%"
"09/15/2015","45.16","44.13","45.27","43.95","","2.26%"
"09/14/2015","44.16","44.83","45.02","43.64","","-1.38%"
"09/11/2015","44.78","45.74","45.91","44.19","","-2.01%"
"09/10/2015","45.70","44.21","46.09","43.41","","3.65%"
"09/09/2015","44.09","45.83","46.30","44.08","","-3.63%"
"09/08/2015","45.75","45.89","46.48","44.22","","0.11%"
"09/04/2015","45.70","46.78","47.33","45.72","","-2.08%"
"09/03/2015","46.67","46.14","48.45","45.67","","1.32%"
"09/02/2015","46.06","44.34","46.85","43.29","","4.28%"
"09/01/2015","44.17","48.15","48.92","44.20","","-8.28%"
"08/31/2015","48.16","45.01","49.34","43.61","","6.08%"
"08/28/2015","45.40","42.80","46.02","41.91","","6.05%"
"08/27/2015","42.81","39.03","42.93","39.02","","10.08%"
"08/26/2015","38.89","39.73","39.91","38.56","","-1.74%"
"08/25/2015","39.58","38.28","40.00","38.27","","3.80%"
"08/24/2015","38.13","40.39","40.56","37.84","","-5.50%"
"08/21/2015","40.35","41.12","41.49","39.95","","-1.92%"
"08/20/2015","41.14","40.58","41.48","40.21","","1.58%"
"08/19/2015","40.50","42.81","43.08","40.80","","-4.53%"
"08/18/2015","42.42","42.06","43.08","41.61","","1.34%"
"08/17/2015","41.86","42.20","42.72","41.67","","-0.71%"
"08/14/2015","42.16","42.28","43.02","41.41","","-0.14%"
"08/13/2015","42.22","43.39","43.77","41.96","","-2.63%"
"08/12/2015","43.36","43.35","43.95","42.88","","0.30%"
"08/11/2015","43.23","44.86","45.39","42.73","","-3.50%"
"08/10/2015","44.80","43.67","45.10","43.44","","2.31%"
"08/07/2015","43.79","44.91","45.25","43.79","","-2.32%"
"08/06/2015","44.83","45.20","45.31","44.25","","-0.73%"
"08/05/2015","45.16","46.02","46.76","44.88","","-1.78%"
"08/04/2015","45.98","45.41","46.28","45.34","","1.48%"
"08/03/2015","45.31","46.94","47.02","45.16","","-3.12%"
"07/31/2015","46.77","48.56","48.71","46.80","","-3.47%"
"07/30/2015","48.45","48.88","49.41","48.39","","-0.90%"
"07/29/2015","48.89","47.86","49.56","47.44","","2.28%"
"07/28/2015","47.80","47.08","48.49","46.73","","1.70%"
"07/27/2015","47.00","48.03","48.23","46.94","","-2.02%"
"07/24/2015","47.97","48.85","49.09","47.78","","-1.72%"
"07/23/2015","48.81","49.29","49.69","48.27","","-0.77%"
"07/22/2015","49.19","50.75","50.75","49.08","","-2.32%"
"07/21/2015","50.36","49.95","51.02","49.77","","0.96%"
"07/20/2015","49.88","51.03","51.53","50.12","","-1.81%"
"07/17/2015","50.80","50.98","51.30","50.21","","-0.35%"
"07/16/2015","50.98","51.73","52.29","50.96","","-1.24%"
"07/15/2015","51.62","53.45","53.55","51.27","","-3.28%"
"07/14/2015","53.37","52.02","53.45","50.90","","2.58%"
"07/13/2015","52.03","52.19","53.20","51.30","","-1.48%"
"07/10/2015","52.81","52.49","53.90","51.97","","0.49%"
"07/09/2015","52.55","51.91","53.62","51.55","","1.33%"
"07/08/2015","51.86","52.97","53.03","50.97","","-1.98%"
"07/07/2015","52.91","52.84","53.52","50.66","","0.44%"
"07/06/2015","52.68","56.45","56.82","52.44","","-6.76%"
"07/02/2015","56.50","56.89","57.98","56.53","","-0.60%"
"07/01/2015","56.84","59.02","59.02","56.72","","-3.66%"
"06/30/2015","59.00","58.41","59.83","58.08","","1.29%"
"06/29/2015","58.25","58.90","59.33","58.10","","-2.23%"
"06/26/2015","59.58","59.74","60.04","58.84","","-0.12%"
"06/25/2015","59.65","60.27","60.51","59.48","","-0.95%"
"06/24/2015","60.22","61.20","61.62","59.86","","-1.46%"
"06/23/2015","61.11","60.28","61.56","59.61","","2.40%"
"06/22/2015","59.68","59.44","60.30","58.93","","0.67%"
"06/19/2015","59.28","60.78","60.84","59.16","","-2.03%"
"06/18/2015","60.51","59.85","60.96","59.32","","1.19%"
"06/17/2015","59.80","60.12","61.47","58.94","","-0.42%"
"06/16/2015","60.05","59.66","60.42","59.48","","0.74%"
"06/15/2015","59.61","59.94","60.02","58.77","","-0.60%"
"06/12/2015","59.97","60.59","60.67","59.77","","-0.93%"
"06/11/2015","60.53","61.20","61.59","60.27","","-0.95%"
"06/10/2015","61.11","60.61","61.86","60.48","","0.96%"
"06/09/2015","60.53","58.33","60.70","58.25","","3.81%"
"06/08/2015","58.31","59.05","59.22","57.95","","-1.04%"
"06/05/2015","58.92","58.03","59.27","56.86","","1.60%"
"06/04/2015","57.99","59.66","60.02","57.91","","-2.73%"
"06/03/2015","59.62","61.07","61.48","59.39","","-2.34%"
"06/02/2015","61.05","60.20","61.60","60.12","","1.40%"
"06/01/2015","60.21","60.32","60.67","59.36","","-0.15%"
"05/29/2015","60.30","58.06","60.80","57.81","","4.00%"
"05/28/2015","57.98","57.66","58.10","56.54","","0.68%"
"05/27/2015","57.59","58.45","59.09","57.49","","-1.27%"
"05/26/2015","58.33","60.10","60.30","57.76","","-2.73%"
"05/22/2015","59.97","60.69","60.83","59.39","","-1.15%"
"05/21/2015","60.67","58.84","60.97","58.72","","3.25%"
"05/20/2015","58.76","58.35","59.07","58.13","","2.62%"
"05/19/2015","57.26","59.54","59.63","57.09","","-4.09%"
"05/18/2015","59.70","60.25","61.28","59.46","","-0.23%"
"05/15/2015","59.84","59.80","60.10","58.55","","0.23%"
"05/14/2015","59.70","60.15","60.89","59.41","","-0.68%"
"05/13/2015","60.11","61.30","61.92","60.09","","-1.73%"
"05/12/2015","61.17","59.30","61.39","59.15","","3.15%"
"05/11/2015","59.30","59.52","59.95","58.84","","-0.25%"
"05/08/2015","59.45","59.11","59.98","58.23","","0.80%"
"05/07/2015","58.98","60.72","61.34","58.53","","-2.71%"
"05/06/2015","60.62","60.81","62.67","60.63","","-0.08%"
"05/05/2015","60.67","58.98","61.13","58.66","","2.87%"
"05/04/2015","58.98","59.36","59.79","58.52","","-0.44%"
"05/01/2015","59.24","59.93","60.04","58.46","","-0.84%"
"04/30/2015","59.74","58.60","59.90","58.43","","1.95%"
"04/29/2015","58.60","57.00","59.40","56.61","","2.88%"
"04/28/2015","56.96","56.71","57.89","56.13","","0.49%"
"04/27/2015","56.68","57.37","57.96","56.59","","-1.34%"
"04/24/2015","57.45","57.59","58.01","56.55","","-0.03%"
"04/23/2015","57.47","56.35","58.48","55.83","","2.17%"
"04/22/2015","56.25","56.43","57.28","55.82","","1.79%"
"04/21/2015","55.26","56.41","56.91","55.01","","-2.47%"
"04/20/2015","56.66","56.82","57.83","55.51","","0.96%"
"04/17/2015","56.12","56.63","56.95","55.38","","-0.76%"
"04/16/2015","56.55","55.97","57.47","55.12","","1.05%"
"04/15/2015","55.96","53.61","56.75","53.45","","4.62%"
"04/14/2015","53.49","52.13","53.88","51.91","","2.87%"
"04/13/2015","52.00","51.84","53.12","51.50","","0.41%"
"04/10/2015","51.79","50.81","52.01","50.16","","2.09%"
"04/09/2015","50.73","51.11","52.17","50.61","","-0.41%"
"04/08/2015","50.94","53.24","53.29","50.43","","-4.37%"
"04/07/2015","53.27","52.02","54.20","51.23","","2.50%"
"04/06/2015","51.97","49.53","52.30","49.53","","4.95%"
"04/02/2015","49.52","49.66","50.34","48.18","","-0.18%"
"04/01/2015","49.61","47.63","50.53","47.13","","4.40%"
"03/31/2015","47.52","48.85","48.85","47.41","","-2.48%"
"03/30/2015","48.73","48.61","49.19","47.64","","0.81%"
"03/27/2015","48.34","51.12","51.49","48.32","","-5.16%"
"03/26/2015","50.97","49.06","52.52","48.77","","4.06%"
"03/25/2015","48.98","47.76","49.50","47.04","","2.79%"
"03/24/2015","47.65","47.56","48.66","46.77","","0.51%"
"03/23/2015","47.41","46.50","47.70","45.42","","3.70%"
"03/20/2015","45.72","43.99","46.53","43.31","","3.21%"
"03/19/2015","44.30","45.30","45.41","43.45","","-0.89%"
"03/18/2015","44.70","42.66","45.49","42.18","","5.33%"
"03/17/2015","42.44","43.88","44.23","42.44","","-3.24%"
"03/16/2015","43.86","44.89","45.08","42.92","","-2.49%"
"03/13/2015","44.98","46.98","47.34","44.80","","-4.18%"
"03/12/2015","46.94","48.49","48.81","46.91","","-3.02%"
"03/11/2015","48.40","48.82","49.10","47.38","","-0.64%"
"03/10/2015","48.71","50.16","50.44","48.28","","-2.64%"
"03/09/2015","50.03","49.64","50.83","49.30","","0.44%"
"03/06/2015","49.81","50.92","51.25","48.91","","-2.18%"
"03/05/2015","50.92","51.69","52.47","50.68","","-1.39%"
"03/04/2015","51.64","50.66","52.04","49.65","","1.99%"
"03/03/2015","50.63","49.89","50.92","49.55","","1.75%"
"03/02/2015","49.76","49.50","51.09","48.76","","0.71%"
"02/27/2015","49.41","49.16","50.13","48.66","","1.00%"
"02/26/2015","48.92","51.03","51.25","47.83","","-4.21%"
"02/25/2015","51.07","49.21","51.33","48.48","","3.99%"
"02/24/2015","49.11","49.50","50.41","48.76","","-0.61%"
"02/23/2015","49.41","50.78","51.03","48.70","","-3.06%"
"02/20/2015","50.97","54.17","54.78","52.84","","-1.41%"
"02/19/2015","51.70","50.94","52.53","49.55","","2.30%"
"02/18/2015","50.54","53.40","53.57","50.48","","-5.05%"
"02/17/2015","53.23","52.77","54.16","50.83","","1.33%"
"02/13/2015","52.53","51.61","53.69","51.30","","2.50%"
"02/12/2015","51.25","49.58","51.75","49.30","","3.81%"
"02/11/2015","49.37","51.07","51.23","48.14","","-3.14%"
"02/10/2015","50.97","52.49","52.71","49.92","","-2.80%"
"02/09/2015","52.44","52.05","54.03","51.69","","0.46%"
"02/06/2015","52.20","51.02","53.32","50.88","","2.80%"
"02/05/2015","50.78","48.86","52.28","47.55","","4.27%"
"02/04/2015","48.70","51.70","52.59","47.98","","-5.66%"
"02/03/2015","51.62","49.85","54.30","49.75","","3.57%"
"02/02/2015","49.84","47.65","50.62","46.73","","4.33%"
"01/30/2015","47.77","44.71","48.43","44.39","","7.11%"
"01/29/2015","44.60","44.49","45.02","43.64","","0.45%"
"01/28/2015","44.40","45.86","45.86","44.11","","-3.01%"
"01/27/2015","45.78","45.17","46.59","44.86","","1.53%"
"01/26/2015","45.09","45.21","46.42","44.36","","-0.53%"
"01/23/2015","45.33","46.69","47.82","45.27","","-2.54%"
"01/22/2015","46.51","47.39","49.13","45.91","","-1.77%"
"01/21/2015","47.35","46.74","48.25","46.60","","2.07%"
"01/20/2015","46.39","48.69","48.77","45.89","","-4.29%"
"01/16/2015","48.47","46.81","49.33","46.41","","4.82%"
"01/15/2015","46.24","48.64","51.31","46.11","","-4.90%"
"01/14/2015","48.62","46.20","48.95","45.05","","5.40%"
"01/13/2015","46.13","45.73","46.83","44.24","","0.94%"
"01/12/2015","45.70","48.22","48.22","45.65","","-5.19%"
"01/09/2015","48.20","49.03","49.72","47.27","","-1.57%"
"01/08/2015","48.97","48.86","49.73","47.81","","0.39%"
"01/07/2015","48.78","48.05","49.36","46.88","","1.56%"
"01/06/2015","48.03","50.03","50.40","47.58","","-3.77%"
"01/05/2015","49.91","52.73","52.84","49.80","","-5.28%"
"01/02/2015","52.69","53.93","55.28","52.20","","-2.03%"